page_number,x,y,text
3,5.422,16.364,1 Pole
3,5.423,17.291,2 Pole
3,5.423,18.217,3 Pole
4,5.424,38.215,G120C Compact
4,5.424,39.142,G120 Modular
6,5.435,33.714,Ri4Power
8,5.424,13.979,RS-485 Data Cables
8,5.425,14.906,RS-422 Data Cables
8,5.426,15.832,RS-232 Data Cables
19,18.914,5.978,5SL6101-7CC
19,29.001,5.978,5SL4101-7CC
19,18.914,7.041,5SL6102-7CC
19,29.001,7.041,5SL4102-7CC
19,18.914,8.104,5SL6104-7CC
19,29.001,8.104,5SL4104-7CC
19,18.914,9.168,5SL6106-7CC
19,29.001,9.168,5SL4106-7CC
19,18.914,10.231,5SL6110-7CC
19,29.001,10.231,5SL4110-7CC
19,18.914,11.294,5SL6116-7CC
19,29.001,11.294,5SL4116-7CC
19,18.914,12.357,5SL6120-7CC
19,29.001,12.357,5SL4120-7CC
19,18.914,13.428,5SL6125-7CC
19,29.001,13.428,5SL4125-7CC
19,18.914,14.499,5SL6132-7CC
19,29.001,14.499,5SL4132-7CC
19,18.914,15.562,5SL6140-7CC
19,29.001,15.562,5SL4140-7CC
19,18.914,16.625,5SL6150-7CC
19,29.001,16.625,5SL4150-7CC
19,18.914,17.688,5SL6163-7CC
19,29.001,17.688,5SL4163-7CC
19,18.914,20.214,5SL6201-7CC
19,29.001,20.214,5SL4201-7CC
19,18.914,21.277,5SL6202-7CC
19,29.001,21.277,5SL4202-7CC
19,18.914,22.34,5SL6204-7CC
19,29.001,22.34,5SL4204-7CC
19,18.914,23.403,5SL6206-7CC
19,29.001,23.403,5SL4206-7CC
19,18.914,24.467,5SL6210-7CC
19,29.001,24.467,5SL4210-7CC
19,18.914,25.53,5SL6216-7CC
19,29.001,25.53,5SL4216-7CC
19,18.914,26.593,5SL6220-7CC
19,29.001,26.593,5SL4220-7CC
19,18.914,27.656,5SL6225-7CC
19,29.001,27.656,5SL4225-7CC
19,18.914,28.719,5SL6232-7CC
19,29.001,28.719,5SL4232-7CC
19,18.914,29.782,5SL6240-7CC
19,29.001,29.782,5SL4240-7CC
19,18.914,30.845,5SL6250-7CC
19,29.001,30.845,5SL4250-7CC
19,18.914,31.908,5SL6263-7CC
19,29.001,31.908,5SL4263-7CC
19,18.918,34.434,5SL6301-7CC
19,29.001,34.434,5SL4301-7CC
19,18.918,35.497,5SL6302-7CC
19,29.001,35.497,5SL4302-7CC
19,18.919,36.56,5SL6304-7CC
19,29.002,36.56,5SL4304-7CC
19,18.919,37.624,5SL6306-7CC
19,29.002,37.624,5SL4306-7CC
19,18.919,38.687,5SL6310-7CC
19,29.002,38.687,5SL4310-7CC
19,18.919,39.75,5SL6316-7CC
19,29.002,39.75,5SL4316-7CC
19,18.919,40.813,5SL6320-7CC
19,29.002,40.813,5SL4320-7CC
19,18.919,41.876,5SL6325-7CC
19,29.002,41.876,5SL4325-7CC
19,18.919,42.939,5SL6332-7CC
19,29.002,42.939,5SL4332-7CC
19,18.919,44.002,5SL6340-7CC
19,29.002,44.002,5SL4340-7CC
19,18.919,45.065,5SL6350-7CC
19,29.002,45.065,5SL4350-7CC
19,18.919,46.129,5SL6363-7CC
19,29.002,46.129,5SL4363-7CC
20,18.892,5.535,5SY6101-7CC
20,28.978,5.535,5SY4101-7CC
20,18.892,6.421,5SY6102-7CC
20,28.978,6.421,5SY4102-7CC
20,18.892,7.307,5SY6104-7CC
20,28.978,7.307,5SY4104-7CC
20,18.892,8.193,5SY6106-7CC
20,28.978,8.193,5SY4106-7CC
20,18.892,9.079,5SY6110-7CC
20,28.978,9.079,5SY4110-7CC
20,18.892,9.965,5SY6116-7CC
20,28.978,9.965,5SY4116-7CC
20,18.892,10.851,5SY6120-7CC
20,28.978,10.851,5SY4120-7CC
20,18.892,11.737,5SY6125-7CC
20,28.978,11.737,5SY4125-7CC
20,18.892,12.623,5SY6132-7CC
20,28.978,12.623,5SY4132-7CC
20,18.892,13.509,5SY6140-7CC
20,28.978,13.509,5SY4140-7CC
20,18.892,14.395,5SY6150-7CC
20,28.978,14.395,5SY4150-7CC
20,18.892,15.281,5SY6163-7CC
20,28.978,15.281,5SY4163-7CC
20,29.293,17.452,5SP4180-7
20,29.293,18.338,5SP4191-7
20,29.293,19.224,5SP4192-7
20,18.892,21.397,5SY6201-7CC
20,28.979,21.397,5SY4201-7CC
20,18.892,22.282,5SY6202-7CC
20,28.979,22.282,5SY4202-7CC
20,18.892,23.168,5SY6204-7CC
20,28.979,23.168,5SY4204-7CC
20,18.892,24.054,5SY6206-7CC
20,28.979,24.054,5SY4206-7CC
20,18.892,24.94,5SY6210-7CC
20,28.979,24.94,5SY4210-7CC
20,18.892,25.826,5SY6216-7CC
20,28.979,25.826,5SY4216-7CC
20,18.892,26.712,5SY6220-7CC
20,28.979,26.712,5SY4220-7CC
20,18.892,27.598,5SY6225-7CC
20,28.979,27.598,5SY4225-7CC
20,18.892,28.484,5SY6232-7CC
20,28.979,28.484,5SY4232-7CC
20,18.892,29.37,5SY6240-7CC
20,28.979,29.37,5SY4240-7CC
20,18.892,30.256,5SY6250-7CC
20,28.979,30.256,5SY4250-7CC
20,18.892,31.142,5SY6263-7CC
20,28.979,31.142,5SY4263-7CC
20,18.892,33.314,5SY6301-7CC
20,28.979,33.314,5SY4301-7CC
20,18.892,34.199,5SY6302-7CC
20,28.979,34.199,5SY4302-7CC
20,18.892,35.085,5SY6304-7CC
20,28.979,35.085,5SY4304-7CC
20,18.892,35.971,5SY6306-7CC
20,28.979,35.971,5SY4306-7CC
20,18.892,36.857,5SY6310-7CC
20,28.979,36.857,5SY4310-7CC
20,18.892,37.743,5SY6316-7CC
20,28.979,37.743,5SY4316-7CC
20,18.892,38.629,5SY6320-7CC
20,28.979,38.629,5SY4320-7CC
20,18.892,39.515,5SY6325-7CC
20,28.979,39.515,5SY4325-7CC
20,18.892,40.401,5SY6332-7CC
20,28.979,40.401,5SY4332-7CC
20,18.892,41.287,5SY6340-7CC
20,28.979,41.287,5SY4340-7CC
20,18.892,42.173,5SY6350-7CC
20,28.979,42.173,5SY4350-7CC
20,18.892,43.059,5SY6363-7CC
20,28.979,43.059,5SY4363-7CC
20,29.291,46.116,5SP4380-7
20,29.29,47.002,5SP4391-7
20,29.29,47.888,5SP4392-7
21,26.458,5.535,5SY4104-8CC
21,26.458,6.421,5SY4106-8CC
21,26.458,7.307,5SY4110-8CC
21,26.458,8.193,5SY4116-8CC
21,26.458,9.079,5SY4120-8CC
21,26.458,9.965,5SY4125-8CC
21,26.458,10.851,5SY4132-8CC
21,26.458,11.737,5SY4140-8CC
21,26.458,12.623,5SY4150-8CC
21,26.458,13.509,5SY4163-8CC
21,26.458,15.68,5SY4304-8CC
21,26.458,16.566,5SY4306-8CC
21,26.458,17.452,5SY4310-8CC
21,26.458,18.338,5SY4316-8CC
21,26.458,19.224,5SY4320-8CC
21,26.458,20.11,5SY4325-8CC
21,26.458,20.996,5SY4332-8CC
21,26.458,21.882,5SY4340-8CC
21,26.458,22.768,5SY4350-8CC
21,26.458,23.654,5SY4363-8CC
21,26.458,27.269,5SY5102-7CC
21,26.458,28.155,5SY5104-7CC
21,26.458,29.04,5SY5106-7CC
21,26.458,29.926,5SY5110-7CC
21,26.458,30.812,5SY5116-7CC
21,26.458,31.698,5SY5120-7CC
21,26.458,32.584,5SY5125-7CC
21,26.458,33.47,5SY5132-7CC
21,26.458,34.356,5SY5140-7CC
21,26.458,35.242,5SY5150-7CC
21,26.458,36.128,5SY5163-7CC
21,26.458,38.3,5SY5202-7CC
21,26.458,39.186,5SY5204-7CC
21,26.458,40.072,5SY5206-7CC
21,26.458,40.958,5SY5210-7CC
21,26.458,41.843,5SY5216-7CC
21,26.458,42.729,5SY5220-7CC
21,26.458,43.615,5SY5225-7CC
21,26.458,44.501,5SY5232-7CC
21,26.458,45.387,5SY5240-7CC
21,26.458,46.273,5SY5250-7CC
21,26.458,47.159,5SY5263-7CC
22,17.578,4.595,5SU9304-7KK06
22,17.578,5.569,5SU9304-7KK10
22,17.578,6.544,5SU9304-7KK16
22,17.578,7.518000000000001,5SU9304-7KK20
22,17.578,8.493,5SU9304-7KK25
22,17.578,9.467,5SU9304-7KK32
22,17.578,10.442,5SU9304-7KK40
22,17.609,12.983,5SV9316-7PK06
22,17.609,13.958,5SV9316-7PK10
22,17.609,14.932,5SV9316-7PK16
22,17.609,15.907,5SV9316-7PK20
22,17.609,16.882,5SV9316-7PK32
22,17.571,19.424,5SV9316-7NK06
22,17.571,20.398,5SV9316-7NK10
22,17.571,21.373,5SV9316-7NK16
22,17.571,22.347,5SV9316-7NK20
22,17.571,23.322,5SV9316-7NK25
22,17.571,24.296,5SV9316-7NK32
22,17.818,26.838,5SU3 0630 FN
22,17.818,27.813,5SU3 1030 FN
22,17.818,28.787,5SU3 1630 FN
22,17.818,29.762,5SU3 2030 FN
22,17.818,30.736,5SU3 2530 FN
22,17.818,31.711,5SU3 3230 FN
22,17.818,32.685,5SU3 4030 FN
22,17.818,33.66,5SU3 5030 FN
22,17.818,34.634,5SU3 6330 FN
22,17.578,37.176,5SU9354-7KK06
22,17.578,38.15,5SU9354-7KK10
22,17.578,39.125,5SU9354-7KK16
22,17.578,40.099,5SU9354-7KK20
22,17.578,41.074,5SU9354-7KK25
22,17.578,42.048,5SU9354-7KK32
22,17.578,43.023,5SU9354-7KK40
23,-19.626,4.595,5SU9304-7KK06
23,-19.626,5.569,5SU9304-7KK10
23,-19.626,6.544,5SU9304-7KK16
23,-19.626,7.518000000000001,5SU9304-7KK20
23,-19.626,8.493,5SU9304-7KK25
23,-19.626,9.467,5SU9304-7KK32
23,-19.626,10.442,5SU9304-7KK40
23,-19.595,12.983,5SV9316-7PK06
23,-19.595,13.958,5SV9316-7PK10
23,-19.595,14.932,5SV9316-7PK16
23,-19.595,15.907,5SV9316-7PK20
23,-19.595,16.882,5SV9316-7PK32
23,-19.633,19.424,5SV9316-7NK06
23,-19.633,20.398,5SV9316-7NK10
23,-19.633,21.373,5SV9316-7NK16
23,-19.633,22.347,5SV9316-7NK20
23,-19.633,23.322,5SV9316-7NK25
23,-19.633,24.296,5SV9316-7NK32
23,-19.387,26.838,5SU3 0630 FN
23,-19.387,27.813,5SU3 1030 FN
23,-19.387,28.787,5SU3 1630 FN
23,-19.387,29.762,5SU3 2030 FN
23,-19.387,30.736,5SU3 2530 FN
23,-19.387,31.711,5SU3 3230 FN
23,-19.387,32.685,5SU3 4030 FN
23,-19.387,33.66,5SU3 5030 FN
23,-19.387,34.634,5SU3 6330 FN
23,-19.626,37.176,5SU9354-7KK06
23,-19.626,38.15,5SU9354-7KK10
23,-19.626,39.125,5SU9354-7KK16
23,-19.626,40.099,5SU9354-7KK20
23,-19.626,41.074,5SU9354-7KK25
23,-19.626,42.048,5SU9354-7KK32
23,-19.626,43.023,5SU9354-7KK40
23,9.425,4.728,5ST3010
23,9.425,5.791,5ST3011
23,9.425,6.854,5ST3012
23,9.425,7.917,5ST3020
23,9.425,10.547,5ST3030
23,9.425,11.611,5ST3031
23,9.425,14.241,5ST3043
23,9.425,15.305,5ST3041
23,9.425,16.368,5ST3042
23,9.425,18.998,5ST3632
23,9.425,20.062,5ST3645
23,9.425,21.125,5ST3701
23,9.425,22.188,5ST3710
23,9.425,23.251,5ST3748
23,9.425,24.314,5ST3750
23,9.425,25.377,5ST3655
23,9.425,28.007,5ST3806
23,9.425,32.72,5ST3762
23,9.425,33.695,5ST3763
23,9.425,34.669,5ST3766
23,9.425,35.644,5ST3767
24,8.775,4.472,5SV3312-6
24,8.775,5.358,5SV3314-6
24,8.775,6.244,5SV3316-6
24,8.775,7.13,5SV3344-6
24,8.775,8.016,5SV3347-6
24,8.775,10.469,5SV3322-4
24,8.775,11.355,5SV3324-4
24,8.775,12.241,5SV3326-4
24,8.775,13.127,5SV3642-4
24,8.775,14.013,5SV3644-4
24,8.775,14.899,5SV3646-4
24,6.285,18.238,5SV8101-6KK
24,6.285,19.124,5SV8101-4KK
24,6.285,20.01,5SV8111-4KK
24,5.856,25.586,5SV8702-0KK
24,5.857,26.472,5SV8703-0KK
24,5.856,27.358,5SV8704-0KK
24,5.857,28.244,5SV8705-0KK
24,5.857,29.13,5SV8706-0KK
24,5.856,33.351,5SV8701-2KK
24,5.878,34.237,5SV8701-2KP
24,5.857,35.123,5SV8702-2KK
24,5.878,36.009,5SV8702-2KP
24,5.857,36.895,5SV8703-2KK
24,5.857,37.781,5SV8704-2KK
24,7.437,41.312,5SV8902-1KK
24,7.437,42.198,5SV8903-1KK
24,7.437,43.084,5SV8904-1KK
24,7.437,43.97,5SV8905-1KK
24,7.437,44.856,5SV8906-1KK
24,7.437,46.347,5SV8900-1KK
24,7.437,47.437,5SV8900-2KK
24,7.437,48.323,5SV8900-3KK
25,-28.43,4.472,5SV3312-6
25,-28.43,5.358,5SV3314-6
25,-28.43,6.244,5SV3316-6
25,-28.43,7.13,5SV3344-6
25,-28.43,8.016,5SV3347-6
25,-28.43,10.469,5SV3322-4
25,-28.43,11.355,5SV3324-4
25,-28.43,12.241,5SV3326-4
25,-28.43,13.127,5SV3642-4
25,-28.43,14.013,5SV3644-4
25,-28.43,14.899,5SV3646-4
25,-30.919,18.238,5SV8101-6KK
25,-30.919,19.124,5SV8101-4KK
25,-30.919,20.01,5SV8111-4KK
25,-31.348,25.586,5SV8702-0KK
25,-31.348,26.472,5SV8703-0KK
25,-31.348,27.358,5SV8704-0KK
25,-31.348,28.244,5SV8705-0KK
25,-31.348,29.13,5SV8706-0KK
25,-31.348,33.351,5SV8701-2KK
25,-31.327,34.237,5SV8701-2KP
25,-31.347,35.123,5SV8702-2KK
25,-31.326,36.009,5SV8702-2KP
25,-31.347,36.895,5SV8703-2KK
25,-31.347,37.781,5SV8704-2KK
25,-29.768,41.312,5SV8902-1KK
25,-29.768,42.198,5SV8903-1KK
25,-29.768,43.084,5SV8904-1KK
25,-29.768,43.97,5SV8905-1KK
25,-29.768,44.856,5SV8906-1KK
25,-29.768,46.347,5SV8900-1KK
25,-29.768,47.437,5SV8900-2KK
25,-29.768,48.323,5SV8900-3KK
25,8.78,4.472,5TT5800-0
25,8.78,5.358,5TT5000-2
25,8.78,6.244,5TT5802-0
25,8.78,7.13,5TT5002-2
25,8.78,8.016,5TT5840-0
25,8.78,8.902,5TT5040-2
25,8.78,9.788,5TT5843-0
25,8.78,10.674,5TT5043-2
25,8.613,13.127,DBEMLTK25
25,8.613,14.013,DBEMLTK40
25,8.799,16.466,5TL1163-1
25,8.799,17.352,5TL1191-1
25,8.799,18.238,5TL1363-1
25,8.799,19.124,5TL1391-1
25,7.862999999999999,20.411,EVA32502XLS4XVS
25,8.804,22.865,7LF4501-5
25,8.989,25.584,7KT1202
26,8.53,31.415,al IP66/IK08 Enclosure
27,5.561,16.514,IP66 Protecti
27,5.561,19.619,18-96 Pole
27,30.537,22.786,ULT18MG250EKT
27,30.537,23.672,ULT24MG250EKT
27,30.537,24.558,ULT30MG250EKT
27,30.537,25.444,ULT36MG250EKT
27,30.537,26.33,ULT42MG250EKT
27,30.537,27.216,ULT48MG250EKT
27,30.537,28.102,ULT60MG250EKT
27,30.537,28.988,ULT72MG250EKT
27,30.537,29.874,ULT84MG250EKT
27,30.537,30.76,ULT96MG250EKT
28,16.912,5.853,ENCY25012T
28,28.324,5.853,ENCY25012U
28,16.912,6.916,ENCY25018T
28,28.324,6.916,ENCY25018U
28,16.912,7.978999999999999,ENCY25024T
28,28.324,7.978999999999999,ENCY25024U
28,16.912,9.042,ENCY25030T
28,28.324,9.042,ENCY25030U
28,16.912,10.106,ENCY25036T
28,28.324,10.106,ENCY25036U
28,16.912,11.169,ENCY25042T
28,28.324,11.169,ENCY25042U
28,16.912,12.232,ENCY25048T
28,28.324,12.232,ENCY25048U
28,16.912,13.295,ENCY25060T
28,28.324,13.295,ENCY25060U
28,16.912,14.358,ENCY25072T
28,28.324,14.358,ENCY25072U
28,16.912,15.421,ENCY25084T
28,28.324,15.421,ENCY25084U
28,16.912,16.484,ENCY25096T
28,28.324,16.484,ENCY25096U
28,17.038,25.29,ISCY25012T
28,28.436,25.29,ISCY25012U
28,17.038,26.353,ISCY25018T
28,28.436,26.353,ISCY25018U
28,17.038,27.416,ISCY25024T
28,28.436,27.416,ISCY25024U
28,17.038,28.479,ISCY25030T
28,28.436,28.479,ISCY25030U
28,17.038,29.543,ISCY25036T
28,28.436,29.543,ISCY25036U
28,17.038,30.606,ISCY25042T
28,28.436,30.606,ISCY25042U
28,17.038,31.669,ISCY25048T
28,28.436,31.669,ISCY25048U
28,17.038,32.732,ISCY25060T
28,28.436,32.732,ISCY25060U
28,17.038,33.795,ISCY25072T
28,28.436,33.795,ISCY25072U
28,17.038,34.858,ISCY25084T
28,28.436,34.858,ISCY25084U
28,17.038,35.921,ISCY25096T
28,28.436,35.921,ISCY25096U
29,30.0,6.282,3VA1196-3ED12-0AA0
29,30.0,7.345000000000001,3VA1120-3ED12-0AA0
29,30.0,8.408,3VA1125-3ED12-0AA0
29,29.999,9.471,3VA1112-3ED12-0AA0
29,29.999,10.535,3VA1140-3ED12-0AA0
29,29.998,11.598,3VA1150-3ED12-0AA0
29,29.998,12.661,3VA1163-3ED12-0AA0
29,29.997,13.724,3VA1180-3ED12-0AA0
29,29.998,14.787,3VA1110-3ED12-0AA0
29,29.998,15.85,3VA1112-3ED12-0AA0
29,29.999,16.913,3VA1116-3ED12-0AA0
29,29.999,17.976,3VA1196-4ED12-0AA0
29,29.998,19.039,3VA1120-4ED12-0AA0
29,29.998,20.102,3VA1125-4ED12-0AA0
29,29.997,21.165,3VA1112-4ED12-0AA0
29,29.997,22.229,3VA1140-4ED12-0AA0
29,29.996,23.292,3VA1150-4ED12-0AA0
29,29.996,24.355,3VA1163-4ED12-0AA0
29,29.995,25.418,3VA1180-4ED12-0AA0
29,29.996,26.481,3VA1110-4ED12-0AA0
29,29.996,27.544,3VA1112-4ED12-0AA0
29,29.997,28.607,3VA1116-4ED12-0AA0
29,29.997,29.67,3VA1196-5ED12-0AA0
29,29.996,30.733,3VA1120-5ED12-0AA0
29,29.996,31.796,3VA1125-5ED12-0AA0
29,29.995,32.859,3VA1132-5ED12-0AA0
29,29.995,33.922,3VA1140-5ED12-0AA0
29,29.994,34.986,3VA1150-5ED12-0AA0
29,29.994,36.049,3VA1163-5ED12-0AA0
29,29.993,37.112,3VA1180-5ED12-0AA0
29,29.994,38.175,3VA1110-5ED12-0AA0
29,29.994,39.238,3VA1112-5ED12-0AA0
29,29.995,40.301,3VA1116-5ED12-0AA0
30,30.007,6.22,3VA1196-3ED22-0AA0
30,30.007,7.282999999999999,3VA1120-3ED22-0AA0
30,30.007,8.346,3VA1125-3ED22-0AA0
30,30.007,9.409,3VA1132-3ED22-0AA0
30,30.007,10.472,3VA1140-3ED22-0AA0
30,30.007,11.535,3VA1150-3ED22-0AA0
30,30.007,12.598,3VA1163-3ED22-0AA0
30,30.007,13.661,3VA1180-3ED22-0AA0
30,30.007,14.725,3VA1110-3ED22-0AA0
30,30.007,15.788,3VA1112-3ED22-0AA0
30,30.007,16.851,3VA1116-3ED22-0AA0
30,30.007,17.914,3VA1196-4ED22-0AA0
30,30.007,18.977,3VA1120-4ED22-0AA0
30,30.007,20.04,3VA1125-4ED22-0AA0
30,30.007,21.103,3VA1132-4ED22-0AA0
30,30.007,22.166,3VA1140-4ED22-0AA0
30,30.007,23.229,3VA1150-4ED22-0AA0
30,30.007,24.292,3VA1163-4ED22-0AA0
30,30.007,25.355,3VA1180-4ED22-0AA0
30,30.007,26.419,3VA1110-4ED22-0AA0
30,30.007,27.482,3VA1112-4ED22-0AA0
30,30.007,28.545,3VA1116-4ED22-0AA0
30,30.007,29.607,3VA1196-5ED22-0AA0
30,30.007,30.671,3VA1120-5ED22-0AA0
30,30.007,31.734,3VA1125-5ED22-0AA0
30,30.007,32.797,3VA1132-5ED22-0AA0
30,30.007,33.86,3VA1140-5ED22-0AA0
30,30.007,34.923,3VA1150-5ED22-0AA0
30,30.007,35.986,3VA1163-5ED22-0AA0
30,30.007,37.049,3VA1180-5ED22-0AA0
30,30.007,38.112,3VA1110-5ED22-0AA0
30,30.007,39.176,3VA1112-5ED22-0AA0
30,30.007,40.239,3VA1116-5ED22-0AA0
31,-7.197,6.22,3VA1196-3ED22-0AA0
31,-7.197,7.282999999999999,3VA1120-3ED22-0AA0
31,-7.197,8.346,3VA1125-3ED22-0AA0
31,-7.197,9.409,3VA1132-3ED22-0AA0
31,-7.197,10.472,3VA1140-3ED22-0AA0
31,-7.197,11.535,3VA1150-3ED22-0AA0
31,-7.197,12.598,3VA1163-3ED22-0AA0
31,-7.197,13.661,3VA1180-3ED22-0AA0
31,-7.197,14.725,3VA1110-3ED22-0AA0
31,-7.197,15.788,3VA1112-3ED22-0AA0
31,-7.197,16.851,3VA1116-3ED22-0AA0
31,-7.197,17.914,3VA1196-4ED22-0AA0
31,-7.197,18.977,3VA1120-4ED22-0AA0
31,-7.197,20.04,3VA1125-4ED22-0AA0
31,-7.197,21.103,3VA1132-4ED22-0AA0
31,-7.197,22.166,3VA1140-4ED22-0AA0
31,-7.197,23.229,3VA1150-4ED22-0AA0
31,-7.197,24.292,3VA1163-4ED22-0AA0
31,-7.197,25.355,3VA1180-4ED22-0AA0
31,-7.197,26.419,3VA1110-4ED22-0AA0
31,-7.197,27.482,3VA1112-4ED22-0AA0
31,-7.197,28.545,3VA1116-4ED22-0AA0
31,-7.197,29.607,3VA1196-5ED22-0AA0
31,-7.197,30.671,3VA1120-5ED22-0AA0
31,-7.197,31.734,3VA1125-5ED22-0AA0
31,-7.197,32.797,3VA1132-5ED22-0AA0
31,-7.197,33.86,3VA1140-5ED22-0AA0
31,-7.197,34.923,3VA1150-5ED22-0AA0
31,-7.197,35.986,3VA1163-5ED22-0AA0
31,-7.197,37.049,3VA1180-5ED22-0AA0
31,-7.197,38.112,3VA1110-5ED22-0AA0
31,-7.197,39.176,3VA1112-5ED22-0AA0
31,-7.197,40.239,3VA1116-5ED22-0AA0
31,29.997,6.756,3VA1196-3EE32-0AA0
31,29.997,7.766,3VA1120-3EE32-0AA0
31,29.997,8.775,3VA1125-3EE32-0AA0
31,29.997,9.785,3VA1132-3EE32-0AA0
31,29.997,10.795,3VA1140-3EE32-0AA0
31,29.997,11.804,3VA1150-3EE32-0AA0
31,29.997,12.814,3VA1163-3EE32-0AA0
31,29.997,13.824,3VA1180-3EE32-0AA0
31,29.997,14.833,3VA1110-3EE32-0AA0
31,29.999,17.009,3VA1112-3EF32-0AA0
31,29.999,18.019,3VA1116-3EF32-0AA0
31,29.997,21.947,3VA1196-4EE32-0AA0
31,29.997,22.957,3VA1120-4EE32-0AA0
31,29.997,23.967,3VA1125-4EE32-0AA0
31,29.997,24.976,3VA1132-4EE32-0AA0
31,29.997,25.986,3VA1140-4EE32-0AA0
31,29.997,26.996,3VA1150-4EE32-0AA0
31,29.997,28.005,3VA1163-4EE32-0AA0
31,29.997,29.015,3VA1180-4EE32-0AA0
31,29.997,30.025,3VA1110-4EE32-0AA0
31,29.999,32.201,3VA1112-4EF32-0AA0
31,29.999,33.21,3VA1116-4EF32-0AA0
31,29.999,34.22,3VA1216-4EF32-0AA0
31,29.999,35.23,3VA1220-4EF32-0AA0
31,29.999,36.24,3VA1225-4EF32-0AA0
31,29.999,37.249,3VA1332-4EF32-0AA0
31,29.999,38.259,3VA1340-4EF32-0AA0
31,29.999,39.269,3VA1450-4EF32-0AA0
31,29.999,40.279,3VA1463-4EF32-0AA0
31,11.907,41.717,3VA1 MCCBS DIMENSIONS
32,30.217,6.098,3VA1196-5EE32-0AA0
32,30.218,6.895,3VA1120-5EE32-0AA0
32,30.218,7.692,3VA1125-5EE32-0AA0
32,30.218,8.49,3VA1132-5EE32-0AA0
32,30.219,9.287,3VA1140-5EE32-0AA0
32,30.219,10.084,3VA1150-5EE32-0AA0
32,30.22,10.882,3VA1163-5EE32-0AA0
32,30.22,11.679,3VA1180-5EE32-0AA0
32,30.22,12.477,3VA1110-5EE32-0AA0
32,30.218,14.544,3VA1112-5EF32-0AA0
32,30.218,15.553999999999998,3VA1116-5EF32-0AA0
32,30.218,16.564,3VA1216-5EF32-0AA0
32,30.218,17.574,3VA1220-5EF32-0AA0
32,30.218,18.583,3VA1225-5EF32-0AA0
32,30.218,19.593,3VA1332-5EF32-0AA0
32,30.218,20.603,3VA1340-5EF32-0AA0
32,30.218,21.613,3VA1450-5EF32-0AA0
32,30.218,22.622,3VA1463-5EF32-0AA0
32,30.218,23.632,3VA1580-5EF32-0AA0
32,30.218,24.642,3VA1510-5EF32-0AA0
32,30.218,28.464,3VA1196-6EF32-0AA0
32,30.219,29.261,3VA1120-6EF32-0AA0
32,30.219,30.058,3VA1125-6EF32-0AA0
32,30.22,30.856,3VA1132-6EF32-0AA0
32,30.22,31.653,3VA1140-6EF32-0AA0
32,30.221,32.45,3VA1150-6EF32-0AA0
32,30.221,33.248,3VA1163-6EF32-0AA0
32,30.222,34.045,3VA1180-6EF32-0AA0
32,30.222,34.842,3VA1110-6EF32-0AA0
32,30.222,35.64,3VA1112-6EF32-0AA0
32,30.221,36.437,3VA1116-6EF32-0AA0
32,30.221,37.234,3VA1216-6EF32-0AA0
32,30.221,38.032,3VA1220-6EF32-0AA0
32,30.221,38.829,3VA1225-6EF32-0AA0
32,30.222,39.626,3VA1332-6EF32-0AA0
32,30.222,40.424,3VA1340-6EF32-0AA0
32,30.222,41.221,3VA1450-6EF32-0AA0
32,30.222,42.018,3VA1463-6EF32-0AA0
32,30.222,42.816,3VA1580-6EF32-0AA0
32,30.222,43.613,3VA1510-6EF32-0AA0
33,5.242,1.499,3VA1 MCCB ACCESSORIES
33,8.159,4.295,3VA9988-0AA12
33,18.322,4.295,3VA1 - All
33,8.159,5.181,3VA9988-0AA11
33,18.322,5.181,3VA1 - All
33,8.166,6.067,3VA9988-0AB12
33,18.322,6.067,3VA1 - All
33,8.166,6.953,3VA9988-0AB11
33,18.322,6.953,3VA1 - All
33,8.204,10.269,3VA9988-0BL30
33,18.322,10.269,3VA1 - All
33,8.204,11.155,3VA9988-0BL32
33,18.322,11.155,3VA1 - All
33,28.927,11.155,110VAC
33,8.204,12.041,3VA9988-0BL33
33,18.322,12.041,3VA1 - All
33,28.927,12.041,240VAC
33,8.173,14.494,3VA9908-0BB11
33,18.322,14.494,3VA1 - All
33,8.173,15.38,3VA9908-0BB25
33,18.322,15.38,3VA1 - All
33,28.375,15.38,220-230 VAC
33,8.188,17.834,3VA9157-0FK21
33,8.188,18.72,3VA9257-0FK21
33,8.189,19.606,3VA9467-0FK21
33,8.189,20.492,3VA9687-0FK21
33,8.188,24.698,3VA9157-0FK61
33,8.188,25.584,3VA9257-0FK61
33,8.189,26.47,3VA9467-0FK61
33,8.189,27.356,3VA9687-0FK61
33,8.963,29.81,3VA-ILC8
33,17.6,29.81,3VA11 to 3VA14
33,8.976,30.696,3VA-IL12
33,8.055,33.15,3VA9111-0WD30
33,8.055,34.035,3VA9211-0WD30
33,8.055,34.921,3VA9481-0WD30
33,8.055,35.807,3VA9601-0WD30
33,8.101,36.693,3VA9111-0WF30
33,8.101,37.579,3VA9211-0WF30
33,8.1,38.465,3VA9481-0WF30
33,8.1,39.351,3VA9601-0WF30
33,8.065,41.804,3VA9111-0WG30
33,8.065,42.69,3VA9211-0WG30
33,8.065,43.576,3VA9401-0WG30
34,5.242,1.499,3VA1 MCCB ACCESSORIES
34,8.137,4.605,3VA9153-0QB00
34,8.137,5.632,3VA9253-0QB00
34,8.136,6.658,3VA9483-0QB00
34,8.136,7.632999999999999,3VA9603-0QB00
34,8.132,10.175,3VA9153-0QC00
34,8.132,11.15,3VA9253-0QC00
34,8.132,12.124,3VA9483-0QC00
34,8.132,13.099,3VA9603-0QC00
34,7.298,15.685,3VA9153-0JA11
34,7.298,16.748,3VA9253-0JA11
34,7.298,17.811,3VA9483-0JA13
34,7.281,21.117,3VA9088-0LB10
34,7.281,22.18,3VA9388-0LB10
34,7.281,23.243,3VA9588-0LB10
34,7.279,25.874,3VA9114-0RS10
34,7.279,26.937,3VA9113-0RS20
34,7.279,28.0,3VA9213-0RS20
34,7.279,29.063,3VA9114-0RS20
34,7.279,30.127,3VA9214-0RS20
34,7.286,32.354,3VA9114-0RL10
34,7.286,33.417,3VA9113-0RL20
34,7.286,34.48,3VA9213-0RL20
34,7.286,35.543,3VA9114-0RL20
34,7.286,36.606,3VA9214-0RL20
34,7.223,39.237,3VA9117-0HB10
34,7.223,40.3,3VA9117-0HB20
34,7.216,41.764,3VA9157-0HA10
34,7.215,42.827,3VA9257-0HA10
34,7.215,43.89,3VA9467-0HA10
34,7.215,44.953,3VA9157-0HA20
34,7.214,46.016,3VA9257-0HA20
34,7.214,47.08,3VA9467-0HA20
35,6.678,12.108,ETU320 LI
35,30.188,6.23,3VA2025-5HL32-0AA0
35,30.188,7.294,3VA2040-5HL32-0AA0
35,30.188,8.357,3VA2063-5HL32-0AA0
35,30.188,9.42,3VA2010-5HL32-0AA0
35,30.188,10.483,3VA2116-5HL32-0AA0
35,30.188,11.546,3VA2225-5HL32-0AA0
35,30.188,12.609,3VA2340-5HL32-0AA0
35,30.188,13.672,3VA2463-5HL32-0AA0
35,30.188,14.735,3VA2580-5HL32-0AA0
35,30.187,15.797999999999998,3VA2510-5HL32-0AA0
35,30.187,16.861,3VA2612-5HL32-0AA0
35,6.678,23.802,ETU320 LI
35,30.187,17.924,3VA2025-6HL32-0AA0
35,30.187,18.987,3VA2040-6HL32-0AA0
35,30.187,20.051,3VA2063-6HL32-0AA0
35,30.187,21.114,3VA2010-6HL32-0AA0
35,30.187,22.177,3VA2116-6HL32-0AA0
35,30.187,23.24,3VA2225-6HL32-0AA0
35,30.187,24.303,3VA2340-6HL32-0AA0
35,30.187,25.366,3VA2463-6HL32-0AA0
35,30.187,26.429,3VA2580-6HL32-0AA0
35,30.187,27.492,3VA2510-6HL32-0AA0
35,30.187,28.555,3VA2612-6HL32-0AA0
35,5.242,38.321,3VA2 MCCBs Dimensions
36,6.427,12.979,ETU350 LSI
36,29.957,6.401,3VA2025-5HN32-0AA0
36,29.957,7.41,3VA2040-5HN32-0AA0
36,29.957,8.42,3VA2063-5HN32-0AA0
36,29.957,9.43,3VA2010-5HN32-0AA0
36,29.957,10.439,3VA2116-5HN32-0AA0
36,29.957,11.449,3VA2225-5HN32-0AA0
36,29.956,12.459,3VA2340-5HN32-0AA0
36,29.956,13.469,3VA2463-5HN32-0AA0
36,29.956,14.479,3VA2580-5HN32-0AA0
36,29.956,15.489,3VA2510-5HN32-0AA0
36,29.956,16.498,3VA2612-5HN32-0AA0
36,30.002,17.508,3VA2712-5AC03-0AA0
36,30.002,18.474,3VA2716-5AC03-0AA0
36,6.424,26.062,ETU350 LSI
36,29.955,19.44,3VA2025-6HN32-0AA0
36,29.955,20.45,3VA2040-6HN32-0AA0
36,29.955,21.46,3VA2063-6HN32-0AA0
36,29.955,22.469,3VA2010-6HN32-0AA0
36,29.955,23.479,3VA2116-6HN32-0AA0
36,29.955,24.489,3VA2225-6HN32-0AA0
36,29.954,25.498,3VA2340-6HN32-0AA0
36,29.954,26.508,3VA2463-6HN32-0AA0
36,29.954,27.518,3VA2580-6HN32-0AA0
36,29.954,28.528,3VA2510-6HN32-0AA0
36,29.954,29.538,3VA2612-6HN32-0AA0
36,30.0,30.547,3VA2712-6AC03-0AA0
36,30.0,31.557,3VA2716-6AC03-0AA0
36,5.242,37.872,3VA20-25
36,5.242,39.216,3VA2 MCCBs Dimensions
37,5.923,11.577,ETU330 LIG
37,29.453,6.231,3VA2025-5HM32-0AA0
37,29.453,7.294,3VA2040-5HM32-0AA0
37,29.453,8.357,3VA2063-5HM32-0AA0
37,29.453,9.42,3VA2010-5HM32-0AA0
37,29.453,10.483,3VA2116-5HM32-0AA0
37,29.454,11.547,3VA2225-5HM32-0AA0
37,29.454,12.61,3VA2340-5HM32-0AA0
37,29.455,13.673,3VA2463-5HM32-0AA0
37,29.455,14.736,3VA2580-5HM32-0AA0
37,29.455,15.799,3VA2510-5HM32-0AA0
37,5.924,22.208,ETU330 LIG
37,29.455,16.862,3VA2025-6HM32-0AA0
37,29.455,17.925,3VA2040-6HM32-0AA0
37,29.455,18.988,3VA2063-6HM32-0AA0
37,29.455,20.052,3VA2010-6HM32-0AA0
37,29.455,21.115,3VA2116-6HM32-0AA0
37,29.455,22.178,3VA2225-6HM32-0AA0
37,29.456,23.241,3VA2340-6HM32-0AA0
37,29.456,24.304,3VA2463-6HM32-0AA0
37,29.456,25.367,3VA2580-6HM32-0AA0
37,29.456,26.43,3VA2510-6HM32-0AA0
37,5.242,36.582,3VA2 MCCBs Dim
38,6.55,12.61,ETU550 LSI
38,18.804,7.176,15-250
38,22.587,7.176,10 -25
38,26.218,7.176,38-300
38,29.764,7.176,3VA2025-5JP32-0AA0
38,18.804,8.15,24-400
38,22.526,8.15,16 - 40
38,26.218,8.15,60-480
38,29.764,8.15,3VA2040-5JP32-0AA0
38,18.804,9.125,38-630
38,22.526,9.125,25 - 63
38,26.218,9.125,95-756
38,29.765,9.125,3VA2063-5JP32-0AA0
38,18.667,10.099,60-1000
38,22.389,10.099,40 - 100
38,25.944,10.099,150-1200
38,29.765,10.099,3VA2010-5JP32-0AA0
38,18.667,11.074,96-1600
38,22.389,11.074,63 - 160
38,25.944,11.074,240-1600
38,29.765,11.074,3VA2116-5JP32-0AA0
38,18.53,12.048,150-2500
38,22.252,12.048,100 - 250
38,25.945,12.048,375-2500
38,29.765,12.048,3VA2225-5JP32-0AA0
38,18.531,13.023,240-4000
38,22.253,13.023,160 - 400
38,25.945,13.023,600-4000
38,29.765,13.023,3VA2340-5JP32-0AA0
38,18.531,13.997,378-5670
38,22.253,13.997,250 - 630
38,25.946,13.997,945-5670
38,29.766,13.997,3VA2463-5JP32-0AA0
38,18.532,14.972,480-8000
38,22.254,14.972,320 - 800
38,25.809,14.972,1200-8000
38,29.766,14.972,3VA2580-5JP32-0AA0
38,18.395,15.946000000000002,600-10000
38,22.117,15.946000000000002,400 - 1000
38,25.672,15.946000000000002,1500-10000
38,29.766,15.946000000000002,3VA2510-5JP32-0AA0
38,18.395,16.921,750-12500
38,22.24,16.921,500-1250
38,25.672,16.921,1875-12500
38,29.767,16.921,3VA2612-5JP32-0AA0
38,6.553,23.33,ETU550 LSI
38,18.807,17.895,15-250
38,22.59,17.895,10 -25
38,26.221,17.895,38-300
38,29.767,17.895,3VA2025-6JP32-0AA0
38,18.807,18.869,24-400
38,22.529,18.869,16 - 40
38,26.221,18.869,60-480
38,29.767,18.869,3VA2040-6JP32-0AA0
38,18.808,19.844,38-630
38,22.529,19.844,25 - 63
38,26.222,19.844,95-756
38,29.768,19.844,3VA2063-6JP32-0AA0
38,18.671,20.819,60-1000
38,22.393,20.819,40 - 100
38,25.948,20.819,150-1200
38,29.768,20.819,3VA2010-6JP32-0AA0
38,18.671,21.793,96-1600
38,22.393,21.793,63 - 160
38,25.948,21.793,240-1600
38,29.768,21.793,3VA2116-6JP32-0AA0
38,18.534,22.768,150-2500
38,22.256,22.768,100 - 250
38,25.948,22.768,375-2500
38,29.768,22.768,3VA2225-6JP32-0AA0
38,18.534,23.742,240-4000
38,22.256,23.742,160 - 400
38,25.948,23.742,600-4000
38,29.769,23.742,3VA2340-6JP32-0AA0
38,18.535,24.717,378-5670
38,22.257,24.717,250 - 630
38,25.949,24.717,945-5670
38,29.769,24.717,3VA2463-6JP32-0AA0
38,18.535,25.691,480-8000
38,22.257,25.691,320 - 800
38,25.812,25.691,1200-8000
38,29.769,25.691,3VA2580-6JP32-0AA0
38,18.398,26.666,600-10000
38,22.12,26.666,400 - 1000
38,25.675,26.666,1500-10000
38,29.77,26.666,3VA2510-6JP32-0AA0
38,18.399,27.64,750-12500
38,22.243,27.64,500-1250
38,25.676,27.64,1875-12500
38,29.77,27.64,3VA2612-6JP32-0AA0
38,5.242,39.876,3VA2 MCCBs Dimensions
39,6.507,11.159,ETU850 LSI
39,18.734,7.186,15-250
39,22.518,7.186,10 -25
39,26.15,7.186,38-300
39,29.674,7.186,3VA2025-5KP32-0AA0
39,18.735,8.16,24-400
39,22.457,8.16,16 - 40
39,26.15,8.16,60-480
39,29.674,8.16,3VA2040-5KP32-0AA0
39,18.736,9.135,38-630
39,22.458,9.135,25 - 63
39,26.151,9.135,95-756
39,29.675,9.135,3VA2063-5KP32-0AA0
39,18.599,10.109,60-1000
39,22.321,10.109,40 - 100
39,25.877,10.109,150-1200
39,29.675,10.109,3VA2010-5KP32-0AA0
39,18.599,11.084,96-1600
39,22.322,11.084,63 - 160
39,25.877,11.084,240-1600
39,29.676,11.084,3VA2116-5KP32-0AA0
39,18.462,12.059,150-2500
39,22.185,12.059,100 - 250
39,25.877,12.059,375-2500
39,29.676,12.059,3VA2225-5KP32-0AA0
39,18.463,13.033,240-4000
39,22.185,13.033,160 - 400
39,25.878,13.033,600-4000
39,29.676,13.033,3VA2340-5KP32-0AA0
39,18.463,14.008,378-5670
39,22.185,14.008,250 - 630
39,25.878,14.008,945-5670
39,29.676,14.008,3VA2463-5KP32-0AA0
39,6.344,16.237,ETU860 LSIG
39,18.463,14.982,480-8000
39,22.185,14.982,320 - 800
39,25.741,14.982,1200-8000
39,29.64,14.982,3VA2580-5KQ32-0AA0
39,18.326,15.957,600-10000
39,22.048,15.957,400 - 1000
39,25.604,15.957,1500-10000
39,29.64,15.957,3VA2510-5KQ32-0AA0
39,18.326,16.931,750-12500
39,22.171,16.931,500-1250
39,25.604,16.931,1875-12500
39,29.64,16.931,3VA2612-5KQ32-0AA0
39,6.517,21.878,ETU850 LSI
39,18.737,17.905,15-250
39,22.521,17.905,10 -25
39,26.153,17.905,38-300
39,29.677,17.905,3VA2025-6KP32-0AA0
39,18.738,18.88,24-400
39,22.461,18.88,16 - 40
39,26.154,18.88,60-480
39,29.678,18.88,3VA2040-6KP32-0AA0
39,18.739,19.854,38-630
39,22.461,19.854,25 - 63
39,26.154,19.854,95-756
39,29.678,19.854,3VA2063-6KP32-0AA0
39,18.602,20.829,60-1000
39,22.324,20.829,40 - 100
39,25.88,20.829,150-1200
39,29.679,20.829,3VA2010-6KP32-0AA0
39,18.602,21.803,96-1600
39,22.325,21.803,63 - 160
39,25.881,21.803,240-1600
39,29.679,21.803,3VA2116-6KP32-0AA0
39,18.466,22.778,150-2500
39,22.188,22.778,100 - 250
39,25.881,22.778,375-2500
39,29.679,22.778,3VA2225-6KP32-0AA0
39,18.466,23.752,240-4000
39,22.188,23.752,160 - 400
39,25.881,23.752,600-4000
39,29.68,23.752,3VA2340-6KP32-0AA0
39,18.466,24.727,378-5670
39,22.188,24.727,250 - 630
39,25.881,24.727,945-5670
39,29.68,24.727,3VA2463-6KP32-0AA0
39,6.347,26.957,ETU860 LSIG
39,18.466,25.702,480-8000
39,22.188,25.702,320 - 800
39,25.744,25.702,1200-8000
39,29.643,25.702,3VA2580-6KQ32-0AA0
39,18.329,26.676,600-10000
39,22.052,26.676,400 - 1000
39,25.607,26.676,1500-10000
39,29.643,26.676,3VA2510-6KQ32-0AA0
39,18.329,27.651,750-12500
39,22.174,27.651,500-1250
39,25.607,27.651,1875-12500
39,29.643,27.651,3VA2612-6KQ32-0AA0
39,5.242,40.104,3VA2 MCCBs Dimensions
40,7.629,4.472,3VA9187-0TB50
40,7.629,5.358,3VA9387-0TB50
40,7.628,7.723000000000001,3VA9187-0TB10
40,7.628,8.609,3VA9387-0TB10
40,7.638,11.649,3VA9987-0TA10
40,7.637,12.535,3VA9987-0TA20
40,6.861,14.9,7KM9300-0AB01-0AA0
40,14.468,14.9,COM100/800
40,6.877,15.786,7KM9300-0AE02-0AA0
40,14.468,15.786,COM100/800
40,6.795,16.672,7KM9300-0AM00-0AA0
40,14.468,16.672,COM100/800
40,7.605,19.303,3VA9987-0TD10
40,7.595,22.701,3VA9987-0UA10
40,7.635,25.833,3VA9987-0TC10
40,7.635,26.719,3VA9987-0TC20
40,7.635,27.605,3VA9987-0TC30
40,7.635,28.49,3VA9987-0TC40
40,5.62,46.418,extending the COM060
40,5.62,47.504,COM060
40,27.62,41.385,3VA9987
40,27.62,41.886,3VA9987
40,25.705,44.581,Screw mounting M3
40,25.22,47.083,3VA9987
40,6.106,32.297,7KM PAC
40,6.106,32.797,7KM9300
40,6.106,34.378,7KM9300
40,6.106,35.463,7KM9300
40,10.478,41.307,COM060
40,8.386,37.867,COM800/COM100
40,7.672,38.687,3VA9987
40,7.672,39.087,3VA9987
40,7.672,39.488,3VA9987
40,7.673,39.888,3VA9987
40,17.01,35.611,COM800/
40,17.01,36.106,COM100
40,15.665,46.7,3VA2 molded
40,25.219,31.955,Display DSP800
40,27.5,35.606,3VA9987
41,8.159,4.782,3VA9988-0AA12
41,8.159,5.757,3VA9988-0AA11
41,8.166,6.731,3VA9988-0AB12
41,8.166,7.705999999999999,3VA9988-0AB11
41,8.204,11.11,3VA9988-0BL30
41,8.204,12.085,3VA9988-0BL32
41,28.927,12.085,110VAC
41,8.204,13.059,3VA9988-0BL33
41,28.927,13.059,240VAC
41,8.173,15.601,3VA9908-0BB11
41,8.173,16.576,3VA9908-0BB25
41,28.375,16.576,220-230 VAC
41,8.188,19.118,3VA9267-0FK21
41,8.189,20.093,3VA9467-0FK21
41,8.189,21.067,3VA9687-0FK21
41,8.093,22.042,3VW9727-0FK21
41,8.188,26.968,3VA9267-0FK61
41,8.189,27.854,3VA9467-0FK61
41,8.189,28.74,3VA9687-0FK61
41,8.963,31.193,3VA-ILC8
41,17.6,31.193,3VA20 to 3VA24
41,8.976,32.079,3VA-IL12
41,8.055,35.252,3VA9221-0WD30
41,8.055,36.227,3VA9481-0WD30
41,8.055,37.202,3VA9601-0WD30
41,8.101,38.176,3VA9221-0WF30
41,8.101,39.151,3VA9481-0WF30
41,8.101,40.125,3VA9601-0WF30
41,8.065,42.711,3VA9221-0WG30
41,8.065,43.774,3VA9481-0WG30
41,8.204,46.361,3VA9388-0LB10
41,8.204,47.335,3VA9588-0LB10
42,8.221,4.218,3VA9163-0JA12
42,8.221,4.949,3VA9263-0JA12
42,8.222,5.681,3VA9483-0JA13
42,8.137,8.656,3VA9253-0QB00
42,8.137,9.388,3VA9483-0QB00
42,8.137,10.119,3VA9603-0QB00
42,8.132,12.419,3VA9263-0QC00
42,8.132,13.151,3VA9483-0QC00
42,8.132,13.882,3VA9603-0QC00
42,8.209,16.857,3VA9123-0RL30
42,24.685,16.857,3P Bott
42,8.209,17.589,3VA9223-0RL30
42,24.685,17.589,3P Bott
42,8.209,18.32,3VA9323-0RL30
42,24.685,18.32,3P Bott
42,8.209,19.052,3VA9423-0RL30
42,24.685,19.052,3P Bott
42,8.209,20.185,3VA9124-0RL30
42,24.685,20.185,4P Bott
42,8.209,20.916,3VA9224-0RL30
42,24.685,20.916,4P Bott
42,8.209,21.648,3VA9324-0RL30
42,24.685,21.648,4P Bott
42,8.209,22.38,3VA9424-0RL30
42,24.685,22.38,4P Bott
42,8.138,25.354,3VA9267-0HA10
42,8.138,26.086,3VA9467-0HA10
42,8.138,26.818,3VA9267-0HA20
42,8.138,27.55,3VA9467-0HA20
42,8.141,29.849,3VA9267-0HC10
42,27.653,29.849,24VDC Front Mount
42,8.14,30.581,3VA9267-0HC20
42,8.14,31.313,3VA9267-0HC30
42,27.653,32.044,24VDC Front Mount
42,8.141,35.807,3VA9267-0HC15
42,27.653,35.807,24VDC Front Mount
42,8.14,36.539,3VA9267-0HC35
42,27.653,37.271,24VDC Front Mount
42,5.643,41.054,3VA9987-0MA10
42,5.65,44.728,3VA9987-0MB10
43,19.831,4.472,EHC26306
43,30.826,4.472,EHC2630LH03
43,19.694,5.358,EHC263012
43,30.826,5.358,EHC2630LH06
43,19.695,6.244,EHC263018
43,30.827,6.244,EHC2630LH09
43,19.695,7.13,EHC263024
43,30.827,7.13,EHC2630LH12
43,19.695,8.016,EHC263030
43,30.827,8.016,EHC2630LH15
43,19.695,8.902,EHC263036
43,30.827,8.902,EHC2630LH18
43,19.695,9.788,EHC263042
43,30.827,9.788,EHC2630LH21
43,19.695,10.674,EHC263048
43,30.827,10.674,EHC2630LH24
43,19.695,11.56,EHC263060
43,30.827,11.56,EHC2630LH30
43,19.695,12.446,EHC263072
43,30.827,12.446,EHC2630LH36
43,19.831,22.658,EHC28006
43,30.826,22.658,EHC2800LH03
43,19.694,23.544,EHC280012
43,30.826,23.544,EHC2800LH06
43,19.694,24.43,EHC280018
43,30.826,24.43,EHC2800LH09
43,19.695,25.316,EHC280024
43,30.826,25.316,EHC2800LH12
43,19.695,26.202,EHC280030
43,30.826,26.202,EHC2800LH15
43,19.695,27.088,EHC280036
43,30.826,27.088,EHC2800LH18
43,19.695,27.974,EHC280042
43,30.826,27.974,EHC2800LH21
43,19.695,28.86,EHC280048
43,30.826,28.86,EHC2800LH24
43,19.695,29.746,EHC280060
43,30.826,29.746,EHC2800LH30
43,19.695,30.632,EHC280072
43,30.826,30.632,EHC2800LH36
45,5.893,4.676,7KM2200-2EA30-1DA1
45,12.981,4.676,PAC2200
45,5.931,5.97,7KM2200-2EA30-1EA1
45,12.981,5.97,PAC2200
45,5.879,9.098,7KM1020-0BA01-1DA0
45,12.981,9.098,PAC1020
45,5.879,12.226,7KM3120-0BA01-1DA0
45,12.981,12.226,PAC3120
45,24.579,11.945,RS485 Communicati
45,5.917,13.52,7KM3120-1BA01-1EA0
45,12.981,13.52,PAC3120
45,22.537,13.239,RS485 Communicati
45,5.879,16.383,7KM3220-0BA01-1DA0
45,12.981,16.383,PAC3220
45,5.917,17.677,7KM3220-1BA01-1EA0
45,12.981,17.677,PAC3220
45,5.894,20.82,7KM4212-0BA00-3AA0
45,12.981,20.82,PAC4200
45,5.917,23.964,7KM5412-6BA00-1EA2
45,12.98,23.964,PAC5200
45,6.838,28.183,7KM9300-0AB01-0AA0
45,6.854,29.069,7KM9300-0AE02-0AA0
45,6.772,29.955,7KM9300-0AM00-0AA0
45,6.838,30.84,7KM9200-0AB00-0AA0
45,5.581,32.285,KT PAC1200 multi
45,6.492,42.765,7KT1260
45,6.492,44.136,7KT1233
45,6.492,45.022,7KT1236
45,6.492,45.908,7KT1238
45,6.492,46.794,7KT1242
45,6.492,47.68,7KT1254
45,6.492,48.566,7KT1255
46,9.789,2.508,PAC2200
46,15.675,2.508,PAC3120
46,21.059,2.508,PAC3220
46,26.444,2.508,PAC4200
46,31.828000000000003,2.508,PAC5200
46,1.167,27.66,PAC1200 System
47,6.018,4.714,3KD2630-2ME10-0
47,6.056,5.446,3KD2830-0NE10-0
47,6.056,6.178,3KD3030-0NE10-0
47,6.056,6.91,3KD3230-0NE10-0
47,6.056,7.641,3KD3430-0NE10-0
47,6.056,8.373,3KD3630-0NE10-0
47,6.094,9.105,3KD3630-0PE10-0
47,6.055,9.837,3KD3830-0NE10-0
47,6.093,10.568,3KD3830-0PE10-0
47,6.093,11.3,3KD4030-0PE10-0
47,6.093,12.032,3KD4230-0PE10-0
47,6.046,12.763,3KD4430-0QE10-0
47,6.046,13.495,3KD4630-0QE10-0
47,6.046,14.227,3KD4830-0QE10-0
47,6.087,14.959,3KD5030-0RE10-0
47,6.087,15.69,3KD5230-0RE10-0
47,6.087,16.422,3KD5430-0RE10-0
47,6.087,17.154,3KD5630-0RE10-0
47,7.114,21.511,8UD1171-2AF21
47,7.114,22.243,8UD1141-2AF21
47,7.114,22.975,8UD1151-3AF21
47,7.113,23.706,8UD1161-4AF21
47,7.699,26.681,3KD9101-1
47,7.7,27.413,3KD9201-1
47,7.7,28.145,3KD9301-1
47,7.701,28.876,3KD9401-1
47,7.701,29.608,3KD9501-1
47,5.242,31.251,3KD ACCESSORIES
47,7.699,33.262,3KD9103-5
47,7.7,33.994,3KD9103-1
47,6.498,34.725,3SU1400-1AA10-1FA0
47,17.739,34.725,3 to 5
47,5.242,36.093,4th Pole
47,7.699,37.025,3KD9205-0
47,7.7,37.757,3KD9205-2
47,7.7,38.488,3KD9305-0
47,7.701,39.22,3KD9405-0
47,7.701,39.952,3KD9505-0
47,7.699,42.251,3KD9204-6
47,7.699,42.983,3KD9304-6
47,7.699,43.715,3KD9404-6
47,7.699,44.446,3KD9504-6
47,7.699,46.746,3KD9308-6
47,7.699,47.478,3KD9408-6
47,7.699,48.209,3KD9508-6
48,5.83,4.969,3LD3054-0TK53
48,5.83,5.855,3LD3154-0TK53
48,5.83,6.741,3LD3254-0TK53
48,16.171,6.741,11.5kW
48,5.831,7.627000000000001,3LD3354-0TK53
48,16.172,7.627000000000001,18.5kW
48,5.831,8.513,3LD3454-0TK53
48,16.172,8.513,22.0kW
48,5.832,9.399,3LD2704-0TK53
48,16.172,9.399,37.0kW
48,5.865,11.852,3LD3054-0TL53
48,5.865,12.738,3LD3154-0TL53
48,5.864,13.624,3LD3254-0TL53
48,16.17,13.624,11.5kW
48,5.864,14.51,3LD3354-0TL53
48,16.17,14.51,18.5kW
48,5.864,15.396,3LD3454-0TL53
48,16.17,15.396,22.0kW
48,6.248,17.849,3LD9340-0B
48,6.248,18.735,3LD9340-2B
48,6.248,19.621,3LD9340-3B
48,6.248,20.507,3LD9340-6B
49,5.242,2.754,SENTRON ATC3100
49,7.856,9.374,3KC9000-8EL10
49,7.856,10.26,3KC9000-8EL62
49,5.242,12.379,SENTRON ATC6300
49,7.856999999999999,24.905,3KC9000-8TL40
49,5.242,26.35,SENTRON ATC6500
49,7.856999999999999,32.97,3KC9000-8TL50
49,7.856999999999999,36.31,3KC9000-8TL60
49,7.856999999999999,37.196,3KC9000-8TL63
49,7.856999999999999,38.081,3KC9000-8TL64
49,7.856999999999999,38.967,3KC9000-8TL74
49,7.856999999999999,39.853,3KC9000-8TL75
50,5.242,6.306,55kA Thermal Magneti
50,16.037,8.467,APSBTS-11635EF-33
50,27.697,8.467,APSBTS-11635EF-44
50,16.037,9.53,APSBTS-11105EF-33
50,27.697,9.53,APSBTS-11105EF-44
50,16.037,10.593,APSBTS-11165EF-33
50,27.697,10.593,APSBTS-11165EF-44
50,16.037,11.657,APSBTS-12255EF-33
50,27.697,11.657,APSBTS-12255EF-44
50,16.037,12.72,APSBTS-13325EF-33
50,27.697,12.72,APSBTS-13325EF-44
50,16.037,13.783,APSBTS-13405EF-33
50,27.697,13.783,APSBTS-13405EF-44
50,16.037,14.846,APSBTS-14635EF-33
50,27.697,14.846,APSBTS-14635EF-44
50,5.242,16.378,70kA Thermal Magneti
50,16.037,17.476,APSBTS-11636EF-33
50,27.697,17.476,APSBTS-11636EF-44
50,16.037,18.539,APSBTS-11106EF-33
50,27.697,18.539,APSBTS-11106EF-44
50,16.037,19.602,APSBTS-11166EF-33
50,27.697,19.602,APSBTS-11166EF-44
50,16.037,20.665,APSBTS-12256EF-33
50,27.697,20.665,APSBTS-12256EF-44
50,16.037,21.729,APSBTS-13326EF-33
50,27.697,21.729,APSBTS-13326EF-44
50,16.037,22.792,APSBTS-13406EF-33
50,27.697,22.792,APSBTS-13406EF-44
50,16.037,23.855,APSBTS-14636EF-33
50,27.697,23.855,APSBTS-14636EF-44
51,-31.963,6.306,55kA Thermal Magneti
51,-21.168,8.467,APSBTS-11635EF-33
51,-9.508,8.467,APSBTS-11635EF-44
51,-21.168,9.53,APSBTS-11105EF-33
51,-9.508,9.53,APSBTS-11105EF-44
51,-21.168,10.593,APSBTS-11165EF-33
51,-9.508,10.593,APSBTS-11165EF-44
51,-21.168,11.657,APSBTS-12255EF-33
51,-9.508,11.657,APSBTS-12255EF-44
51,-21.168,12.72,APSBTS-13325EF-33
51,-9.508,12.72,APSBTS-13325EF-44
51,-21.168,13.783,APSBTS-13405EF-33
51,-9.508,13.783,APSBTS-13405EF-44
51,-21.168,14.846,APSBTS-14635EF-33
51,-9.508,14.846,APSBTS-14635EF-44
51,-31.963,16.378,70kA Thermal Magneti
51,-21.168,17.476,APSBTS-11636EF-33
51,-9.508,17.476,APSBTS-11636EF-44
51,-21.168,18.539,APSBTS-11106EF-33
51,-9.508,18.539,APSBTS-11106EF-44
51,-21.168,19.602,APSBTS-11166EF-33
51,-9.508,19.602,APSBTS-11166EF-44
51,-21.168,20.665,APSBTS-12256EF-33
51,-9.508,20.665,APSBTS-12256EF-44
51,-21.168,21.729,APSBTS-13326EF-33
51,-9.508,21.729,APSBTS-13326EF-44
51,-21.168,22.792,APSBTS-13406EF-33
51,-9.508,22.792,APSBTS-13406EF-44
51,-21.168,23.855,APSBTS-14636EF-33
51,-9.508,23.855,APSBTS-14636EF-44
51,6.766,6.22,3KC0322-2ME00-0AA0
51,6.766,7.017,3KC0326-2ME00-0AA0
51,6.805,7.814,3KC0328-2NE00-0AA0
51,6.805,8.612,3KC0330-2NE00-0AA0
51,6.804,9.409,3KC0334-2NE00-0AA0
51,6.842,10.206,3KC0336-0PE00-0AA0
51,6.842,11.004,3KC0338-0PE00-0AA0
51,6.842,11.801,3KC0340-0PE00-0AA0
51,6.842,12.598,3KC0342-0PE00-0AA0
51,6.795,13.396,3KC0344-0QE00-0AA0
51,6.795,14.193,3KC0346-0QE00-0AA0
51,6.795,14.99,3KC0348-0QE00-0AA0
51,6.836,15.788,3KC0350-0RE00-0AA0
51,6.836,16.585,3KC0352-0RE00-0AA0
51,6.836,17.382,3KC0354-0RE00-0AA0
51,6.766,19.377,3KC0422-2ME00-0AA0
51,6.766,20.174,3KC0426-2ME00-0AA0
51,6.804,20.972,3KC0428-2NE00-0AA0
51,6.804,21.769,3KC0430-2NE00-0AA0
51,6.804,22.566,3KC0434-2NE00-0AA0
51,6.841,23.364,3KC0436-0PE00-0AA0
51,6.841,24.161,3KC0438-0PE00-0AA0
51,6.841,24.958,3KC0440-0PE00-0AA0
51,6.841,25.756,3KC0442-0PE00-0AA0
51,6.795,26.553,3KC0444-0QE00-0AA0
51,6.795,27.35,3KC0446-0QE00-0AA0
51,6.795,28.148,3KC0448-0QE00-0AA0
51,6.835,28.945,3KC0450-0RE00-0AA0
51,6.835,29.742,3KC0452-0RE00-0AA0
51,6.835,30.54,3KC0454-0RE00-0AA0
52,7.731,4.339,3KC9201-3
52,7.731,5.137,3KC9301-1
52,7.731,5.934,3KC9401-1
52,7.732,6.731,3KC9501-1
52,7.112,9.096,8UD1131-2AE21
52,7.112,9.893,8UD1141-2AE21
52,7.112,10.691,8UD1151-3AE21
52,7.112,11.488,8UD1161-4AE21
52,7.699,13.853,3KD9103-5
52,7.699,14.65,3KD9103-1
52,6.497,15.448,3SU1400-1AA10-1FA0
52,7.745,24.563,3KF9304-6
52,7.699,25.36,3KD9404-6
52,7.699,26.158,3KD9504-6
52,7.744,26.955,3KF9304-8
52,7.699,27.752,3KD9404-8
52,7.699,28.55,3KD9504-8
52,7.731,30.914,3KC9118-1
52,7.731,31.712000000000003,3KC9118-2
52,7.731,32.509,3KC9218-1
52,7.731,33.306,3KC9218-2
52,7.731,34.104,3KC9318-0
52,7.731,34.901,3KC9418-0
52,7.731,35.698,3KC9518-0
54,20.441,5.633,3KC3424-2AA22-0AA3
54,20.441,6.519,3KC3426-2AA22-0AA3
54,20.441,7.404999999999999,3KC3428-2AA22-0AA3
54,20.441,8.291,3KC3430-2AA22-0AA3
54,20.441,9.177,3KC3432-2AA22-0AA3
54,20.441,10.063,3KC3434-2AA22-0AA3
54,12.13,10.949,3KC4338-0CA21-0AA3
54,20.435,10.949,3KC4438-0CA21-0AA3
54,12.112,11.835,3KC4342-0DA21-0AA3
54,20.418,11.835,3KC4442-0DA21-0AA3
54,12.153,12.721,3KC4346-0EA21-0AA3
54,20.458,12.721,3KC4446-0EA21-0AA3
54,12.17,13.607,3KC4348-0FA21-0AA3
54,20.476,13.607,3KC4448-0FA21-0AA3
54,12.17,14.493,3KC4350-0FA21-0AA3
54,20.476,14.493,3KC4450-0FA21-0AA3
54,12.114,15.379,3KC4352-0GA21-0AA3
54,20.42,15.379,3KC4452-0GA21-0AA3
54,12.108,16.265,3KC4354-0HA21-0AA3
54,20.414,16.265,3KC4454-0HA21-0AA3
54,12.196,17.151,3KC4356-0JA21-0AA3
54,20.501,17.151,3KC4456-0JA21-0AA3
54,12.196,18.037,3KC4358-0JA21-0AA3
54,20.501,18.037,3KC4458-0JA21-0AA3
54,12.196,18.923,3KC4360-0JA21-0AA3
54,20.501,18.923,3KC4460-0JA21-0AA3
55,-16.764,5.633,3KC3424-2AA22-0AA3
55,-16.764,6.519,3KC3426-2AA22-0AA3
55,-16.764,7.404999999999999,3KC3428-2AA22-0AA3
55,-16.764,8.291,3KC3430-2AA22-0AA3
55,-16.764,9.177,3KC3432-2AA22-0AA3
55,-16.764,10.063,3KC3434-2AA22-0AA3
55,-25.075,10.949,3KC4338-0CA21-0AA3
55,-16.769,10.949,3KC4438-0CA21-0AA3
55,-25.092,11.835,3KC4342-0DA21-0AA3
55,-16.787,11.835,3KC4442-0DA21-0AA3
55,-25.052,12.721,3KC4346-0EA21-0AA3
55,-16.746,12.721,3KC4446-0EA21-0AA3
55,-25.034,13.607,3KC4348-0FA21-0AA3
55,-16.729,13.607,3KC4448-0FA21-0AA3
55,-25.034,14.493,3KC4350-0FA21-0AA3
55,-16.729,14.493,3KC4450-0FA21-0AA3
55,-25.09,15.379,3KC4352-0GA21-0AA3
55,-16.785,15.379,3KC4452-0GA21-0AA3
55,-25.096,16.265,3KC4354-0HA21-0AA3
55,-16.791,16.265,3KC4454-0HA21-0AA3
55,-25.009,17.151,3KC4356-0JA21-0AA3
55,-16.703,17.151,3KC4456-0JA21-0AA3
55,-25.009,18.037,3KC4358-0JA21-0AA3
55,-16.703,18.037,3KC4458-0JA21-0AA3
55,-25.009,18.923,3KC4360-0JA21-0AA3
55,-16.703,18.923,3KC4460-0JA21-0AA3
55,20.514,6.32,3KC6424-2TA20-0TA3
55,20.514,7.152,3KC6426-2TA20-0TA3
55,20.514,7.984999999999999,3KC6428-2TA20-0TA3
55,20.514,8.817,3KC6430-2TA20-0TA3
55,20.514,9.65,3KC6432-2TA20-0TA3
55,20.514,10.482,3KC6434-2TA20-0TA3
55,12.111,11.315,3KC8338-0CA22-0GA3
55,20.416,11.315,3KC8438-0CA22-0GA3
55,12.093,12.147,3KC8342-0DA22-0GA3
55,20.399,12.147,3KC8442-0DA22-0GA3
55,12.134,12.98,3KC8346-0EA22-0GA3
55,20.439,12.98,3KC8446-0EA22-0GA3
55,12.151,13.812,3KC8348-0FA22-0GA3
55,20.457,13.812,3KC8448-0FA22-0GA3
55,12.151,14.645,3KC8350-0FA22-0GA3
55,20.457,14.645,3KC8450-0FA22-0GA3
55,12.096,15.477,3KC8352-0GA22-0GA3
55,20.401,15.477,3KC8452-0GA22-0GA3
55,12.09,16.31,3KC8354-0HA22-0GA3
55,20.395,16.31,3KC8454-0HA22-0GA3
55,12.177,17.142,3KC8356-0JA22-0GA3
55,20.483,17.142,3KC8456-0JA22-0GA3
55,12.177,17.975,3KC8358-0JA22-0GA3
55,20.483,17.975,3KC8458-0JA22-0GA3
55,12.177,18.807,3KC8360-0JA22-0GA3
55,20.483,18.807,3KC8460-0JA22-0GA3
56,15.16,4.339,3KC9618-2
56,15.16,5.137,3KC9618-3
56,15.16,5.934,3KC9818-2
56,15.16,6.731,3KC9818-3
56,15.16,7.529,3KC9818-4
56,15.16,8.326,3KC9818-5
56,15.16,9.123,3KC9818-6
56,15.16,9.921,3KC9818-7
56,15.159,10.718,3KC9818-8
56,6.201,12.792,3 Pole
56,14.984,15.352,3KC9822-1
56,22.133,15.352,3KC9832-1
56,14.984,16.149,3KC9822-2
56,22.133,16.149,3KC9832-2
56,14.984,16.947,3KC9822-3
56,22.133,16.947,3KC9832-3
56,14.984,17.744,3KC9822-4
56,22.133,17.744,3KC9832-4
56,14.985,18.541,3KC9822-5
56,22.134,18.541,3KC9832-5
56,14.985,19.339,3KC9822-6
56,22.134,19.339,3KC9832-6
56,14.986,20.136,3KC9822-7
56,22.135,20.136,3KC9832-7
56,6.201,21.132,4 Pole
56,14.984,22.895,3KC9830-1
56,22.133,22.895,3KC9831-1
56,14.984,23.692,3KC9830-2
56,22.133,23.692,3KC9831-2
56,14.984,24.489,3KC9830-3
56,22.133,24.489,3KC9831-3
56,14.984,25.287,3KC9830-4
56,22.133,25.287,3KC9831-4
56,14.985,26.084,3KC9830-5
56,22.134,26.084,3KC9831-5
56,14.985,26.881,3KC9830-6
56,22.134,26.881,3KC9831-6
56,14.986,27.679,3KC9830-7
56,22.135,27.679,3KC9831-7
56,15.159,30.974,3KC9624-1
56,15.159,31.859,3KC9824-1
56,15.161,34.236,3KC9625-1
56,15.16,36.613,3KC9823-0
56,15.16,37.499,3KC9823-2
56,15.16,39.953,3KC9603-1
56,15.161,40.838,3KC9803-1
56,15.161,41.724,3KC9803-2
56,15.159,44.134,3KC9604-2
56,15.159,44.931,3KC9804-1
56,15.159,45.728,3KC9804-3
56,15.159,46.526,3KC9804-2
56,15.159,47.323,3KC9804-4
57,-22.045,4.339,3KC9618-2
57,-22.045,5.137,3KC9618-3
57,-22.045,5.934,3KC9818-2
57,-22.045,6.731,3KC9818-3
57,-22.045,7.529,3KC9818-4
57,-22.045,8.326,3KC9818-5
57,-22.045,9.123,3KC9818-6
57,-22.045,9.921,3KC9818-7
57,-22.046,10.718,3KC9818-8
57,-31.004,12.792,3 Pole
57,-22.22,15.352,3KC9822-1
57,-15.072,15.352,3KC9832-1
57,-22.22,16.149,3KC9822-2
57,-15.072,16.149,3KC9832-2
57,-22.22,16.947,3KC9822-3
57,-15.072,16.947,3KC9832-3
57,-22.22,17.744,3KC9822-4
57,-15.072,17.744,3KC9832-4
57,-22.22,18.541,3KC9822-5
57,-15.071,18.541,3KC9832-5
57,-22.219,19.339,3KC9822-6
57,-15.071,19.339,3KC9832-6
57,-22.219,20.136,3KC9822-7
57,-15.07,20.136,3KC9832-7
57,-31.004,21.132,4 Pole
57,-22.221,22.895,3KC9830-1
57,-15.072,22.895,3KC9831-1
57,-22.221,23.692,3KC9830-2
57,-15.072,23.692,3KC9831-2
57,-22.221,24.489,3KC9830-3
57,-15.072,24.489,3KC9831-3
57,-22.221,25.287,3KC9830-4
57,-15.072,25.287,3KC9831-4
57,-22.22,26.084,3KC9830-5
57,-15.071,26.084,3KC9831-5
57,-22.22,26.881,3KC9830-6
57,-15.071,26.881,3KC9831-6
57,-22.219,27.679,3KC9830-7
57,-15.07,27.679,3KC9831-7
57,-22.045,30.974,3KC9624-1
57,-22.045,31.859,3KC9824-1
57,-22.044,34.236,3KC9625-1
57,-22.044,36.613,3KC9823-0
57,-22.044,37.499,3KC9823-2
57,-22.045,39.953,3KC9603-1
57,-22.044,40.838,3KC9803-1
57,-22.044,41.724,3KC9803-2
57,-22.046,44.134,3KC9604-2
57,-22.046,44.931,3KC9804-1
57,-22.046,45.728,3KC9804-3
57,-22.046,46.526,3KC9804-2
57,-22.046,47.323,3KC9804-4
57,6.384,4.738,3KF1303-0LB11
57,6.384,5.801,3KF1306-0LB11
57,6.384,6.864,3KF1308-0LB11
57,6.403,7.927,3KF2312-0LF11
57,6.403,8.99,3KF2316-0LF11
57,6.404,10.053,3KF3325-0LF11
57,6.404,11.117,3KF4340-0LF11
57,6.404,12.18,3KF5363-0LF11
57,6.404,13.243,3KF5380-0LF11
57,6.378,15.873,3KF1403-0LB11
57,6.378,16.936,3KF1406-0LB11
57,6.379,17.999,3KF1408-0LB11
57,6.399,19.062,3KF2412-0LF11
57,6.399,20.125,3KF2416-0LF11
57,6.4,21.188,3KF3425-0LF11
57,6.4,22.251,3KF4440-0LF11
57,6.4,23.315,3KF5463-0LF11
57,6.4,24.378,3KF5480-0LF11
57,5.242,25.91,4th contact element
57,6.344,28.071,3KF9105-2AA00
57,6.344,29.134,3KF9106-8AA00
57,6.344,30.197,3KF9205-0AA00
57,6.344,31.26,3KF9206-7AA00
57,6.344,32.323,3KF9305-0AA00
57,6.344,33.386,3KF9306-7AA00
57,6.344,34.45,3KF9405-0AA00
57,6.344,35.513,3KF9406-7AA00
57,6.344,36.576,3KF9505-0AA00
57,6.344,37.639,3KF9506-7AA00
58,5.242,1.488,ACCESSORIES - 3KF
58,8.513,4.728,3KF9101-1AA00
58,8.513,5.791,3KF9201-1AA00
58,8.513,6.854,3KF9301-1AA00
58,8.513,7.917,3KF9401-1AA00
58,8.513,8.98,3KF9501-1AA00
58,8.477,11.61,8UD1171-2AF21
58,8.477,12.674,8UD1141-2AF21
58,8.477,13.737,8UD1141-3AF21
58,8.477,14.8,8UD1151-3AF21
58,8.477,15.863,8UD1161-4AF21
58,9.061,19.168,3KD9103-5
58,9.061,20.232,3KD9103-2
58,7.859999999999999,21.295,3SU1400-1AA10-1FA0
58,9.061,23.925,3KD9204-6
58,9.107,24.989,3KF9304-6
58,9.061,26.052,3KD9404-6
58,9.061,27.115,3KD9504-6
58,9.061,28.178,3KD9204-8
58,9.106,29.241,3KF9304-8
58,9.06,30.304,3KD9404-8
58,9.06,31.367,3KD9504-8
58,9.291,33.997,8UC6082
58,9.291,35.061,8UC6083
58,9.291,36.124,8UC6084
58,8.49,39.142,8UD1900-0FA00
59,-31.963,1.488,ACCESSORIES - 3KF
59,-28.692,4.728,3KF9101-1AA00
59,-28.692,5.791,3KF9201-1AA00
59,-28.692,6.854,3KF9301-1AA00
59,-28.692,7.917,3KF9401-1AA00
59,-28.692,8.98,3KF9501-1AA00
59,-28.728,11.61,8UD1171-2AF21
59,-28.728,12.674,8UD1141-2AF21
59,-28.728,13.737,8UD1141-3AF21
59,-28.728,14.8,8UD1151-3AF21
59,-28.728,15.863,8UD1161-4AF21
59,-28.143,19.168,3KD9103-5
59,-28.143,20.232,3KD9103-2
59,-29.345,21.295,3SU1400-1AA10-1FA0
59,-28.143,23.925,3KD9204-6
59,-28.097,24.989,3KF9304-6
59,-28.143,26.052,3KD9404-6
59,-28.143,27.115,3KD9504-6
59,-28.143,28.178,3KD9204-8
59,-28.097,29.241,3KF9304-8
59,-28.143,30.304,3KD9404-8
59,-28.143,31.367,3KD9504-8
59,-27.913,33.997,8UC6082
59,-27.913,35.061,8UC6083
59,-27.913,36.124,8UC6084
59,-28.715,39.142,8UD1900-0FA00
59,8.012,4.251,3NW7013
59,8.012,5.048,3NW7033
59,8.012,5.845,3NW7063
59,7.787000000000001,8.21,3NW6011-1
59,7.787000000000001,9.008,3NW6002-1
59,7.787000000000001,9.805,3NW6004-1
59,7.787000000000001,10.602,3NW6001-1
59,7.787000000000001,11.4,3NW6003-1
59,7.786,12.197,3NW6005-1
59,7.786,12.994,3NW6007-1
59,7.785,13.792,3NW6010-1
59,7.785,14.589,3NW6012-1
59,7.297,16.954,3NP1123-1CA20
59,7.304,17.751,3NP1133-1BC10
59,7.297,18.548,3NP1133-1CA10
59,7.304,19.346,3NP1143-1BC10
59,7.28,20.143,3NP1143-1DA10
59,7.304,20.94,3NP1153-1BC10
59,7.28,21.738,3NP1153-1DA10
59,7.28,22.535,3NP1163-1DA10
59,8.096,24.9,3NA3802
59,8.096,25.697,3NA3804
59,8.096,26.494,3NA3801
59,8.096,27.292,3NA3803
59,8.096,28.089,3NA3805
59,8.096,28.886,3NA3807
59,8.096,29.684,3NA3810
59,8.096,30.481,3NA3812
59,8.096,31.278,3NA3814
59,8.096,32.076,3NA3817
59,8.096,32.873,3NA3820
59,8.096,33.67,3NA3822
59,8.096,34.468,3NA3824
59,8.096,35.265,3NA3830
59,8.096,36.062,3NA3832
59,8.096,36.86,3NA3836
59,8.096,37.657,3NA3030
59,8.096,38.454,3NA3032
59,8.096,39.252,3NA3036
59,8.096,40.049,3NA3140
59,8.096,40.846,3NA3144
59,8.096,41.644,3NA3250
59,8.096,42.441,3NA3252
59,8.096,43.238,3NA3254
59,8.096,44.036,3NA3260
59,8.096,44.833,3NA3362
59,8.096,45.63,3NA3365
59,8.096,46.428,3NA3372
63,19.636,3.665,Size 00
63,22.212,7.632999999999999,3RT2015-1B.41
63,26.862,7.632999999999999,3RT2015-2B.41
63,22.212,8.43,3RT2016-1B.41
63,26.863,8.43,3RT2016-2B.41
63,22.212,9.228,3RT2017-1B.41
63,26.863,9.228,3RT2017-2B.41
63,22.212,10.025,3RT2018-1B.41
63,26.863,10.025,3RT2018-2B.41
63,19.773,12.209,Size 0
63,22.21,17.861,3RT2023-1B.40
63,26.861,17.861,3RT2023-2B.40
63,22.21,18.659,3RT2024-1B.40
63,26.86,18.659,3RT2024-2B.40
63,22.209,19.456,3RT2025-1B.40
63,26.86,19.456,3RT2025-2B.40
63,22.209,20.253,3RT2026-1B.40
63,26.859,20.253,3RT2026-2B.40
63,22.208,21.051,3RT2027-1B.40
63,26.859,21.051,3RT2027-2B.40
63,22.208,21.848,3RT2028-1B.40
63,26.858,21.848,3RT2028-2B.40
63,19.777,25.166,Size 2
63,24.508,29.153,3RT2035-1N.30
63,24.509,29.95,3RT2036-1N.30
63,24.509,30.748,3RT2037-1N.30
63,24.51,31.545,3RT2038-1N.30
63,19.778,35.532,Size 3
63,24.509,38.721,3RT2045-1N.30
63,24.51,39.519,3RT2046-1N.30
63,24.51,40.316,3RT2047-1N.30
64,5.905,3.873,Size S6
64,31.065,4.875,3RT1054-6N.36
64,31.065,5.672,3RT1055-6N.36
64,31.065,6.469,3RT1056-6N.36
64,5.769,7.266999999999999,Size S10
64,31.066,8.064,3RT1064-6N.36
64,31.066,8.861,3RT1065-6N.36
64,31.067,9.659,3RT1066-6N.36
64,5.77,10.456,Size S12
64,31.067,11.253,3RT1075-6N.36
64,31.068,12.051,3RT1076-6N.36
64,30.954,17.85,3TF6844-0C.7
64,30.955,18.647,3TF6944-0C.7
64,5.242,20.722,3RH contactor relays
64,18.669,25.686,3RH2122-1B.40
64,24.718,25.686,3RH2122-2B.40
64,18.669,26.483,3RH2131-1B.40
64,24.718,26.483,3RH2131-2B.40
64,18.668,27.28,3RH2140-1B.40
64,24.718,27.28,3RH2140-2B.40
65,6.43,5.126,3RH2911-1HA01
65,12.465,5.126,3RH2911-2HA01
65,6.43,5.923,3RH2911-1HA02
65,12.465,5.923,3RH2911-2HA02
65,6.43,6.72,3RH2911-1HA10
65,12.465,6.72,3RH2911-2HA10
65,6.43,7.518000000000001,3RH2911-1HA11
65,12.465,7.518000000000001,3RH2911-2HA11
65,6.43,8.315,3RH2911-1HA22
65,12.465,8.315,3RH2911-2HA22
65,6.43,9.112,3RH2911-1HA13
65,12.465,9.112,3RH2911-2HA13
65,6.43,9.91,3RH2911-1HA31
65,12.465,9.91,3RH2911-2HA31
65,6.49,10.707,3RH2911-1FA40
65,12.525,10.707,3RH2911-2FA40
65,6.436,13.072,3RH2911-1DA02
65,12.47,13.072,3RH2911-2DA02
65,6.436,13.869,3RH2911-1DA11
65,12.471,13.869,3RH2911-2DA11
65,6.437,14.667,3RH2911-1DA20
65,12.471,14.667,3RH2911-2DA20
65,6.436,17.032,3RH2921-1DA02
65,12.47,17.032,3RH2921-2DA02
65,6.436,17.829,3RH2921-1DA11
65,12.471,17.829,3RH2921-2DA11
65,6.437,18.626,3RH2921-1DA20
65,12.471,18.626,3RH2921-2DA20
65,6.44,21.667,3RH2911-1GA22
65,12.474,21.667,3RH2911-2GA22
65,6.44,22.464,3RH2911-1GA13
65,12.474,22.464,3RH2911-2GA13
65,6.441,23.261,3RH2911-1GA31
65,12.475,23.261,3RH2911-2GA31
65,6.441,24.059,3RH2911-1GA40
65,12.475,24.059,3RH2911-2GA40
65,6.442,24.856,3RH2911-1GA04
65,12.476,24.856,3RH2911-2GA04
65,8.071,29.368,Size 00
65,7.054,30.165,3RT2916-1BB00
65,26.429,30.165,24...48
65,7.027,30.963,3RT2916-1BD00
65,26.154,30.963,127...240
65,8.207,31.76,Size 0
65,7.053,32.558,3RT2926-1BB00
65,26.428,32.558,24...48
65,7.048,33.355,3RT2926-1BC00
65,26.291,33.355,48...127
65,7.026,34.152,3RT2926-1BD00
65,26.154,34.152,127...240
65,7.069,34.95,3RT2926-1BE00
65,26.154,34.95,240...400
65,7.053,36.544,3RT2936-1BB00
65,26.428,36.544,24...48
65,7.048,37.342,3RT2936-1BC00
65,26.291,37.342,48...127
65,7.026,38.139,3RT2936-1BD00
65,26.154,38.139,127...240
66,7.069,2.873,3RT2936-1BE00
66,26.154,2.873,240...400
66,7.155,6.035,3RA2913-2AA1
66,16.498,6.035,3RA2913-2AA2
66,7.154,6.833,3RA2923-2AA1
66,16.498,6.833,3RA2923-2AA2
66,7.42,11.467,3RA2912-2H
66,7.42,12.264,3RA2922-2H
66,7.447,13.062,3RA2934-2B
66,7.42,13.859,3RA2932-2D
66,7.192,16.989,3RT2936-4EA2
66,7.192,17.72,3RT2946-4EA2
66,7.192,18.452,3RT1956-4EA2
66,7.192,19.184,3RT1966-4EA2
66,7.192,21.569,3RT1946-4EA1
66,7.192,22.463,3RT1956-4EA1
66,7.192,23.349,3RT1966-4EA1
67,19.326,2.939,230VAC CONTROL
67,28.853,2.939,24VDC CONTROL
67,19.636,3.703,Size 00
67,18.871,4.589,3RT2015-1CP04-3MA0
67,28.308,4.589,3RT2015-1FB44-3MA0
67,18.871,5.475,3RT2016-1CP04-3MA0
67,28.308,5.475,3RT2016-1FB44-3MA0
67,18.871,6.361,3RT2017-1CP04-3MA0
67,28.308,6.361,3RT2017-1FB44-3MA0
67,18.871,7.247,3RT2018-1CP04-3MA0
67,28.308,7.247,3RT2018-1FB44-3MA0
67,19.773,8.133,Size 0
67,18.891,9.019,3RT2024-1CL24-3MA0
67,28.308,9.019,3RT2024-1FB44-3MA0
67,18.891,9.905,3RT2025-1CL24-3MA0
67,28.309,9.905,3RT2025-1FB44-3MA0
67,18.892,10.791,3RT2026-1CL24-3MA0
67,28.309,10.791,3RT2026-1FB44-3MA0
67,18.892,11.677,3RT2027-1CL24-3MA0
67,28.31,11.677,3RT2027-1FB44-3MA0
67,18.893,12.563,3RT2028-1CL24-3MA0
67,28.31,12.563,3RT2028-1FB44-3MA0
67,19.775,13.449,Size 2
67,18.893,14.334,3RT2036-1CL24-3MA0
67,28.264,14.334,3RT2036-1NB34-3MA0
67,18.894,15.22,3RT2037-1CL24-3MA0
67,28.265,15.22,3RT2037-1NB34-3MA0
67,18.894,16.106,3RT2038-1CL24-3MA0
67,28.265,16.106,3RT2038-1NB34-3MA0
67,19.776,16.992,Size 3
67,18.874,17.878,3RT2045-1CP04-3MA0
67,28.265,17.878,3RT2045-1NB34-3MA0
67,18.895,18.764,3RT2046-1CL24-3MA0
67,28.266,18.764,3RT2046-1NB34-3MA0
67,18.895,19.65,3RT2047-1CL24-3MA0
67,28.266,19.65,3RT2047-1NB34-3MA0
67,19.777,20.536,Size 6
67,18.961,21.422,3RT1055-6AP36-3PA0
67,18.961,22.308,3RT1056-6AP36-3PA0
67,19.639,23.194,Size 10
67,18.961,24.08,3RT1064-6AP36-3PA0
67,18.961,24.966,3RT1065-6AP36-3PA0
67,18.961,25.852,3RT1066-6AP36-3PA0
67,19.639,26.738,Size 12
67,18.961,27.624,3RT1075-6AP36-3PA0
67,18.961,28.509,3RT1076-6AP36-3PA0
67,28.935,31.232,3RT1926-4MA10
67,29.947,44.734,24DC CONTROL
67,22.358,45.498,3RH2244-1AP00
67,29.917,45.498,3RH2244-1BB40
67,22.359,46.384,3RH2262-1AP00
67,29.917,46.384,3RH2262-1BB40
68,9.93,2.577,c class 10
68,19.635,4.937,Size 00
68,5.902,5.689,3RV2011-0AA10
68,10.79,5.689,3RV2011-0AA20
68,23.882,5.689,0.11 -0.16
68,5.912,6.441,3RV2011-0BA10
68,10.8,6.441,3RV2011-0BA20
68,5.905,7.194,3RV2011-0CA10
68,10.792,7.194,3RV2011-0CA20
68,5.887,7.946,3RV2011-0DA10
68,10.775,7.946,3RV2011-0DA20
68,5.926,8.698,3RV2011-0EA10
68,10.814,8.698,3RV2011-0EA20
68,5.942,9.451,3RV2011-0FA10
68,10.83,9.451,3RV2011-0FA20
68,5.891,10.203,3RV2011-0GA10
68,10.779,10.203,3RV2011-0GA20
68,5.882,10.955,3RV2011-0HA10
68,10.77,10.955,3RV2011-0HA20
68,5.964,11.708,3RV2011-0JA10
68,10.852,11.708,3RV2011-0JA20
68,5.905,12.46,3RV2011-0KA10
68,10.793,12.46,3RV2011-0KA20
68,5.902,13.212,3RV2011-1AA10
68,10.79,13.212,3RV2011-1AA20
68,5.911,13.965,3RV2011-1BA10
68,10.799,13.965,3RV2011-1BA20
68,5.903,14.717,3RV2011-1CA10
68,10.791,14.717,3RV2011-1CA20
68,5.886,15.469,3RV2011-1DA10
68,10.773,15.469,3RV2011-1DA20
68,5.923,16.222,3RV2011-1EA10
68,10.811,16.222,3RV2011-1EA20
68,5.939,16.974,3RV2011-1FA10
68,10.827,16.974,3RV2011-1FA20
68,5.887,17.726,3RV2011-1GA10
68,10.775,17.726,3RV2011-1GA20
68,5.878,18.479,3RV2011-1HA10
68,10.765,18.479,3RV2011-1HA20
68,5.96,19.231,3RV2011-1JA10
68,10.847,19.231,3RV2011-1JA20
68,5.901,19.984,3RV2011-1KA10
68,10.788,19.984,3RV2011-1KA20
68,5.897,20.736,3RV2011-4AA10
68,10.785,20.736,3RV2011-4AA20
68,19.767,21.488,Size 0
68,5.897,22.241,3RV2021-1AA10
68,10.785,22.241,3RV2021-1AA20
68,5.906,22.993,3RV2021-1BA10
68,10.793,22.993,3RV2021-1BA20
68,5.898,23.745,3RV2021-1CA10
68,10.786,23.745,3RV2021-1CA20
68,5.88,24.498,3RV2021-1DA10
68,10.768,24.498,3RV2021-1DA20
68,5.918,25.25,3RV2021-1EA10
68,10.806,25.25,3RV2021-1EA20
68,5.934,26.002,3RV2021-1FA10
68,10.822,26.002,3RV2021-1FA20
68,5.882,26.755,3RV2021-1GA10
68,10.77,26.755,3RV2021-1GA20
68,5.872,27.507,3RV2021-1HA10
68,10.76,27.507,3RV2021-1HA20
68,5.955,28.259,3RV2021-1JA10
68,10.842,28.259,3RV2021-1JA20
68,5.895,29.012,3RV2021-1KA10
68,10.783,29.012,3RV2021-1KA20
68,5.892,29.764,3RV2021-4AA10
68,10.779,29.764,3RV2021-4AA20
68,5.901,30.516,3RV2021-4BA10
68,10.789,30.516,3RV2021-4BA20
68,24.197,30.516,13 - 20
68,5.894,31.269,3RV2021-4CA10
68,10.781,31.269,3RV2021-4CA20
68,24.197,31.269,17 - 22
68,5.876,32.021,3RV2021-4DA10
68,10.764,32.021,3RV2021-4DA20
68,24.197,32.021,20 - 25
68,5.871,32.773,3RV2021-4NA10
68,10.758,32.773,3RV2021-4NA20
68,24.196,32.773,23 - 28
68,5.914,33.526,3RV2021-4EA10
68,10.801,33.526,3RV2021-4EA20
68,24.196,33.526,27 - 32
68,5.92,34.278,3RV2021-4PA10
68,24.196,34.278,30 - 36
68,5.93,35.03,3RV2021-4FA10
68,24.196,35.03,34 - 40
68,19.761,37.2,Size 2
68,8.358,37.952,3RV2031-4EA10
68,24.196,37.952,22 - 32
68,8.364,38.704,3RV2031-4PA10
68,24.196,38.704,28 - 36
68,8.325,39.457,3RV2031-4UA10
68,24.196,39.457,32 - 40
68,8.347,40.209,3RV2031-4VA10
68,24.196,40.209,35 - 45
68,8.261,40.961,3RV2031-4WA10
68,24.196,40.961,42 - 52
68,8.341,41.714,3RV2031-4XA10
68,24.196,41.714,49 - 59
68,8.396,42.466,3RV2031-4JA10
68,24.196,42.466,54 - 65
68,8.338,43.219,3RV2031-4KA10
68,24.196,43.219,62 - 73
68,19.761,43.961,Size 3
68,8.397,44.703,3RV2041-4JA10
68,24.197,44.703,45 - 63
68,8.339,45.455,3RV2041-4KA10
68,24.197,45.455,57 - 75
68,8.347,46.207,3RV2041-4RA10
68,24.197,46.207,65 - 84
68,8.364,46.96,3RV2041-4YA10
68,24.197,46.96,75 - 93
68,8.276,47.712,3RV2041-4MA10
68,24.06,47.712,80 - 100
69,19.626,5.075,Size 00
69,6.324,5.961,3RV2311-0JC10
69,11.95,5.961,3RV2311-0JC20
69,6.278,6.847,3RV2311-0KC10
69,11.904,6.847,3RV2311-0KC20
69,6.269,7.733,3RV2311-1AC10
69,11.895,7.733,3RV2311-1AC20
69,6.272,8.619,3RV2311-1BC10
69,11.898,8.619,3RV2311-1BC20
69,6.27,9.505,3RV2311-1CC10
69,11.897,9.505,3RV2311-1CC20
69,6.246,10.391,3RV2311-1DC10
69,11.872,10.391,3RV2311-1DC20
69,6.293,11.277,3RV2311-1EC10
69,11.919,11.277,3RV2311-1EC20
69,6.293,12.163,3RV2311-1FC10
69,11.92,12.163,3RV2311-1FC20
69,6.253,13.049,3RV2311-1GC10
69,11.88,13.049,3RV2311-1GC20
69,6.246,13.934,3RV2311-1HC10
69,11.872,13.934,3RV2311-1HC20
69,6.326,14.82,3RV2311-1JC10
69,11.953,14.82,3RV2311-1JC20
69,6.28,15.706,3RV2311-1KC10
69,11.907,15.706,3RV2311-1KC20
69,6.271,16.592,3RV2311-4AC10
69,11.898,16.592,3RV2311-4AC20
69,19.766,17.478,Size 0
69,6.254,18.364,3RV2321-1GC10
69,11.88,18.364,3RV2321-1GC20
69,6.247,19.25,3RV2321-1HC10
69,11.873,19.25,3RV2321-1HC20
69,6.327,20.136,3RV2321-1JC10
69,11.954,20.136,3RV2321-1JC20
69,6.281,21.022,3RV2321-1KC10
69,11.908,21.022,3RV2321-1KC20
69,6.272,21.908,3RV2321-4AC10
69,11.899,21.908,3RV2321-4AC20
69,6.275,22.794,3RV2321-4BC10
69,11.902,22.794,3RV2321-4BC20
69,6.273,23.68,3RV2321-4CC10
69,11.9,23.68,3RV2321-4CC20
69,6.248,24.566,3RV2321-4DC10
69,11.875,24.566,3RV2321-4DC20
69,6.248,25.452,3RV2321-4NC10
69,11.874,25.452,3RV2321-4NC20
69,6.295,26.338,3RV2321-4EC10
69,11.922,26.338,3RV2321-4EC20
69,6.286,27.224,3RV2321-4PC10
69,6.296,28.109,3RV2321-4FC10
69,19.768,30.767,Size 2
69,9.109,31.653,3RV2331-4EC10
69,9.068,32.539,3RV2331-4UC10
69,9.087,33.425,3RV2331-4VC10
69,9.0,34.311,3RV2331-4WC10
69,19.768,35.197,Size 3
69,9.11,36.083,3RV2341-4FC10
69,9.062,36.969,3RV2341-4HC10
69,9.142,37.855,3RV2341-4JC10
69,9.096,38.741,3RV2341-4KC10
69,9.096,39.627,3RV2341-4RC10
69,9.104,40.513,3RV2341-4YC10
69,9.024,41.399,3RV2341-4MC10
70,9.93,2.572,c class 10
70,6.569,5.782,RV2032-4EA10
70,22.615,5.782,22 - 32
70,6.302,6.668,3RV2032-4PA10
70,22.615,6.668,28 - 36
70,6.262,7.554,3RV2032-4UA10
70,22.615,7.554,32 - 40
70,6.285,8.44,3RV2032-4VA10
70,22.615,8.44,35 - 45
70,6.198,9.326,3RV2032-4WA10
70,22.615,9.326,42 - 52
70,6.279,10.212,3RV2032-4XA10
70,22.615,10.212,49 - 59
70,6.334,11.097,3RV2032-4JA10
70,22.615,11.097,54 - 65
70,6.276,11.983,3RV2032-4KA10
70,22.615,11.983,62 - 73
70,6.306,13.755,3RV2042-4FB10
70,22.615,13.755,28 - 40
70,6.259,14.641,3RV2042-4HB10
70,22.615,14.641,36 - 50
70,6.339,15.527,3RV2042-4JB10
70,22.615,15.527,45 - 63
70,6.283,16.413,3RV2042-4KB10
70,22.615,16.413,57 - 75
70,6.291,17.299,3RV2042-4RB10
70,22.615,17.299,65 - 84
70,6.291,18.185,3RV2042-4YB10
70,22.615,18.185,75 - 93
70,6.22,19.071,3RV2042-4MB10
70,22.478,19.071,80 - 100
70,6.315,23.724,3RV2332-4SC10
70,6.312,24.61,3RV2332-4TC10
70,6.291,25.496,3RV2332-4BC10
70,6.264,26.382,3RV2332-4DC10
70,6.311,27.268,3RV2332-4EC10
70,6.302,28.153,3RV2332-4PC10
70,6.288,29.039,3RV2332-4VC10
70,6.343,29.925,3RV2332-4JC10
70,6.311,31.697000000000003,3RV2342-4FC10
70,6.262,32.583,3RV2342-4HC10
70,6.342,33.469,3RV2342-4JC10
70,6.296,34.355,3RV2342-4KC10
70,6.295,35.241,3RV2342-4RC10
70,6.303,36.127,3RV2342-4YC10
70,6.223,37.013,3RV2342-4MC10
71,-27.274,2.572,c class 10
71,-30.635,5.782,RV2032-4EA10
71,-14.589,5.782,22 - 32
71,-30.903,6.668,3RV2032-4PA10
71,-14.589,6.668,28 - 36
71,-30.942,7.554,3RV2032-4UA10
71,-14.589,7.554,32 - 40
71,-30.92,8.44,3RV2032-4VA10
71,-14.589,8.44,35 - 45
71,-31.007,9.326,3RV2032-4WA10
71,-14.589,9.326,42 - 52
71,-30.926,10.212,3RV2032-4XA10
71,-14.589,10.212,49 - 59
71,-30.871,11.097,3RV2032-4JA10
71,-14.589,11.097,54 - 65
71,-30.929,11.983,3RV2032-4KA10
71,-14.589,11.983,62 - 73
71,-30.899,13.755,3RV2042-4FB10
71,-14.589,13.755,28 - 40
71,-30.946,14.641,3RV2042-4HB10
71,-14.589,14.641,36 - 50
71,-30.866,15.527,3RV2042-4JB10
71,-14.589,15.527,45 - 63
71,-30.922,16.413,3RV2042-4KB10
71,-14.589,16.413,57 - 75
71,-30.914,17.299,3RV2042-4RB10
71,-14.589,17.299,65 - 84
71,-30.913,18.185,3RV2042-4YB10
71,-14.589,18.185,75 - 93
71,-30.984,19.071,3RV2042-4MB10
71,-14.727,19.071,80 - 100
71,-30.889,23.724,3RV2332-4SC10
71,-30.893,24.61,3RV2332-4TC10
71,-30.914,25.496,3RV2332-4BC10
71,-30.94,26.382,3RV2332-4DC10
71,-30.894,27.268,3RV2332-4EC10
71,-30.903,28.153,3RV2332-4PC10
71,-30.917,29.039,3RV2332-4VC10
71,-30.862,29.925,3RV2332-4JC10
71,-30.894,31.697000000000003,3RV2342-4FC10
71,-30.942,32.583,3RV2342-4HC10
71,-30.863,33.469,3RV2342-4JC10
71,-30.909,34.355,3RV2342-4KC10
71,-30.91,35.241,3RV2342-4RC10
71,-30.902,36.127,3RV2342-4YC10
71,-30.982,37.013,3RV2342-4MC10
71,7.303,5.569,3RV2901-1E
71,14.078,5.569,3RV2901-2E
71,6.97,8.812,3RV2902-1DB0
71,13.745,8.812,3RV2902-2DB0
71,6.981,9.787,3RV2902-1DP0
71,13.755,9.787,3RV2902-2DP0
71,24.773,9.787,Shunt Release 230VAC
71,6.989,10.762,3RV2902-1AB4
71,7.0,11.736,3RV2902-1AP0
71,13.775,11.736,3RV2902-2AP0
71,6.995,12.711,3RV2902-1AV0
71,13.769,12.711,3RV2902-2AV0
71,7.287,16.094,3RV2926-1B
71,7.283,16.98,3RV2926-1K
71,7.282,17.866,3RV2926-1C
71,7.325,18.751,3RV2926-1L
71,7.287,20.523,3RV2926-3B
71,7.287,21.409,3RV2936-3B
71,7.287,22.295,3RV2946-3B
71,7.281,23.181,3RV2926-3C
71,7.281,24.067,3RV2936-3C
71,7.281,24.953,3RV2946-3C
71,6.823,27.406,3RA1921-1DA00
71,6.838,28.292,3RA2921-1AA00
71,6.847,29.178,3RA2921-1BA00
71,6.838,30.063,3RA2931-1AA00
71,6.838,30.949,3RA1941-1AA00
71,6.838,31.835,3RA2911-2AA00
71,6.838,32.721,3RA2921-2AA00
71,6.84,33.607,3RA2911-1CA00
71,7.123,36.105,3RV2925-5AB
71,7.123,38.054,3RV1915-1AB
71,7.131,39.028,3RV1915-1BB
71,7.126,40.003,3RV1915-1CB
71,7.104,40.977,3RV1915-1DB
71,7.123,41.952,3RV1915-2AB
71,7.13,42.926,3RV1915-2BB
71,7.126,43.901,3RV1915-2CB
71,7.104,44.875,3RV1915-2DB
71,7.283,46.824,3RV1935-1B
71,7.278,47.799,3RV1935-1C
72,6.973,6.41,3RU2116-0AB0
72,13.747,6.41,3RU2116-0AC0
72,30.194,6.41,0.11 - 0.16
72,6.98,7.295999999999999,3RU2116-0BB0
72,13.75,7.295999999999999,3RU2116-0BC0
72,30.331,7.295999999999999,0.14 - 0.2
72,6.975,8.182,3RU2116-0CB0
72,13.749,8.182,3RU2116-0CC0
72,30.194,8.182,0.18 - 0.25
72,6.954,9.068,3RU2116-0DB0
72,13.724,9.068,3RU2116-0DC0
72,30.194,9.068,0.22 - 0.32
72,6.996,9.954,3RU2116-0EB0
72,13.77,9.954,3RU2116-0EC0
72,30.331,9.954,0.28 - 0.4
72,6.999,10.84,3RU2116-0FB0
72,13.771,10.84,3RU2116-0FC0
72,30.331,10.84,0.35 - 0.5
72,6.96,11.726,3RU2116-0GB0
72,13.731,11.726,3RU2116-0GC0
72,30.194,11.726,0.45 - 0.63
72,6.952,12.612,3RU2116-0HB0
72,13.723,12.612,3RU2116-0HC0
72,30.331,12.612,0.55 - 0.8
72,7.033,13.498,3RU2116-0JB0
72,13.803,13.498,3RU2116-0JC0
72,30.662,13.498,0.7 - 1
72,6.976,14.384,3RU2116-0KB0
72,13.756,14.384,3RU2116-0KC0
72,30.331,14.384,0.9 - 1.25
72,6.973,15.27,3RU2116-1AB0
72,13.747,15.27,3RU2116-1AC0
72,30.468,15.27,1.1 - 1.6
72,6.98,16.156,3RU2116-1BB0
72,13.75,16.156,3RU2116-1BC0
72,30.662,16.156,1.4 - 2
72,6.975,17.041,3RU2116-1CB0
72,13.748,17.041,3RU2116-1CC0
72,30.468,17.041,1.8 - 2.5
72,6.953,17.927,3RU2116-1DB0
72,13.723,17.927,3RU2116-1DC0
72,30.469,17.927,2.2 - 3.2
72,6.996,18.813,3RU2116-1EB0
72,13.77,18.813,3RU2116-1EC0
72,30.662,18.813,2.8 - 4
72,6.999,19.699,3RU2116-1FB0
72,13.77,19.699,3RU2116-1FC0
72,30.662,19.699,3.5 - 5
72,6.96,20.585,3RU2116-1GB0
72,13.731,20.585,3RU2116-1GC0
72,30.469,20.585,4.5 - 6.3
72,6.953,21.471,3RU2116-1HB0
72,13.723,21.471,3RU2116-1HC0
72,30.662,21.471,5.5 - 8
72,7.033,22.357,3RU2116-1JB0
72,13.803,22.357,3RU2116-1JC0
72,6.977,23.243,3RU2116-1KB0
72,13.757,23.243,3RU2116-1KC0
72,30.525,23.243,9 - 12.5
72,6.973,24.129,3RU2116-4AB0
72,13.748,24.129,3RU2116-4AC0
72,30.582,24.129,11 - 16
72,6.975,26.58,3RU2126-1CB0
72,13.749,26.58,3RU2126-1CC0
72,6.954,27.466,3RU2126-1DB0
72,13.724,27.466,3RU2126-1DC0
72,7.0,28.352,3RU2126-1FB0
72,13.772,28.352,3RU2126-1FC0
72,6.954,29.238,3RU2126-1HB0
72,13.724,29.238,3RU2126-1HC0
72,7.034,30.124,3RU2126-1JB0
72,13.805,30.124,3RU2126-1JC0
72,6.979,31.01,3RU2126-1KB0
72,13.759,31.01,3RU2126-1KC0
72,6.975,31.896,3RU2126-4AB0
72,13.75,31.896,3RU2126-4AC0
72,6.983,32.782,3RU2126-4BB0
72,13.753,32.782,3RU2126-4BC0
72,6.978,33.668,3RU2126-4CB0
72,13.752,33.668,3RU2126-4CC0
72,6.957,34.554,3RU2126-4DB0
72,13.727,34.554,3RU2126-4DC0
72,7.0,35.44,3RU2126-4EB0
72,13.773,35.44,3RU2126-4EC0
72,30.584,35.44,27 - 32
72,6.994,36.326,3RU2126-4PB0
72,13.764,36.326,3RU2126-4PC0
72,30.584,36.326,30 - 36
72,7.002,37.212,3RU2126-4FB0
72,13.774,37.212,3RU2126-4FC0
72,30.584,37.212,34 - 40
72,6.973,39.664,3RU2136-4AB0
72,6.981,40.55,3RU2136-4BB0
72,6.954,41.436,3RU2136-4DB0
72,6.997,42.322,3RU2136-4EB0
72,7.0,43.208,3RU2136-4FB0
72,6.961,44.094,3RU2136-4GB0
72,6.953,44.98,3RU2136-4HB0
72,6.945,45.866,3RU2136-4QB0
72,7.033,46.752,3RU2136-4JB0
72,6.977,47.638,3RU2136-4KB0
72,6.985,48.524,3RU2136-4RB0
73,8.653,5.87,3RU2146-4FB0
73,29.715,5.87,28 - 40
73,8.607,6.933,3RU2146-4HB0
73,29.715,6.933,36 - 50
73,8.687,7.996,3RU2146-4JB0
73,29.715,7.996,45 - 63
73,8.631,9.059,3RU2146-4KB0
73,29.715,9.059,57 - 75
73,8.666,10.123,3RU2146-4LB0
73,29.716,10.123,70 - 90
73,8.569,11.186,3RU2146-4MB0
73,29.578,11.186,80 - 100
73,8.449,14.879,3RU2916-3AA01
73,8.449,15.942,3RU2926-3AA01
73,8.449,17.005,3RU2936-3AA01
73,8.449,18.068,3RU2946-3AA01
73,7.786,21.258,3SU1900-0KG10-0AA0
73,7.818,22.321,3SU1200-0FB10-0AA0
73,8.89,23.384,3RU2900-1B
73,8.885,24.447,3RU2900-1C
73,8.456,25.51,3RU1900-2AB71
73,8.475,26.573,3RU1900-2AF71
73,8.39,27.637,3RU1900-2AM71
73,5.242,32.689,2. 3SU1900-0KG10-0AA0
73,14.212,32.689,2. 3SU1900-0KG10-0AA0
73,5.242,33.501,3. 3SU1200-0FB10-0AA0
73,14.114,33.501,3. 3SU1200-0FB10-0AA0
74,5.242,2.858,3RB30 Electronic overloads
74,5.951,3.634,Trip class 10
74,20.367,2.814,3RB31 Electronic overloads
74,5.924,7.991,3RB30 ELECTRONIC OVERLOADS
74,14.797,7.991,3RB31 ELECTRONIC OVERLOADS
74,7.946,10.444,3RB3016-1RB0
74,16.822,10.444,3RB3113-4RB0
74,24.973,10.444,0.04 - 0.09
74,31.495,10.444,0.1 - 0.4
74,7.914,11.33,3RB3016-1NB0
74,16.79,11.33,3RB3113-4NB0
74,24.973,11.33,0.12 - 0.37
74,31.221,11.33,0.32 - 1.25
74,7.952,12.216,3RB3016-1PB0
74,16.829,12.216,3RB3113-4PB0
74,25.11,12.216,0.55 - 1.5
74,7.965999999999999,13.102,3RB3016-1SB0
74,16.843,13.102,3RB3113-4SB0
74,25.248,13.102,1.1 - 5.5
74,31.746,13.102,3 - 12
74,7.955,13.988,3RB3016-1TB0
74,16.831,13.988,3RB3113-4TB0
74,25.248,13.988,2.2 - 7.5
74,31.746,13.988,4 - 16
74,7.946,16.441,3RB3026-1RB0
74,16.822,16.441,3RB3123-4RB0
74,24.973,16.441,0.04 - 0.09
74,31.495,16.441,0.1 - 0.4
74,7.914,17.327,3RB3026-1NB0
74,16.79,17.327,3RB3123-4NB0
74,24.973,17.327,0.12 - 0.37
74,31.221,17.327,0.32 - 1.25
74,7.952,18.213,3RB3026-1PB0
74,16.829,18.213,3RB3123-4PB0
74,25.11,18.213,0.55 - 1.5
74,7.965999999999999,19.099,3RB3026-1SB0
74,16.843,19.099,3RB3123-4SB0
74,25.248,19.099,1.1 - 5.5
74,31.746,19.099,3 - 12
74,7.906000000000001,19.985,3RB3026-1QB0
74,16.782,19.985,3RB3123-4QB0
74,25.498,19.985,3 - 11
74,31.746,19.985,6 - 25
74,7.935,20.871,3RB3026-1VB0
74,16.811,20.871,3RB3123-4VB0
74,25.111,20.871,5.5 - 18.5
74,31.609,20.871,10 - 40
74,7.920999999999999,23.324,3RB3036-1UB0
74,16.797,23.324,3RB3133-4UB0
74,25.304,23.324,7.5 - 22
74,31.415,23.324,12.5 - 50
74,7.85,24.21,3RB3036-1WB0
74,16.727,24.21,3RB3133-4WB0
74,25.36,24.21,11 - 37
74,31.608,24.21,20 - 80
74,25.304,25.096,7.5 - 22
74,31.415,25.096,12.5 - 50
74,25.361,25.982,11 - 37
74,31.609,25.982,20 - 80
74,7.920999999999999,29.111,3RB3046-1UB0
74,16.797,29.111,3RB3143-4UB0
74,25.304,29.111,7.5 - 22
74,31.415,29.111,12.5 - 50
74,7.941000000000001,29.997,3RB3046-1XB0
74,16.817,29.997,3RB3143-4XB0
74,25.167,29.997,18.5 - 55
74,31.472,29.997,32 - 115
74,25.304,30.883,7.5 - 22
74,31.415,30.883,12.5 - 50
74,25.167,31.769,18.5 - 55
74,31.472,31.769,32 - 115
74,25.36,34.897,30 - 90
74,7.957000000000001,35.783,3RB2056-1FC2
74,16.833,35.783,3RB2153-4FC2
74,25.36,35.783,30 - 90
74,7.917,38.912,3RB2066-1GC2
74,16.793,38.912,3RB2163-4GC2
74,25.223,38.912,37 - 132
74,7.871,39.798,3RB2066-1MC2
74,16.747,39.798,3RB2163-4MC2
74,25.087,39.798,110 - 355
74,10.216,43.137,3RU2916-3AA01
74,10.216,44.023,3RU2926-3AA01
74,10.216,44.909,3RU2936-3AA01
74,10.216,45.795,3RU2946-3AA01
74,10.668,46.681,3RU3900-1Z
74,10.657,47.567,3RU2900-1B
74,10.652,48.453,3RU2900-1C
75,7.201,18.095,3RV2917-4B
75,6.76,19.389,3RV2917-5AA00
75,6.76,20.684,3RV2927-5AA00
75,6.762,21.978,3RV2917-5CA00
75,6.76,23.272,3RV1927-5AA00
75,6.76,24.566,3RV2917-7AA00
75,6.76,25.86,3RV2927-7AA00
75,6.8,26.95,3RV2917-5FA00
75,7.175,28.04,3RV2917-5D
75,6.756,29.13,3RA2911-2AA00
75,6.756,30.016,3RA2921-2AA00
75,6.756,30.902,3RA2921-2AA00
75,6.759,31.788,3RA2911-1CA00
76,7.146,18.111,8US1923-1AA01
76,7.146,20.044,8US1923-2AA01
76,7.146,20.93,8US1923-3AA01
76,7.993,21.816,9340000
76,7.146,22.702,8US1923-4AA00
76,7.146,23.588,8US1923-5AA00
76,7.153,26.246,8US1922-1AC00
76,7.993,27.336,9340070
76,7.153,28.222,8US1922-1AB00
76,7.146,31.146,8US1200-0AA00
76,7.156,33.804,8US1921-1BA00
76,7.146,34.69,8US1921-1AA00
76,7.993,35.576,9342250
76,7.994,36.462,9342280
76,7.148,39.801,8US1922-2CA00
76,7.146,40.891,8US1922-2AA00
76,7.155,42.466,8US1922-2BA00
76,7.993,43.837,9340200
76,7.993,44.723,9340120
76,7.993,45.609,9340220
77,7.443,5.235,8US12515DS10
77,8.19,6.21,9340320
77,7.432,7.184,8US12515NT10
77,8.19,8.159,9340390
77,7.322,10.701,3RA1921-1DA00
77,7.337,11.676,3RA2921-1AA00
77,7.347,12.65,3RA2921-1BA00
77,5.242,32.627,S2 busbar adaptor
77,7.393,33.68,8US12616MT10
77,8.19,34.655,9340450
77,7.337,37.197,3RA2931-1AA00
77,7.426,41.094,8US12134AU01
77,7.453,42.069,8US12134AP03
77,7.415,43.043,8US12134AH04
77,27.297,30.052,Size S2
77,27.297,28.704,3RA2931-1AA00
77,27.297,26.334,Size S2
77,27.297,27.726,8US1261-6MT10
77,26.143,16.076,Size S2
78,7.38,20.331,0.12..1.5
78,30.724,20.331,3RA8412-1EE00
78,30.724,21.217,3RA8422-4EE00
78,7.38,22.103,0.12..1.5
78,30.724,22.103,3RA8412-1EE10
78,30.724,22.988,3RA8422-4EE10
78,7.38,24.76,0.12..1.5
78,30.724,24.76,3RA8512-1EE00
78,30.724,25.646,3RA8522-4EE00
78,7.38,26.532,0.12..1.5
78,30.724,26.532,3RA8512-1EE10
78,30.724,27.418,3RA8522-4EE10
78,30.727,30.742,3RC7940-0TE10
78,30.727,31.628,3RC7940-0TE20
78,30.727,32.514,3RC7940-0TE30
78,30.727,33.4,3RC7940-0TE40
78,30.727,35.171,3RC7940-0TE01
78,30.727,36.057,3RC7940-0TE02
78,30.727,36.943,3RC7940-0TE03
78,30.727,37.829,3RC7940-0TE04
78,30.727,38.715,3RC7940-0TE05
78,30.727,40.487,3RC7940-1TE01
78,30.727,41.373,3RC7940-1TE02
78,15.809,43.145,Frame size S00
78,30.727,43.145,3RC7940-2TE00
78,15.946000000000002,44.031,Frame size S0
78,30.727,44.031,3RC7940-2TE01
79,-29.825,20.331,0.12..1.5
79,-6.48,20.331,3RA8412-1EE00
79,-6.48,21.217,3RA8422-4EE00
79,-29.825,22.103,0.12..1.5
79,-6.481,22.103,3RA8412-1EE10
79,-6.48,22.988,3RA8422-4EE10
79,-29.825,24.76,0.12..1.5
79,-6.48,24.76,3RA8512-1EE00
79,-6.48,25.646,3RA8522-4EE00
79,-29.825,26.532,0.12..1.5
79,-6.481,26.532,3RA8512-1EE10
79,-6.48,27.418,3RA8522-4EE10
79,-6.477,30.743,3RC7940-0TE10
79,-6.477,31.629,3RC7940-0TE20
79,-6.477,32.515,3RC7940-0TE30
79,-6.477,33.401,3RC7940-0TE40
79,-6.477,35.173,3RC7940-0TE01
79,-6.477,36.059,3RC7940-0TE02
79,-6.477,36.945,3RC7940-0TE03
79,-6.477,37.831,3RC7940-0TE04
79,-6.477,38.716,3RC7940-0TE05
79,-6.477,40.488,3RC7940-1TE01
79,-6.477,41.374,3RC7940-1TE02
79,-21.396,43.146,Frame size S00
79,-6.477,43.146,3RC7940-2TE00
79,-21.259,44.032,Frame size S0
79,-6.477,44.032,3RC7940-2TE01
79,29.781,18.073,3UF7100-1AA00-0
79,29.781,18.804,3UF7101-1AA00-0
79,29.781,19.536,3UF7102-1AA00-0
79,29.781,20.268,3UF7103-1AA00-0
79,29.79,20.999,3UF7103-1BA00-0
79,29.79,21.731,3UF7104-1BA00-0
79,29.781,22.463,3UF7110-1AA01-0
79,29.781,23.195,3UF7111-1AA01-0
79,29.781,23.926,3UF7112-1AA01-0
79,29.781,24.658,3UF7113-1AA01-0
79,29.79,25.39,3UF7113-1BA01-0
79,29.79,26.122,3UF7114-1BA01-0
79,29.78,28.421,3UF7930-0AA00-0
79,29.78,29.152,3UF7934-0AA00-0
79,29.78,29.884,3UF7935-0AA00-0
79,29.78,30.616,3UF7932-0AA00-0
79,29.79,31.348,3UF7937-0BA00-0
79,29.711,33.647,3UF7010-1AB00-0
79,29.694,34.379,3UF7010-1AU00-0
79,29.711,35.111,3UF7011-1AB00-0
79,29.694,35.842,3UF7011-1AU00-0
79,29.712,36.574,3UF7012-1AB00-0
79,29.694,37.306,3UF7012-1AU00-0
79,29.711,38.038,3UF7013-1AB00-0
79,29.694,38.769,3UF7013-1AU00-0
79,29.704,41.069,3UF7932-0AA00-0
79,29.713,41.8,3UF7937-0BA00-0
79,29.713,42.532,3UF7933-0BA00-0
79,29.758,44.851,3UF7200-1AA01-0
79,29.758,45.602,3UF7210-1AA01-0
79,29.758,47.902,3UF7930-0AA00-0
80,20.159,4.069,3UF7010/7012
80,24.145,4.069,3UF7011/7013
80,29.687,4.955,3UF7300-1AB00-0
80,29.671,5.841,3UF7300-1AU00-0
80,29.688,6.727,3UF7320-1AB00-0
80,29.671,7.612999999999999,3UF7320-1AU00-0
80,29.688,8.498,3UF7330-1AB00-0
80,29.671,9.384,3UF7330-1AU00-0
80,29.681,10.27,3UF7400-1AA00-0
80,29.681,11.156,3UF7700-1AA00-0
80,29.682,12.042,3UF7510-1AA00-0
80,30.737,20.293,3UL2900
80,29.68,23.632,3UF7941-0AA00-0
80,29.296,24.518,3ZS1322-6CC18-0YA5
80,29.68,25.404,3UF7901-0AA01-0
80,29.68,26.29,3UF7910-0AA00-0
80,29.68,27.176,3UF7902-0AA00-0
80,29.682,28.062,3UF7931-0CA00-0
80,29.682,28.948,3UF7932-0CA00-0
80,29.682,29.834,3UF7937-0CA00-0
81,-17.046,4.069,3UF7010/7012
81,-13.059,4.069,3UF7011/7013
81,-7.517,4.955,3UF7300-1AB00-0
81,-7.534,5.841,3UF7300-1AU00-0
81,-7.517,6.727,3UF7320-1AB00-0
81,-7.534,7.612999999999999,3UF7320-1AU00-0
81,-7.517,8.498,3UF7330-1AB00-0
81,-7.534,9.384,3UF7330-1AU00-0
81,-7.523,10.27,3UF7400-1AA00-0
81,-7.523,11.156,3UF7700-1AA00-0
81,-7.523,12.042,3UF7510-1AA00-0
81,-6.467,20.293,3UL2900
81,-7.524,23.632,3UF7941-0AA00-0
81,-7.908,24.518,3ZS1322-6CC18-0YA5
81,-7.525,25.404,3UF7901-0AA01-0
81,-7.525,26.29,3UF7910-0AA00-0
81,-7.525,27.176,3UF7902-0AA00-0
81,-7.523,28.062,3UF7931-0CA00-0
81,-7.523,28.948,3UF7932-0CA00-0
81,-7.523,29.834,3UF7937-0CA00-0
81,29.694,11.064,3UF8110-1AA00-0
81,29.694,11.796,3UF8111-1AA00-0
81,29.694,12.527,3UF8112-1AA00-0
81,29.694,13.259,3UF8950-0AA00-0
81,29.694,13.991,3UF8951-0AA00-0
81,29.975,14.723,3RT1966-4PA00
81,29.694,16.186,3UF7935-0AA00-0
81,29.694,16.918,3UF7932-0AA00-0
81,29.704,17.649,3UF7932-0BA00-0
81,29.704,18.381,3UF7937-0BA00-0
81,29.704,19.113,3UF7933-0BA00-0
81,29.702,20.576,3UF8011-2AB00-0
81,29.685,21.308,3UF8011-2AU00-0
81,29.695,22.771,3UF8200-1AA00-0
81,29.694,25.278,3UF8920-0AA00-0
81,29.704,26.01,3UF8932-0BA00-0
81,29.704,26.742,3UF8937-0BA00-0
81,29.694,27.473,3UF8922-0AA00-0
81,29.703,28.205,3UF8922-0BA00-0
81,30.75,34.492,3UL2900
81,26.383,36.791,8WD4618-0FB
81,25.966,38.255,3UF8902-0AA00-0
81,25.968,38.986,3UF7932-0CA00-0
81,25.968,39.718,3UF7937-0CA00-0
82,6.547,7.305,3RM1001-1AA.4
82,25.339,7.305,0-0.12
82,31.604,7.305,0.1-0.5
82,6.547,8.28,3RM1002-1AA.4
82,25.008,8.28,0.09-0.75
82,6.546,9.254,3RM1007-1AA.4
82,25.338,9.254,0.55-3
82,6.547,11.796,3RM1201-1AA.4
82,25.339,11.796,0-0.12
82,31.605,11.796,0.1-0.5
82,6.547,12.771,3RM1202-1AA.4
82,25.008,12.771,0.09-0.75
82,6.547,13.745,3RM1207-1AA.4
82,25.339,13.745,0.55-3
82,6.547,16.287,3RM1101-1AA.4
82,25.338,16.287,0-0.12
82,31.604,16.287,0.1-0.5
82,6.547,17.262,3RM1102-1AA.4
82,25.008,17.262,0.09-0.75
82,6.546,18.236,3RM1107-1AA.4
82,25.338,18.236,0.55-3
82,6.547,20.779,3RM1301-1AA.4
82,25.338,20.779,0-0.12
82,31.604,20.779,0.1-0.5
82,6.547,21.753,3RM1302-1AA.4
82,25.008,21.753,0.09-0.75
82,6.547,22.728,3RM1307-1AA.4
82,25.338,22.728,0.55-3
82,19.676,24.867,110-230VAC
82,8.054,29.059,3RM1910-1AA
82,8.064,30.033,3RM1910-1BA
82,8.039,31.008,3RM1910-1DA
82,8.054,31.982,3RM1910-6AA
82,8.054,32.957,3RM1920-1AA
82,8.053,33.931,3RM1932-1AB
82,8.054,34.906,3RM1930-1AA
82,7.872999999999999,35.88,3ZY1212-2EA00
82,7.856,36.855,3ZY1212-2AB00
82,7.888999999999999,37.829,3ZY1212-2FA00
82,19.12,37.829,3RM1 Device terminati
83,6.352,5.342,3SK1111-1AB30
83,6.27,6.074,3SK1111-1AW20
83,6.358,6.806,3SK1112-1BB40
83,6.351,8.269,3SK1121-1AB40
83,6.354,9.001,3SK1121-1CB41
83,6.354,10.464,3SK1121-1CB42
83,6.353,11.928,3SK1122-1AB40
83,6.355,12.659,3SK1122-1CB42
83,6.346,14.404,3SK2112-1AA10
83,6.346,15.698,3SK2122-1AA10
83,5.723,16.711,3ZS1326-2CE12-0YB5
83,6.098,17.443,3UF7941-0AA00-0
83,6.36,18.906,3SK1211-1BB40
83,6.353,19.919,3SK1213-1AB40
83,6.353,20.932,3SK1220-1AB40
83,6.385,21.664,3SK2511-1FA10
83,6.27,23.505,3SK1230-1AW20
83,6.371,26.48,3ZY1212-1BA00
83,6.371,27.211,3ZY1212-2BA00
83,6.351,27.943,3ZY1212-2GA00
83,6.351,28.675,3ZY1212-4GA01
83,6.347,29.407,3ZY1212-2DA00
84,6.528,5.579,3RQ1000-1EB00
84,6.492,6.554,3RQ1000-1GB00
84,6.437,7.529,3RQ1000-1EW00
84,30.675,7.529,24-240VAC/DC
84,6.402,8.503,3RQ1000-1GW00
84,30.675,8.503,24-240VAC/DC
84,6.528,9.478,3RQ1200-1EB00
84,6.437,10.452,3RQ1200-1EW00
84,30.675,10.452,24-240VAC/DC
84,6.485,12.401,3RQ1000-1HB00
84,6.543,13.376,3RQ1000-1LB00
84,6.393,14.35,3RQ1000-1HW00
84,30.675,14.35,24-240VAC/DC
84,6.466,15.325,3RQ1000-1LW00
84,30.674,15.325,24-240VAC/DC
84,5.242,16.812,3RQ2 Coupling relay
84,6.424,17.866,3RQ2000-1AW00
84,30.676,17.866,24-240VAC/DC
84,6.423,18.84,3RQ2000-1BW00
84,30.676,18.84,24-240VAC/DC
84,6.417,19.815,3RQ2000-1CW00
84,30.677,19.815,24-240VAC/DC
84,6.417,20.789,3RQ2000-1CW01
84,30.677,20.789,24-240VAC/DC
84,5.242,22.278,3RQ3 Coupling relays
84,6.586,23.331,3RQ3038-.AB00
84,31.175,23.331,24VAC/DC
84,6.602,24.306,3RQ3038-.AE00
84,31.038,24.306,115VAC/DC
84,6.605,25.281,3RQ3038-.AF00
84,31.038,25.281,230VAC/DC
84,6.586,26.255,3RQ3118-.AB00
84,31.176,26.255,24VAC/DC
84,6.602,27.23,3RQ3118-.AE00
84,31.039,27.23,115VAC/DC
84,6.605,28.204,3RQ3118-.AF00
84,31.039,28.204,230VAC/DC
84,6.552,29.179,3RQ3055-.SM30
84,5.242,38.089,3RQ2 Coupling relay
84,25.566,45.37,115VAC
84,31.615,45.37,230VAC
85,6.445,4.772,3RP2505-1AW30
85,13.506,4.772,13 Functi
85,6.443,5.746,3RP2505-1BW30
85,13.505,5.746,27 Functi
85,6.45,8.289,3RP2511-1AW30
85,6.449,9.263,3RP2512-1AW30
85,6.449,10.24,3RP2513-1AW30
85,6.448,11.217,3RP2525-1BW30
85,6.45,13.759,3RP2535-1AW30
85,6.45,14.734,3RP2540-1AW30
85,6.448,15.774,3RP2540-1BW30
85,6.45,18.383,3RP2555-1AW30
85,6.42,21.085,3RP2574-1NW30
85,12.975,21.366,1 Delayed contact
85,27.83,23.622,27 FUNCTIONS
85,24.793,24.184,13 functi
85,25.181,24.747,13 functi
86,6.295,3.139,3UG5511-1AR20
86,31.764000000000003,3.139,320-500VAC
86,6.302,3.871,3UG5511-1BR20
86,31.764000000000003,3.871,320-500VAC
86,6.295,6.171,3UG5512-1AR20
86,31.764000000000003,6.171,160-690VAC
86,6.303,6.903,3UG5512-1BR20
86,31.765,6.903,160-690VAC
86,6.296,7.634,3UG5512-1AR21
86,31.765,7.634,160-690VAC
86,6.304,8.366,3UG5512-1BR21
86,31.766,8.366,160-690VAC
86,6.302,10.666,3UG5514-1BR20
86,31.852,10.666,160-690VAC
86,6.297,12.965,3UG5616-1CR20
86,31.901000000000003,12.965,90-690VAC
86,6.297,16.077,3UG5618-1CR20
86,31.901000000000003,16.077,90-690VAC
86,6.298,16.809,3UG5618-1CR20
86,31.901000000000003,16.809,90-690VAC
86,6.322,19.109,3UG5533-1AL30
86,31.456,19.109,20-275VAC/DC
86,6.209,21.409,3UG5532-1AW30
86,6.209,23.99,3UG5522-1AW30
86,6.275,25.284,3RR2241-1FW30
86,6.275,26.578,3RR2242-1FW30
86,6.275,27.872,3RR2243-1FW30
86,6.219,30.453,3RN2010-1CW30
86,6.226,31.747,3RN2012-1BW30
86,6.201,35.734,3UG5625-1CW30
86,14.019,36.297,Requires 3UL23 Summati
86,28.186,35.172,1 contact
86,28.186,36.297,1 contact
86,6.279,45.117,3RS2500-1AW30
86,6.278,46.13,3RS2600-1BW30
86,6.279,47.143,3RS2900-1AW30
87,7.939999999999999,4.605,3SU1100-0AB10-1BA0
87,7.933,5.58,3SU1100-0AB20-1CA0
87,7.939999999999999,6.554,3SU1100-0AB30-1BA0
87,7.939999999999999,7.529,3SU1100-0AB40-1BA0
87,7.939999999999999,8.503,3SU1100-0AB50-1BA0
87,7.939999999999999,9.478,3SU1100-0AB60-1BA0
87,7.936,12.011,3SU1102-0AB20-1CA0
87,31.843000000000004,12.011,24VAC/DC
87,7.944000000000001,12.967,3SU1102-0AB30-1BA0
87,31.842,12.967,24VAC/DC
87,7.943,13.924,3SU1102-0AB40-1BA0
87,31.842,13.924,24VAC/DC
87,7.943,14.881,3SU1102-0AB50-1BA0
87,31.842,14.881,24VAC/DC
87,7.943,15.837,3SU1102-0AB60-1BA0
87,31.841,15.837,24VAC/DC
87,7.935,17.526,3SU1106-0AB20-1CA0
87,32.148,17.526,230VAC
87,7.942,18.483,3SU1106-0AB30-1BA0
87,32.148,18.483,230VAC
87,7.942,19.439,3SU1106-0AB40-1BA0
87,32.148,19.439,230VAC
87,7.942,20.396,3SU1106-0AB50-1BA0
87,32.149,20.396,230VAC
87,7.943,21.34,3SU1106-0AB60-1BA0
87,32.149,21.34,230VAC
87,7.935,23.016,3SU1103-0AB20-1CA0
87,32.149,23.016,110VAC
87,7.943,23.973,3SU1103-0AB30-1BA0
87,32.149,23.973,110VAC
87,7.943,24.929,3SU1103-0AB40-1BA0
87,32.149,24.929,110VAC
87,7.943,25.886,3SU1103-0AB50-1BA0
87,32.149,25.886,110VAC
87,7.943,26.843,3SU1103-0AB60-1BA0
87,32.149,26.843,110VAC
87,8.019,30.051,3SU1100-2BF60-1BA0
87,17.105,30.051,2 Positi
87,7.949999999999999,31.026,3SU1100-2BF60-1MA0
87,17.105,31.026,2 Positi
87,8.002,32.0,3SU1100-2BL60-1NA0
87,17.105,32.0,3 Positi
87,15.651,35.384,3SU1102-6AA.-1AA0
87,31.868,35.384,24VAC/DC
87,15.651,36.27,3SU1103-6AA.-1AA0
87,32.175,36.27,110VAC
87,15.651,37.156,3SU1106-6AA.-1AA0
87,32.175,37.156,230VAC
87,5.999,44.107,3SU1100-1HB20-1CG0
87,6.012,44.993,3SU1100-1HB20-1PG0
88,7.962999999999999,4.605,3SU1150-0AB10-1BA0
88,7.955,5.58,3SU1150-0AB20-1CA0
88,7.962999999999999,6.554,3SU1150-0AB30-1BA0
88,7.962999999999999,7.529,3SU1150-0AB40-1BA0
88,7.962999999999999,8.503,3SU1150-0AB50-1BA0
88,7.962999999999999,9.478,3SU1150-0AB60-1BA0
88,7.955999999999999,12.019,3SU1152-0AB20-1CA0
88,31.833,12.019,24VAC/DC
88,7.962999999999999,12.994,3SU1152-0AB30-1BA0
88,31.833,12.994,24VAC/DC
88,7.962999999999999,13.968,3SU1152-0AB40-1BA0
88,31.833,13.968,24VAC/DC
88,7.962999999999999,14.943,3SU1152-0AB50-1BA0
88,31.833,14.943,24VAC/DC
88,7.962999999999999,15.917000000000002,3SU1152-0AB60-1BA0
88,31.833,15.917000000000002,24VAC/DC
88,7.957000000000001,17.624,3SU1153-0AB20-1CA0
88,32.141,17.624,110VAC
88,7.964,18.598,3SU1153-0AB30-1BA0
88,32.141,18.598,110VAC
88,7.964,19.573,3SU1153-0AB40-1BA0
88,32.141,19.573,110VAC
88,7.964,20.547,3SU1153-0AB50-1BA0
88,32.141,20.547,110VAC
88,7.964,21.522,3SU1153-0AB60-1BA0
88,32.141,21.522,110VAC
88,7.957000000000001,23.228,3SU1156-0AB20-1CA0
88,32.141,23.228,230VAC
88,7.965,24.203,3SU1156-0AB30-1BA0
88,32.141,24.203,230VAC
88,7.965,25.177,3SU1156-0AB40-1BA0
88,32.141,25.177,230VAC
88,7.965,26.152,3SU1156-0AB50-1BA0
88,32.141,26.152,230VAC
88,7.965,27.126,3SU1156-0AB60-1BA0
88,32.142,27.126,230VAC
88,5.574,30.386,3SU1150-2BF60-1BA0
88,12.149,30.386,2 Positi
88,5.505,31.449,3SU1150-2BF60-1MA0
88,12.149,31.449,2 Positi
88,5.556,32.512,3SU1150-2BL60-1NA0
88,12.149,32.512,3 Positi
88,15.616,36.073,3SU1152-6AA.-1AA0
88,31.833,36.073,24VAC/DC
88,15.616,37.048,3SU1153-6AA.-1AA0
88,32.14,37.048,110VAC
88,15.616,38.022,3SU1156-6AA.-1AA0
88,32.14,38.022,230VAC
88,6.0,45.018,3SU1150-1HB20-1CG0
89,-29.242,4.605,3SU1150-0AB10-1BA0
89,-29.249,5.58,3SU1150-0AB20-1CA0
89,-29.242,6.554,3SU1150-0AB30-1BA0
89,-29.242,7.529,3SU1150-0AB40-1BA0
89,-29.242,8.503,3SU1150-0AB50-1BA0
89,-29.242,9.478,3SU1150-0AB60-1BA0
89,-29.249,12.019,3SU1152-0AB20-1CA0
89,-5.372,12.019,24VAC/DC
89,-29.242,12.994,3SU1152-0AB30-1BA0
89,-5.372,12.994,24VAC/DC
89,-29.242,13.968,3SU1152-0AB40-1BA0
89,-5.372,13.968,24VAC/DC
89,-29.242,14.943,3SU1152-0AB50-1BA0
89,-5.372,14.943,24VAC/DC
89,-29.242,15.917000000000002,3SU1152-0AB60-1BA0
89,-5.371,15.917000000000002,24VAC/DC
89,-29.248,17.624,3SU1153-0AB20-1CA0
89,-5.064,17.624,110VAC
89,-29.241,18.598,3SU1153-0AB30-1BA0
89,-5.064,18.598,110VAC
89,-29.241,19.573,3SU1153-0AB40-1BA0
89,-5.064,19.573,110VAC
89,-29.241,20.547,3SU1153-0AB50-1BA0
89,-5.064,20.547,110VAC
89,-29.241,21.522,3SU1153-0AB60-1BA0
89,-5.063,21.522,110VAC
89,-29.248,23.228,3SU1156-0AB20-1CA0
89,-5.063,23.228,230VAC
89,-29.24,24.203,3SU1156-0AB30-1BA0
89,-5.063,24.203,230VAC
89,-29.24,25.177,3SU1156-0AB40-1BA0
89,-5.063,25.177,230VAC
89,-29.24,26.152,3SU1156-0AB50-1BA0
89,-5.063,26.152,230VAC
89,-29.24,27.126,3SU1156-0AB60-1BA0
89,-5.063,27.126,230VAC
89,-31.631,30.386,3SU1150-2BF60-1BA0
89,-25.056,30.386,2 Positi
89,-31.699,31.449,3SU1150-2BF60-1MA0
89,-25.056,31.449,2 Positi
89,-31.649,32.512,3SU1150-2BL60-1NA0
89,-25.056,32.512,3 Positi
89,-21.589,36.073,3SU1152-6AA.-1AA0
89,-5.372,36.073,24VAC/DC
89,-21.589,37.048,3SU1153-6AA.-1AA0
89,-5.065,37.048,110VAC
89,-21.589,38.022,3SU1156-6AA.-1AA0
89,-5.065,38.022,230VAC
89,-31.205,45.018,3SU1150-1HB20-1CG0
89,10.252,11.816,3SU1550-0AA10-0AA0
89,10.261,12.702,3SU1500-0BA10-0AA0
89,10.261,13.588,3SU1550-0BA10-0AA0
89,10.291,16.042,3SU1400-1AA10-1FA0
89,10.261,16.928,3SU1400-1AA10-1BA0
89,10.253,17.813,3SU1400-1AA10-1CA0
89,10.231,18.699,3SU1400-1AA10-1HA0
89,10.261,21.153,3SU1400-2AA10-1BA0
89,10.253,22.039,3SU1400-2AA10-1CA0
89,10.483,24.493,3SU1401-1BB.-1AA0
89,10.479,25.379,3SU1401-1BC.-1AA0
89,10.525,26.264,3SU1401-1BF.-1AA0
89,10.457,27.15,3SU1401-1BH.-1AA0
89,10.483,29.201,3SU1401-2BB.-1AA0
89,10.479,30.087,3SU1401-2BC.-1AA0
89,10.525,30.973,3SU1401-2BF.-1AA0
89,10.457,31.859,3SU1401-2BH.-1AA0
89,10.257,36.082,3SU1400-1CK10-1AA0
90,8.814,5.837,3SU1000-0AB.-0AA0
90,15.796,5.837,3SU1050-0AB.-0AA0
90,8.807,8.318,3SU1000-0AA.-0AA0
90,15.789,8.318,3SU1050-0AA.-0AA0
90,8.821,10.798,3SU1000-0BB.-0AA0
90,15.803,10.794,3SU1050-0BB.-0AA0
90,8.814,13.3,3SU1001-0AB.-0AA0
90,15.796,13.3,3SU1051-0AB.-0AA0
90,8.807,15.759,3SU1001-0AA.-0AA0
90,15.789,15.759,3SU1051-0AA.-0AA0
90,8.821,18.25,3SU1001-0BB.-0AA0
90,15.803,18.25,3SU1051-0BB.-0AA0
90,8.599,20.501,3SU1000-3AB42-0AK0
90,15.581,20.501,3SU1050-3AB42-0AK0
90,8.599,23.222,3SU1000-3AB61-0AK0
90,15.581,23.222,3SU1050-3AB61-0AK0
90,8.576,25.913,3SU1000-3AB66-0AN0
90,8.603,28.609,3SU1000-3BB42-0AA0
90,15.585,28.609,3SU1050-3BB42-0AA0
90,8.607,31.304,3SU1000-3BB42-0AK0
90,15.589,31.304,3SU1050-3BB42-0AK0
90,8.599,33.928,3SU1001-3AB42-0AK0
90,15.581,33.928,3SU1050-3AB42-0AK0
90,8.576,36.555,3SU1001-3AB66-0AN0
90,8.603,39.294,3SU1001-3BB42-0AA0
91,8.792,6.292,3SU1000-1AD.-0AA0
91,15.774,6.292,3SU1050-1AD.-0AA0
91,8.807,8.595,3SU1000-1AA.-0AA0
91,15.789,8.591,3SU1050-1AA.-0AA0
91,8.799,10.898,3SU1000-1BD.-0AA0
91,15.782,10.898,3SU1050-1BD.-0AA0
91,8.816,13.201,3SU1000-1BA.-0AA0
91,15.797999999999998,13.201,3SU1050-1BA.-0AA0
91,8.794,15.504,3SU1000-1CD.-0AA0
91,15.777,15.501,3SU1050-1CD.-0AA0
91,8.809,17.808,3SU1000-1CA.-0AA0
91,15.791,17.808,3SU1050-1CA.-0AA0
91,8.792,20.099,3SU1001-1AD.-0AA0
91,15.774,20.099,3SU1051-1AD.-0AA0
91,8.807,22.414,3SU1001-1AA.-0AA0
91,15.789,22.44,3SU1051-1AA.-0AA0
91,8.799,24.354,3SU1001-1BD.-0AA0
91,15.782,24.743,3SU1051-1BD.-0AA0
91,8.816,27.017,3SU1001-1BA.-0AA0
91,15.797999999999998,27.046,3SU1051-1BA.-0AA0
91,15.777,29.349,3SU1051-1CD.-0AA0
91,15.791,31.626,3SU1051-1CA.-0AA0
92,8.507,5.441,3SU1000-1HA20-0AA0
92,15.551,5.441,3SU1050-1HA20-0AA0
92,8.584,7.833,3SU1000-1GB20-0AA0
92,15.566,7.833,3SU1050-1GB20-0AA0
92,8.576,10.225,3SU1000-1HB20-0AA0
92,15.558,10.225,3SU1050-1HB20-0AA0
92,8.595,12.617,3SU1000-1HF20-0AA0
92,15.577,12.617,3SU1050-1HF20-0AA0
92,8.556,15.008,3SU1000-1HG20-0AA0
92,15.538,15.008,3SU1050-1HG20-0AA0
92,8.584,17.4,3SU1001-1GB20-0AA0
92,15.566,17.4,3SU1051-1GB20-0AA0
92,8.576,19.792,3SU1001-1HB20-0AA0
92,15.558,19.792,3SU1051-1HB20-0AA0
92,15.638,22.184,3SU1050-1JB20-0AA0
92,8.612,24.575,3SU1000-3EA10-0AA0
92,15.594,24.575,3SU1050-3EA10-0AA0
92,8.816,27.315,3SU1002-2BC.-0AA0
92,15.797999999999998,27.315,3SU1052-2BC.-0AA0
92,29.933,26.686,2 Positi
92,8.862,29.71,3SU1002-2BF.-0AA0
92,15.844,29.71,3SU1052-2BF.-0AA0
92,29.057,29.359,2 Positi
92,8.857,32.102,3SU1002-2CF.-0AA0
92,15.839,32.102,3SU1052-2CF.-0AA0
92,29.057,31.751,2 Positi
92,8.855,34.497,3SU1002-2AF.-0AA0
92,29.057,34.142,2 Positi
92,8.755,36.886,3SU1002-2BM.-0AA0
92,15.737,36.886,3SU1052-2BM.-0AA0
92,29.934,36.253,3 Positi
92,8.852,39.277,3SU1002-2BL.-0AA0
92,15.834,39.285,3SU1052-2BL.-0AA0
92,29.057,38.926,3 Positi
92,8.614,41.679,3SU1002-2BP10-0AA0
92,15.837,41.671,3SU1052-2BP.-0AA0
92,29.933,40.488,3 Positi
92,8.576,44.103,3SU1002-2BN10-0AA0
92,15.776,44.081,3SU1052-2BN.-0AA0
92,28.95,43.174,3 Positi
93,-28.697,5.441,3SU1000-1HA20-0AA0
93,-21.654,5.441,3SU1050-1HA20-0AA0
93,-28.621,7.833,3SU1000-1GB20-0AA0
93,-21.639,7.833,3SU1050-1GB20-0AA0
93,-28.629,10.225,3SU1000-1HB20-0AA0
93,-21.647,10.225,3SU1050-1HB20-0AA0
93,-28.61,12.617,3SU1000-1HF20-0AA0
93,-21.628,12.617,3SU1050-1HF20-0AA0
93,-28.649,15.008,3SU1000-1HG20-0AA0
93,-21.667,15.008,3SU1050-1HG20-0AA0
93,-28.621,17.4,3SU1001-1GB20-0AA0
93,-21.639,17.4,3SU1051-1GB20-0AA0
93,-28.629,19.792,3SU1001-1HB20-0AA0
93,-21.647,19.792,3SU1051-1HB20-0AA0
93,-21.567,22.184,3SU1050-1JB20-0AA0
93,-28.593,24.575,3SU1000-3EA10-0AA0
93,-21.61,24.575,3SU1050-3EA10-0AA0
93,-28.389,27.315,3SU1002-2BC.-0AA0
93,-21.407,27.315,3SU1052-2BC.-0AA0
93,-7.272,26.686,2 Positi
93,-28.343,29.71,3SU1002-2BF.-0AA0
93,-21.36,29.71,3SU1052-2BF.-0AA0
93,-8.147,29.359,2 Positi
93,-28.348,32.102,3SU1002-2CF.-0AA0
93,-21.365,32.102,3SU1052-2CF.-0AA0
93,-8.148,31.751,2 Positi
93,-28.35,34.497,3SU1002-2AF.-0AA0
93,-8.148,34.142,2 Positi
93,-28.45,36.886,3SU1002-2BM.-0AA0
93,-21.468,36.886,3SU1052-2BM.-0AA0
93,-7.271,36.253,3 Positi
93,-28.353,39.277,3SU1002-2BL.-0AA0
93,-21.37,39.285,3SU1052-2BL.-0AA0
93,-8.148,38.926,3 Positi
93,-28.591,41.679,3SU1002-2BP10-0AA0
93,-21.367,41.671,3SU1052-2BP.-0AA0
93,-7.272,40.488,3 Positi
93,-28.629,44.103,3SU1002-2BN10-0AA0
93,-21.429,44.081,3SU1052-2BN.-0AA0
93,-8.254,43.174,3 Positi
93,5.242,2.577,4 Positi
93,11.479,5.323,3SU1000-2AS60-0AA0
93,11.479,7.359999999999999,3SU1050-2AS60-0AA0
93,11.457,11.055,3SU1000-4BC01-0AA0
93,11.481,13.181,3SU1000-4BF01-0AA0
93,11.481,15.311,3SU1000-4BF11-0AA0
93,11.413,19.009,3SU1000-4BM01-0AA0
93,11.511,21.138,3SU1000-4BL11-0AA0
93,11.457,24.835,3SU1050-4BC01-0AA0
93,11.481,26.961,3SU1050-4BF01-0AA0
93,11.413,30.655,3SU1050-4BM01-0AA0
93,11.511,32.784,3SU1050-4BL11-0AA0
93,10.329,35.905,3SU1200-2PQ10-1AA0
93,10.274,36.879,3SU1200-2PW10-1AA0
93,10.37,37.854,3SU1200-2PR10-1AA0
93,10.39,38.829,3SU1200-2PS10-1AA0
93,10.351,41.371,3SU1200-6KB10-1AA0
93,10.37,42.345,3SU1200-6KF10-1AA0
94,11.293,6.377,3SU1060-0JB10-0AA0
94,11.293,7.351000000000001,3SU1060-0JB20-0AA0
94,11.293,8.326,3SU1060-0JB30-0AA0
94,11.293,9.3,3SU1060-0JB40-0AA0
94,11.293,10.275,3SU1060-0JB50-0AA0
94,11.293,11.249,3SU1060-0JB60-0AA0
94,11.293,13.791,3SU1061-0JB70-0AA0
94,11.293,14.766,3SU1061-0JB20-0AA0
94,11.293,15.739999999999998,3SU1061-0JB30-0AA0
94,11.293,16.715,3SU1061-0JB40-0AA0
94,11.293,17.689,3SU1061-0JB50-0AA0
94,11.293,20.231,3SU1061-0JB70-0AA0
94,11.293,21.206,3SU1061-0JB20-0AA0
94,11.293,22.18,3SU1061-0JB30-0AA0
94,11.293,23.155,3SU1061-0JB40-0AA0
94,11.293,24.129,3SU1061-0JB50-0AA0
94,11.232,26.671,3SU1062-2DF10-0AA0
94,27.802,26.671,2 positi
94,11.245,27.646,3SU1062-2DL10-0AA0
94,27.802,27.646,3 positi
94,11.266,31.542,3SU1900-0FA10-0AA0
94,11.266,32.517,3SU1950-0FA80-0AA0
94,11.209,36.409,3SU1900-0KH80-0AA0
94,11.237,37.384,3SU1950-0KB10-0AA0
94,11.349,38.759,3SU1900-0JJ10-0AA0
94,11.289,39.734,3SU1900-0JK10-0AA0
95,-25.912,6.377,3SU1060-0JB10-0AA0
95,-25.912,7.351000000000001,3SU1060-0JB20-0AA0
95,-25.912,8.326,3SU1060-0JB30-0AA0
95,-25.912,9.3,3SU1060-0JB40-0AA0
95,-25.912,10.275,3SU1060-0JB50-0AA0
95,-25.912,11.249,3SU1060-0JB60-0AA0
95,-25.912,13.791,3SU1061-0JB70-0AA0
95,-25.912,14.766,3SU1061-0JB20-0AA0
95,-25.912,15.739999999999998,3SU1061-0JB30-0AA0
95,-25.912,16.715,3SU1061-0JB40-0AA0
95,-25.912,17.689,3SU1061-0JB50-0AA0
95,-25.912,20.231,3SU1061-0JB70-0AA0
95,-25.912,21.206,3SU1061-0JB20-0AA0
95,-25.912,22.18,3SU1061-0JB30-0AA0
95,-25.912,23.155,3SU1061-0JB40-0AA0
95,-25.912,24.129,3SU1061-0JB50-0AA0
95,-25.972,26.671,3SU1062-2DF10-0AA0
95,-9.402,26.671,2 positi
95,-25.96,27.646,3SU1062-2DL10-0AA0
95,-9.402,27.646,3 positi
95,-25.939,31.542,3SU1900-0FA10-0AA0
95,-25.939,32.517,3SU1950-0FA80-0AA0
95,-25.996,36.409,3SU1900-0KH80-0AA0
95,-25.968,37.384,3SU1950-0KB10-0AA0
95,-25.856,38.76,3SU1900-0JJ10-0AA0
95,-25.916,39.734,3SU1900-0JK10-0AA0
95,10.332,4.605,3SU1900-0AG10-0AA0
95,10.32,5.58,3SU1900-0AH10-0AA0
95,10.352,8.122,3SU1900-0AR10-0AA0
95,10.372,9.096,3SU1900-0AS10-0AA0
95,10.32,11.639,3SU1900-0AN10-0AA0
95,10.358,12.613,3SU1900-0AP10-0AA0
95,10.316,13.588,3SU1900-0AQ10-0AA0
95,10.347,16.13,3SU1900-0AC16-0AA0
95,10.307,17.104,3SU1900-0AC16-0DH0
95,10.359,18.079,3SU1900-0AC16-0DS0
95,10.355,19.053,3SU1900-0AC16-0DT0
95,10.313,20.028,3SU1900-0AC16-0DU0
95,10.349,21.002,3SU1900-0AC16-0DY0
95,10.32,24.519,3SU1900-0AD16-0AA0
95,10.333,25.493,3SU1900-0AD16-0DS0
95,10.329,26.468,3SU1900-0AD16-0DT0
95,10.34,27.442,3SU1900-0AD16-0DL0
95,10.243,28.417,3SU1900-0AD16-0DM0
95,10.352,29.391,3SU1900-0AD16-0EB0
95,10.35,30.366,3SU1900-0AD16-0EC0
95,10.334,33.882,3SU1900-0BC31-0DA0
95,10.339,34.857,3SU1900-0BB31-0DA0
95,10.312,35.831,3SU1901-0BD31-0DA0
95,10.328,38.373,3SU1900-0DB70-0AA0
95,10.342,39.348,3SU1900-0DY30-0AA0
95,10.363,40.322,3SU1900-0EA30-0AA0
95,10.308,41.297,3SU1900-0DG70-0AA0
95,10.371,42.271,3SU1900-0EB10-0AA0
95,10.39,43.246,3SU1900-0EF70-0AA0
95,10.367,44.221,3SU1900-0EK70-0AA0
95,10.346,45.195,3SU1900-0DF70-0AA0
96,6.329,4.767,3SU1801-0AB00-2AB1
96,6.329,6.056,3SU1802-0AB00-2AB1
96,6.292,7.343999999999999,3SU1801-0NA00-2AA2
96,6.291,8.407,3SU1801-0NA00-2AC2
96,6.273,10.227,3SU1801-2NG00-2AA2
96,6.298,11.29,3SU1801-2GA00-2AA1
96,6.329,13.921,3SU1851-0AB00-2AB1
96,6.329,15.209,3SU1852-0AB00-2AB1
96,6.292,16.498,3SU1851-0NA00-2AA2
96,6.291,17.494,3SU1851-0NA00-2AC2
96,6.273,19.247,3SU1851-2NG00-2AA2
96,6.298,20.31,3SU1851-2GA00-2AA1
96,7.68,24.004,3SU1801-0AA00-0AA2
96,7.679,25.067,3SU1801-0AA00-0AC2
96,7.686,26.13,3SU1801-0AA00-0AB1
96,7.686,27.193,3SU1802-0AA00-0AB1
96,7.686,28.256,3SU1803-0AA00-0AB1
96,7.686,29.319,3SU1804-0AA00-0AB1
96,7.686,30.382,3SU1806-0AA00-0AB1
96,7.68,33.013,3SU1851-0AA00-0AA2
96,7.679,34.076,3SU1851-0AA00-0AC2
96,7.686,35.139,3SU1851-0AA00-0AB1
96,7.686,36.202,3SU1852-0AA00-0AB1
96,7.686,37.265,3SU1853-0AA00-0AB1
96,7.686,38.328,3SU1854-0AA00-0AB1
96,7.686,39.391,3SU1856-0AA00-0AB1
96,9.284,42.022,2384010
96,9.285,43.085,2384020
96,9.286,44.148,2384030
97,1.368,4.283,CONBM-01
97,6.649,4.283,3SU1400-2AA10-1CA0
97,1.368,5.133,CONBM-10
97,6.656,5.133,3SU1400-2AA10-1BA0
97,1.368,5.984,CONPM-01
97,6.649,5.984,3SU1400-1AA10-1CA0
97,1.368,6.834,CONPM-10
97,6.656,6.834,3SU1400-1AA10-1BA0
97,1.368,7.683999999999999,CONPM-11
97,6.686,7.683999999999999,3SU1400-1AA10-1FA0
97,6.626,8.535,3SU1400-1AA10-1HA0
97,1.368,9.385,ENC-M-ESTOP1
97,6.626,9.385,3SU1851-0NA00-2AA2
97,1.368,10.235,ENC-M-ESTOP2
97,6.633,10.235,3SU1851-0NA00-2AC2
97,1.368,11.085,ENC-M-PB1
97,6.661,11.085,3SU1851-0AB00-2AB1
97,1.368,11.936,ENC-M-PB2
97,6.661,11.936,3SU1852-0AB00-2AB1
97,1.368,12.786,ENC-P-ESTOP1
97,6.626,12.786,3SU1801-0NA00-2AA2
97,1.368,13.636,ENC-P-ESTOP2
97,6.633,13.636,3SU1801-0NA00-2AC2
97,1.368,14.487,ENC-P-PB1
97,6.661,14.487,3SU1801-0AB00-2AB1
97,1.368,15.337,ENC-P-PB2
97,6.661,15.337,3SU1802-0AB00-2AB1
97,6.626,16.187,3SU1150-1HB20-1CG0
97,6.626,17.038,3SU1100-1HB20-1CG0
97,1.368,17.888,HOLDER3-M
97,6.647,17.888,3SU1550-0AA10-0AA0
97,1.368,18.738,HOLDER3-P
97,6.647,18.738,3SU1500-0AA10-0AA0
97,1.368,19.589,IND-M-110-BLU
97,6.647,19.589,3SU1153-6AA50-1AA0
97,1.368,20.439,IND-M-110-CLR
97,6.647,20.439,3SU1153-6AA70-1AA0
97,1.368,21.289,IND-M-110-GRN
97,6.647,21.289,3SU1153-6AA40-1AA0
97,1.368,22.14,IND-M-110-RED
97,6.647,22.14,3SU1153-6AA20-1AA0
97,1.368,22.99,IND-M-110-WHT
97,6.647,22.99,3SU1153-6AA60-1AA0
97,1.368,23.84,IND-M-110-YLW
97,6.647,23.84,3SU1153-6AA30-1AA0
97,1.368,24.69,IND-M-230-BLU
97,6.647,24.69,3SU1156-6AA50-1AA0
97,1.368,25.541,IND-M-230-CLR
97,6.647,25.541,3SU1156-6AA70-1AA0
97,1.368,26.391,IND-M-230-GRN
97,6.647,26.391,3SU1156-6AA40-1AA0
97,1.368,27.241,IND-M-230-RED
97,6.647,27.241,3SU1156-6AA20-1AA0
97,1.368,28.092,IND-M-230-WHT
97,6.647,28.092,3SU1156-6AA60-1AA0
97,1.368,28.942,IND-M-230-YLW
97,6.647,28.942,3SU1156-6AA30-1AA0
97,1.368,29.792,IND-M-24-BLU
97,6.647,29.792,3SU1152-6AA50-1AA0
97,1.368,30.643,IND-M-24-CLR
97,6.647,30.643,3SU1152-6AA70-1AA0
97,1.368,31.493,IND-M-24-GRN
97,6.647,31.493,3SU1152-6AA40-1AA0
97,1.368,32.343,IND-M-24-RED
97,6.647,32.343,3SU1152-6AA20-1AA0
97,1.368,33.194,IND-M-24-WHT
97,6.647,33.194,3SU1152-6AA60-1AA0
97,1.368,34.044,IND-M-24-YLW
97,6.647,34.044,3SU1152-6AA30-1AA0
97,1.368,34.894,IND-M30-BLU
97,6.687,34.894,3SU1061-0JD50-0AA0
97,1.368,35.745,IND-M30-CLR
97,6.687,35.745,3SU1061-0JD70-0AA0
97,1.368,36.595,IND-M30-GRN
97,6.687,36.595,3SU1061-0JD40-0AA0
97,1.368,37.445,IND-M30-RED
97,6.687,37.445,3SU1061-0JD20-0AA0
97,1.368,38.295,IND-M30-YLW
97,6.687,38.295,3SU1061-0JD30-0AA0
97,1.368,39.146,IND-P-110-BLU
97,6.647,39.146,3SU1103-6AA50-1AA0
97,1.368,39.996,IND-P-110-CLR
97,6.647,39.996,3SU1103-6AA70-1AA0
97,1.368,40.846,IND-P-110-GRN
97,6.647,40.846,3SU1103-6AA40-1AA0
97,1.368,41.697,IND-P-110-RED
97,6.647,41.697,3SU1103-6AA20-1AA0
97,1.368,42.547,IND-P-110-WHT
97,6.647,42.547,3SU1103-6AA60-1AA0
97,1.368,43.397,IND-P-110-YLW
97,6.647,43.397,3SU1103-6AA30-1AA0
97,1.368,44.248,IND-P-230-BLU
97,6.647,44.248,3SU1106-6AA50-1AA0
97,1.368,45.098,IND-P-230-CLR
97,6.647,45.098,3SU1106-6AA70-1AA0
97,1.368,45.948,IND-P-230-GRN
97,6.647,45.948,3SU1106-6AA40-1AA0
97,1.368,46.799,IND-P-230-RED
97,6.647,46.799,3SU1106-6AA20-1AA0
97,1.368,47.649,IND-P-230-WHT
97,6.647,47.649,3SU1106-6AA60-1AA0
97,1.368,48.499,IND-P-230-YLW
97,6.647,48.499,3SU1106-6AA30-1AA0
97,12.943,4.283,IND-P-24-BLU
97,18.221,4.283,3SU1102-6AA50-1AA0
97,12.943,5.133,IND-P-24-CLR
97,18.221,5.133,3SU1102-6AA70-1AA0
97,12.943,5.984,IND-P-24-GRN
97,18.221,5.984,3SU1102-6AA40-1AA0
97,12.943,6.834,IND-P-24-RED
97,18.221,6.834,3SU1102-6AA20-1AA0
97,12.943,7.683999999999999,IND-P-24-WHT
97,18.221,7.683999999999999,3SU1102-6AA60-1AA0
97,12.943,8.535,IND-P-24-YLW
97,18.221,8.535,3SU1102-6AA30-1AA0
97,18.228,9.385,3SU1900-0AC16-0AA0
97,12.943,10.235,LEDBM-110-BLU
97,18.231,10.235,3SU1401-2BC50-1AA0
97,12.943,11.085,LEDBM-110-GRN
97,18.231,11.085,3SU1401-2BC40-1AA0
97,12.943,11.936,LEDBM-110-RED
97,18.231,11.936,3SU1401-2BC20-1AA0
97,12.943,12.786,LEDBM-110-WHT
97,18.231,12.786,3SU1401-2BC60-1AA0
97,12.943,13.636,LEDBM-110-YLW
97,18.231,13.636,3SU1401-2BC30-1AA0
97,12.943,14.487,LEDBM-230-BLU
97,18.255,14.487,3SU1401-2BF50-1AA0
97,12.943,15.337,LEDBM-230-GRN
97,18.255,15.337,3SU1401-2BF40-1AA0
97,12.943,16.187,LEDBM-230-RED
97,18.255,16.187,3SU1401-2BF20-1AA0
97,12.943,17.038,LEDBM-230-WHT
97,18.255,17.038,3SU1401-2BF60-1AA0
97,12.943,17.888,LEDBM-230-YLW
97,18.255,17.888,3SU1401-2BF30-1AA0
97,12.943,18.738,LEDBM-24-BLU
97,18.236,18.738,3SU1401-2BB50-1AA0
97,12.943,19.589,LEDBM-24-GRN
97,18.236,19.589,3SU1401-2BB40-1AA0
97,12.943,20.439,LEDBM-24-RED
97,18.236,20.439,3SU1401-2BB20-1AA0
97,12.943,21.289,LEDBM-24-WHT
97,18.236,21.289,3SU1401-2BB60-1AA0
97,12.943,22.14,LEDBM-24-YLW
97,18.236,22.14,3SU1401-2BB30-1AA0
97,12.943,22.99,LEDPM-110-BLU
97,18.231,22.99,3SU1401-1BC50-1AA0
97,12.943,23.84,LEDPM-110-GRN
97,18.231,23.84,3SU1401-1BC40-1AA0
97,12.943,24.69,LEDPM-110-RED
97,18.231,24.69,3SU1401-1BC20-1AA0
97,12.943,25.541,LEDPM-110-WHT
97,18.231,25.541,3SU1401-1BC60-1AA0
97,12.943,26.391,LEDPM-110-YLW
97,18.231,26.391,3SU1401-1BC30-1AA0
97,12.943,27.241,LEDPM-230-BLU
97,18.255,27.241,3SU1401-1BF50-1AA0
97,12.943,28.092,LEDPM-230-GRN
97,18.255,28.092,3SU1401-1BF40-1AA0
97,12.943,28.942,LEDPM-230-RED
97,18.255,28.942,3SU1401-1BF20-1AA0
97,12.943,29.792,LEDPM-230-WHT
97,18.255,29.792,3SU1401-1BF60-1AA0
97,12.943,30.643,LEDPM-230-YLW
97,18.255,30.643,3SU1401-1BF30-1AA0
97,12.943,31.493,LEDPM-24-BLU
97,18.236,31.493,3SU1401-1BB50-1AA0
97,12.943,32.343,LEDPM-24-GRN
97,18.236,32.343,3SU1401-1BB40-1AA0
97,12.943,33.194,LEDPM-24-RED
97,18.236,33.194,3SU1401-1BB20-1AA0
97,12.943,34.044,LEDPM-24-WHT
97,18.236,34.044,3SU1401-1BB60-1AA0
97,12.943,34.894,LEDPM-24-YLW
97,18.236,34.894,3SU1401-1BB30-1AA0
97,18.201,35.745,3SU1900-0AN10-0AA0
97,12.943,36.595,PBI-M-110-BLU
97,18.238,36.595,3SU1153-0AB50-1BA0
97,12.943,37.445,PBI-M-110-GRN
97,18.238,37.445,3SU1153-0AB40-1BA0
97,12.943,38.295,PBI-M-110-RED
97,18.231,38.295,3SU1153-0AB20-1CA0
97,12.943,39.146,PBI-M-110-WHT
97,18.238,39.146,3SU1153-0AB60-1BA0
97,12.943,39.996,PBI-M-110-YLW
97,18.238,39.996,3SU1153-0AB30-1BA0
97,12.943,40.846,PBI-M-230-BLU
97,18.238,40.846,3SU1156-0AB50-1BA0
97,12.943,41.697,PBI-M-230-GRN
97,18.238,41.697,3SU1156-0AB40-1BA0
97,12.943,42.547,PBI-M-230-RED
97,18.231,42.547,3SU1156-0AB20-1CA0
97,12.943,43.397,PBI-M-230-WHT
97,18.238,43.397,3SU1156-0AB60-1BA0
97,12.943,44.248,PBI-M-230-YLW
97,18.238,44.248,3SU1156-0AB30-1BA0
97,12.943,45.098,PBI-M-24-BLU
97,18.238,45.098,3SU1152-0AB50-1BA0
97,12.943,45.948,PBI-M-24-GRN
97,18.238,45.948,3SU1152-0AB40-1BA0
97,12.943,46.799,PBI-M-24-RED
97,18.231,46.799,3SU1152-0AB20-1CA0
97,12.943,47.649,PBI-M-24-WHT
97,18.238,47.649,3SU1152-0AB60-1BA0
97,12.943,48.499,PBI-M-24-YLW
97,18.238,48.499,3SU1152-0AB30-1BA0
97,24.518,4.283,PBI-M30-BLU
97,29.863,4.283,3SU1061-0JB50-0AA0
97,24.518,5.133,PBI-M30-CLR
97,29.863,5.133,3SU1061-0JB70-0AA0
97,24.518,5.984,PBI-M30-GRN
97,29.863,5.984,3SU1061-0JB40-0AA0
97,24.518,6.834,PBI-M30-RED
97,29.863,6.834,3SU1061-0JB20-0AA0
97,24.518,7.683999999999999,PBI-M30-YLW
97,29.863,7.683999999999999,3SU1061-0JB30-0AA0
97,24.518,8.535,PBI-P-110-BLU
97,29.813,8.535,3SU1103-0AB50-1BA0
97,24.518,9.385,PBI-P-110-GRN
97,29.813,9.385,3SU1103-0AB40-1BA0
97,24.518,10.235,PBI-P-110-RED
97,29.805,10.235,3SU1103-0AB20-1CA0
97,24.518,11.085,PBI-P-110-WHT
97,29.813,11.085,3SU1103-0AB60-1BA0
97,24.518,11.936,PBI-P-110-YLW
97,29.813,11.936,3SU1103-0AB30-1BA0
97,24.518,12.786,PBI-P-230-BLU
97,29.813,12.786,3SU1106-0AB50-1BA0
97,24.518,13.636,PBI-P-230-GRN
97,29.813,13.636,3SU1106-0AB40-1BA0
97,24.518,14.487,PBI-P-230-RED
97,29.805,14.487,3SU1106-0AB20-1CA0
97,24.518,15.337,PBI-P-230-WHT
97,29.813,15.337,3SU1106-0AB60-1BA0
97,24.518,16.187,PBI-P-230-YLW
97,29.813,16.187,3SU1106-0AB30-1BA0
97,24.518,17.038,PBI-P-24-BLU
97,29.813,17.038,3SU1102-0AB50-1BA0
97,24.518,17.888,PBI-P-24-GRN
97,29.813,17.888,3SU1102-0AB40-1BA0
97,24.518,18.738,PBI-P-24-RED
97,29.805,18.738,3SU1102-0AB20-1CA0
97,24.518,19.589,PBI-P-24-WHT
97,29.813,19.589,3SU1102-0AB60-1BA0
97,24.518,20.439,PBI-P-24-YLW
97,29.813,20.439,3SU1102-0AB30-1BA0
97,24.518,21.289,PB-M30- BLK
97,29.863,21.289,3SU1060-0JB10-0AA0
97,24.518,22.14,PB-M30-BLU
97,29.863,22.14,3SU1060-0JB50-0AA0
97,24.518,22.99,PB-M30-GRN
97,29.863,22.99,3SU1060-0JB40-0AA0
97,24.518,23.84,PB-M30-RED
97,29.863,23.84,3SU1060-0JB20-0AA0
97,24.518,24.69,PB-M30-WHT
97,29.863,24.69,3SU1060-0JB60-0AA0
97,24.518,25.541,PB-M30-YLW
97,29.863,25.541,3SU1060-0JB30-0AA0
97,29.813,26.391,3SU1150-0AB10-1BA0
97,29.813,27.241,3SU1150-0AB50-1BA0
97,29.813,28.092,3SU1150-0AB40-1BA0
97,29.805,28.942,3SU1150-0AB20-1CA0
97,29.813,29.792,3SU1150-0AB60-1BA0
97,29.813,30.643,3SU1150-0AB30-1BA0
97,29.813,31.493,3SU1100-0AB10-1BA0
97,29.813,32.343,3SU1100-0AB50-1BA0
97,29.813,33.194,3SU1100-0AB40-1BA0
97,29.805,34.044,3SU1100-0AB20-1CA0
97,29.813,34.894,3SU1100-0AB60-1BA0
97,29.813,35.745,3SU1100-0AB30-1BA0
97,24.518,36.595,SEL2-M30
97,29.803,36.595,3SU1062-2DF60-0AA0
97,24.518,37.445,SEL2-M-NO
97,29.839,37.445,3SU1150-2BF60-1BA0
97,29.77,38.295,3SU1150-2BF60-1MA0
97,24.518,39.146,SEL2-P-NO
97,29.839,39.146,3SU1100-2BF60-1BA0
97,29.77,39.996,3SU1100-2BF60-1MA0
97,24.518,40.846,SEL3-M30
97,29.815,40.846,3SU1062-2DL60-0AA0
97,24.518,41.697,SEL3-M-NO
97,29.821,41.697,3SU1150-2BL60-1NA0
97,24.518,42.547,SEL3-P-NO
97,29.821,42.547,3SU1100-2BL60-1NA0
98,1.167,1.499,SIGNALLING COLUMNS 8WD4
98,3.126,4.617,8WD4308-0CA
98,3.103,5.592,8WD4308-0DB
98,3.072,6.566,8WD4308-0DD
98,3.151,7.541,8WD4308-0EA
98,3.148,8.515,8WD4308-0EB
98,3.097,9.49,8WD4408-0AD
98,3.132,10.464,8WD4408-0AA
98,3.13,11.439,8WD4408-0AB
98,3.17,12.413,8WD4420-0FA
98,3.131,13.388,8WD4420-5AB
98,3.124,14.362,8WD4420-5AC
98,3.099,15.337,8WD4420-5AD
98,3.144,16.311,8WD4420-5AE
98,3.154,17.286,8WD4420-5AF
98,15.864,21.373,on Element 8WD4408-0AB
98,15.866,22.347,on Element 8WD4408-0AA
98,18.423,23.322,ng 8WD4308-0CA
98,15.482,25.271,Socket 8WD4308-0DD
98,18.455,26.245,ng 8WD4408-0CD
98,14.105,28.194,Pipe 8WD4208-0EF/8WD4308-0E.
98,15.482,30.143,Socket 8WD4308-0DD
99,1.167,1.499,SIGNALLING COLUMNS 8WD46
99,3.098,5.828,8WD4613-5HH37
99,10.848,5.828,8WD4613-5HH47
99,3.098,6.891,8WD4615-5HH37
99,10.848,6.891,8WD4615-5HH47
99,3.179,7.955,8WD4613-5JH37
99,10.929,7.955,8WD4613-5JH47
99,22.114,7.955,9 segment acousti
99,3.179,9.018,8WD4615-5JH37
99,10.929,9.018,8WD4615-5JH47
99,21.977,9.018,15 segment acousti
99,7.299,10.081,8WD4618-0CA
99,7.282,11.144,8WD4618-0DA
99,7.297,12.207,8WD4408-0CC
99,3.272,13.117,3SX5601-2GA03
99,11.071,14.227,3SX5601-3SB54
99,3.272,13.873,3SX5601-2GA05
99,3.272,14.618,3SX5601-2GA10
99,3.272,15.35,3SX5601-2GA15
99,3.317,16.247,3SX5601-3SV18
99,11.067,17.31,3SX5601-3SV15
99,3.449,18.373,8WD4618-0FB
100,5.242,1.499,3SE5 POSITION SWITCHES
100,8.546,6.708,3SE5232-0CC05
100,8.541,9.011,3SE5232-0HE10
100,8.545,11.314,3SE5232-0HF10
100,8.522,13.617,3SE5232-0HK21
100,8.522,15.920000000000002,3SE5232-0HK50
100,8.546,21.142,3SE5112-0CC02
100,8.521,23.445,3SE5112-0CD02
100,8.52,25.748,3SE5112-0CH01
100,8.52,28.051,3SE5112-0CH50
100,8.564,32.597,3SE5122-0CE01
100,8.52,34.9,3SE5122-0CH01
100,8.52,37.203,3SE5122-0CH50
101,7.195,6.936,3SE5232-0CC05
101,14.576,6.936,3SE5212-0CC05
101,7.168,9.616,3SE5000-0AD03
101,14.548,9.616,3SE5000-0AD03
101,7.21,11.565,3SE5000-0AE10
101,14.591,11.565,3SE5000-0AE11
101,7.213,13.513,3SE5000-0AF10
101,14.594,13.513,3SE5000-0AF11
101,7.198,15.462,3SE5000-0AR01
101,14.579,15.462,3SE5000-0AR01
101,7.19,17.411,3SE5000-0AK00
101,14.571,17.411,3SE5000-0AK00
101,7.187,19.359,3SE5000-0AA21
101,14.568,19.359,3SE5000-0AA22
101,7.187,21.308,3SE5000-0AA50
101,14.568,21.308,3SE5000-0AA51
101,7.187,23.256,3SE5000-0AA60
101,14.568,23.256,3SE5000-0AA61
101,7.187,25.205,3SE5000-0AA80
101,14.568,25.205,3SE5000-0AA80
101,7.19,28.635,3SE5112-0CA00
101,7.211,31.271,3SE5000-0AE01
101,7.211,33.308,3SE5000-0AE02
101,7.214,35.345,3SE5000-0AF01
101,7.214,37.383,3SE5000-0AF02
101,7.168,39.42,3SE5000-0AH00
101,7.188,41.457,3SE5000-0AA02
101,7.188,43.494,3SE5000-0AA51
101,7.188,45.531,3SE5000-0AA61
101,7.188,47.569,3SE5000-0AA80
102,5.242,1.499,3SE5 SAFETY SWITCHES
102,6.538,6.018,3SE5232-0RV40
102,12.588,6.018,3SE5212-0RV40
102,19.777,6.018,on 1NC/1NO
102,6.498,8.321,3SE5132-0QV20
102,12.548,8.321,3SE5112-0QV10
102,19.777,8.321,on 2NC/1NO
102,6.498,10.624,3SE5242-0QV40
102,19.778,10.624,on 2NC/1NO
102,12.548,12.927,3SE5122-0QV10
102,19.777,12.927,on 2NC/1NO
102,6.579,16.178,PLASTIC 1300N
102,12.794,16.178,METAL 2600N
102,6.534,17.861,3SE5322-0SD21
102,12.584,17.861,3SE5312-0SD11
102,6.577,20.164,3SE5322-0SE21
102,12.626,20.164,3SE5312-0SE11
102,6.579,22.467,3SE5322-0SF21
102,12.629,22.467,3SE5312-0SF11
102,6.56,24.77,3SE5322-0SB21
102,12.609,24.77,3SE5312-0SB11
102,6.579,28.022,PLASTIC 1300N
102,15.819,28.022,METAL 2600N
102,6.534,29.705,3SE5000-0AV01
102,6.534,32.008,3SE5000-0AV02
102,6.534,34.311,3SE5000-0AV03
102,6.534,36.614,3SE5000-0AV04
102,6.534,38.917,3SE5000-0AV05
102,6.447,41.22,3SE5000-0AW51
102,6.447,43.523,3SE5000-0AW52
102,6.447,45.826,3SE5000-0AW53
103,1.167,2.174,SIRIUS 3RW soft
103,31.792,7.696999999999999,3RW55/55F
103,10.255,47.4,Type 1
103,14.545,47.4,Type 2
104,5.242,2.754,3RW30 soft
104,22.373,4.915,3RW3016-1BB.4
104,22.373,5.978,3RW3017-1BB.4
104,22.373,7.041,3RW3018-1BB.4
104,22.372,8.104,3RW3026-1BB.4
104,22.372,9.168,3RW3027-1BB.4
104,22.371,10.231,3RW3028-1BB.4
104,5.242,11.763,3RW40 soft
104,22.373,12.861,3RW4024-1BB.4
104,22.372,13.924,3RW4026-1BB.4
104,22.372,14.987,3RW4027-1BB.4
104,22.372,16.05,3RW4028-1BB.4
104,22.371,17.113,3RW4036-1BB.4
104,22.371,18.177,3RW4037-1BB.4
104,22.37,19.24,3RW4038-1BB.4
104,22.37,20.303,3RW4046-1BB.4
104,22.37,21.366,3RW4047-1BB.4
104,5.242,22.898,3RW50 soft
104,22.386,23.996,3RW5055-6TB.4
104,22.386,25.059,3RW5056-6TB.4
104,22.386,26.122,3RW5072-6TB.4
104,22.386,27.185,3RW5073-6TB.4
104,22.386,28.248,3RW5074-6TB.4
104,22.386,29.311,3RW5075-6TB.4
104,22.386,30.375,3RW5076-6TB.4
104,22.386,31.438,3RW5077-6TB.4
104,15.427,33.576,24VAC/DC
104,11.202,38.067,3RT1936-4EA2
104,11.202,39.131,3RT1946-4EA2
104,11.202,40.194,3RT1956-4EA2
104,11.202,41.257,3RT1966-4EA2
104,11.202,44.562,3RT1946-4EA1
104,11.202,45.625,3RT1956-4EA1
104,11.202,46.689,3RT1966-4EA1
105,5.242,1.499,3RW52 SOFT STARTERS
105,5.242,2.174,SIRIUS 3RW52 soft
105,17.559,15.041,3RW521.
105,23.292,15.041,3RW522./3RW523
105,31.126,15.041,3RW524.
105,17.238,17.401,Frame Size 1
105,24.021,17.401,Frame Size 2
105,30.805,17.401,Frame Size 4
105,7.082,20.721,40 DEG C
105,25.75,21.944,3RW5213-1
105,25.75,22.83,3RW5214-1
105,25.75,23.715,3RW5215-1
105,25.75,24.601,3RW5216-1
105,25.75,25.487,3RW5217-1
105,25.75,26.373,3RW5224-1
105,25.75,27.259,3RW5225-1
105,25.75,28.145,3RW5226-1
105,25.75,29.03,3RW5227-1
105,5.443,31.688,24VAC/DC Control Voltage
105,25.75,33.861,3RW5234-6
105,25.75,34.747,3RW5235-6
105,25.75,35.632,3RW5236-6
105,25.75,36.518,3RW5243-6
105,25.75,37.404,3RW5244-6
105,25.75,38.29,3RW5245-6
105,25.75,39.176,3RW5246-6
105,25.75,40.062,3RW5247-6
105,25.75,40.947,3RW5248-6
105,5.443,43.605,24VAC/DC Control Voltage
106,5.242,1.488,3RW55 SOFT STARTERS
106,16.394,13.558,3RW551.
106,20.364,13.558,3RW552./3RW553.
106,26.87,13.558,3RW554.
106,31.968000000000004,13.558,3RW555.
106,16.373,15.046,Frame Size 1
106,21.205,15.046,Frame Size 2/3
106,26.548,15.046,Frame Size 4
106,31.647,15.046,Frame Size 5
106,29.61,19.27,3RW5513-1HA
106,29.611,19.917,3RW5514-1HA
106,29.61,20.564,3RW5515-1HA
106,29.61,21.211,3RW5516-1HA
106,29.61,21.858,3RW5517-1HA
106,29.61,22.505,3RW5524-1HA
106,29.61,23.152,3RW5525-1HA
106,29.61,23.799,3RW5526-1HA
106,29.61,24.446,3RW5527-1HA
106,29.611,25.093,3RW5534-6HA
106,29.611,25.74,3RW5535-6HA
106,29.611,26.387,3RW5536-6HA
106,29.611,27.034,3RW5543-6HA
106,29.611,27.681,3RW5544-6HA
106,29.611,28.327,3RW5545-6HA
106,29.61,28.974,3RW5546-6HA
106,29.61,29.621,3RW5547-6HA
106,29.61,30.268,3RW5548-6HA
106,29.61,30.915,3RW5552-6HA
106,29.61,31.562,3RW5553-6HA
106,29.61,32.209,3RW5554-6HA
106,29.61,32.856,3RW5556-6HA
106,29.61,33.503,3RW5558-6HA
106,5.242,34.738,3RW55F FAILSAFE SOFTSTARTER
106,29.757,35.63,3RW5513-1HF
106,29.757,36.277,3RW5514-1HF
106,29.756,36.924,3RW5515-1HF
106,29.756,37.571,3RW5516-1HF
106,29.756,38.218,3RW5517-1HF
106,29.756,38.865,3RW5524-1HF
106,29.756,39.512,3RW5525-1HF
106,29.756,40.159,3RW5526-1HF
106,29.756,40.806,3RW5527-1HF
106,29.756,41.453,3RW5534-6HF
106,29.756,42.1,3RW5535-6HF
106,29.756,42.746,3RW5536-6HF
106,29.756,43.393,3RW5543-6HF
106,29.756,44.04,3RW5544-6HF
106,29.756,44.687,3RW5545-6HF
106,29.756,45.334,3RW5546-6HF
106,29.756,45.981,3RW5547-6HF
106,29.756,46.628,3RW5548-6HF
106,5.443,48.366,24VAC/DC
107,-31.963,1.488,3RW55 SOFT STARTERS
107,-20.811,13.558,3RW551.
107,-16.84,13.558,3RW552./3RW553.
107,-10.335,13.558,3RW554.
107,-5.236,13.558,3RW555.
107,-20.832,15.046,Frame Size 1
107,-15.999,15.046,Frame Size 2/3
107,-10.657,15.046,Frame Size 4
107,-5.558,15.046,Frame Size 5
107,-7.594,19.27,3RW5513-1HA
107,-7.594,19.917,3RW5514-1HA
107,-7.595,20.563,3RW5515-1HA
107,-7.595,21.21,3RW5516-1HA
107,-7.596,21.857,3RW5517-1HA
107,-7.596,22.504,3RW5524-1HA
107,-7.597,23.151,3RW5525-1HA
107,-7.597,23.798,3RW5526-1HA
107,-7.598,24.445,3RW5527-1HA
107,-7.598,25.092,3RW5534-6HA
107,-7.598,25.738,3RW5535-6HA
107,-7.598,26.385,3RW5536-6HA
107,-7.598,27.032,3RW5543-6HA
107,-7.598,27.679,3RW5544-6HA
107,-7.598,28.326,3RW5545-6HA
107,-7.598,28.973,3RW5546-6HA
107,-7.598,29.62,3RW5547-6HA
107,-7.598,30.267,3RW5548-6HA
107,-7.598,30.913,3RW5552-6HA
107,-7.598,31.56,3RW5553-6HA
107,-7.598,32.207,3RW5554-6HA
107,-7.598,32.854,3RW5556-6HA
107,-7.598,33.501,3RW5558-6HA
107,-31.963,34.738,3RW55F FAILSAFE SOFTSTARTER
107,-7.448,35.63,3RW5513-1HF
107,-7.447,36.277,3RW5514-1HF
107,-7.447,36.924,3RW5515-1HF
107,-7.447,37.57,3RW5516-1HF
107,-7.447,38.217,3RW5517-1HF
107,-7.447,38.864,3RW5524-1HF
107,-7.447,39.511,3RW5525-1HF
107,-7.447,40.158,3RW5526-1HF
107,-7.447,40.805,3RW5527-1HF
107,-7.447,41.452,3RW5534-6HF
107,-7.447,42.099,3RW5535-6HF
107,-7.447,42.745,3RW5536-6HF
107,-7.447,43.392,3RW5543-6HF
107,-7.447,44.039,3RW5544-6HF
107,-7.447,44.686,3RW5545-6HF
107,-7.447,45.333,3RW5546-6HF
107,-7.447,45.98,3RW5547-6HF
107,-7.447,46.627,3RW5548-6HF
107,-31.762,48.366,24VAC/DC
107,5.242,1.499,3RW5 ACCESSORIES
107,7.332,4.738,3RW5980-0CP00
107,7.345,5.801,3RW5980-0CS00
107,7.294,6.864,3RW5950-0CH00
107,7.337,7.927,3RW5980-0CE00
107,7.334,8.99,3RW5980-0CT00
107,7.326,10.053,3RW5980-0CR00
107,7.318,13.081,3RW5980-0HF00
107,7.33,14.54,3RW5980-0HL00
107,7.324,15.719,3RW5980-0HS00
107,7.273,16.897,3RW5980-0HD00
107,7.294,17.96,3RW5980-0HC60
107,7.178,19.023,3UF7933-0BA00-0
107,7.178,20.087,3UF7937-0BA00-0
107,7.178,21.15,3UF7932-0BA00-0
107,7.412,22.213,3ZY1311-0AA00
107,7.342,24.844,3RW5983-0TC20
107,7.342,25.907,3RW5984-0TC20
107,7.325,28.803,3RW5954-0GF00
107,7.337,29.866,3RW5950-0GL20
107,7.337,30.93,3RW5950-0GL30
107,7.337,31.993,3RW5950-0GL40
107,7.28,33.056,3RW5950-0GD20
109,6.46,4.472,6ED1052-1CC08-0BA2
109,6.374,5.358,6ED1052-1MD08-0BA2
109,6.44,6.244,6ED1052-1HB08-0BA2
109,6.486,7.13,6ED1052-1FB08-0BA2
109,6.46,9.583,6ED1052-1CC08-0BA2
109,6.374,10.469,6ED1052-1MD08-0BA2
109,6.44,11.355,6ED1052-1HB08-0BA2
109,6.486,12.241,6ED1052-1FB08-0BA2
109,6.462,14.695,6ED1055-1CB00-0BA2
109,6.401,15.581,6ED1055-1MB00-0BA2
109,6.44,16.467,6ED1055-1HB00-0BA2
109,6.486,17.352,6ED1055-1FB00-0BA2
109,6.462,18.238,6ED1055-1CB10-0BA2
109,6.44,19.124,6ED1055-1NB10-0BA2
109,6.487,20.01,6ED1055-1FB10-0BA2
109,6.394,22.463,6ED1055-1MA00-0BA2
109,6.374,23.349,6ED1055-1MD00-0BA2
109,6.335,24.235,6ED1055-1MM00-0BA2
109,6.396,26.849,6ED1055-5MC08-0BA1
109,6.46,27.895,6BK1700-0BA20-0AA0
109,6.371,28.781,6GK7177-1MA20-0AA0
109,6.453,29.826,6GK7142-7BX00-0AX0
109,13.068,29.545,CMR2020 communicati
109,6.467,30.872,6GK7142-7EX00-0AX0
109,13.915,30.872,CMR2040 communicati
109,6.41,33.326,6GK5895-6ML00-0AA0
109,7.146,34.212,6XV1875-5LH50
109,7.081,35.098,6NH9860-1AA00
109,6.481,37.551,6ED1058-0BA08-0YA1
109,23.2,37.551,Comfort version 8
110,5.242,1.488,S7-1200 BASIC CONTROLLERS
110,6.538,4.728,6ES72111-BE40-0XB0
110,6.531,5.613,6ES72111-AE40-0XB0
110,6.511,6.499,6ES72111-HE40-0XB0
110,6.538,8.953,6ES7212-1BE40-0XB0
110,6.531,9.839,6ES7212-1AE40-0XB0
110,6.687,10.725,6ES72121HE400XB0
110,6.503,13.444,6ES7214-1BG40-0XB0
110,6.5,14.33,6ES7214-1AG40-0XB0
110,6.475,15.216,6ES7214-1HG40-0XB0
110,6.503,17.935,6ES7215-1BG40-0XB0
110,6.5,18.821,6ES7215-1AG40-0XB0
110,6.475,19.707,6ES7215-1HG40-0XB0
110,6.5,22.427,6ES7217-1AG40-0XB0
110,6.534,25.146,6ES7212-1AF40-0XB0
110,6.514,26.032,6ES7212-1HF40-0XB0
110,6.534,28.752,6ES7214-1AF40-0XB0
110,6.514,29.638,6ES7214-1HF40-0XB0
110,6.473,30.524,6ES7215-1AF40-0XB0
110,6.514,31.41,6ES7215-1HF40-0XB0
110,6.541,34.129,6ES7221-1BF32-0XB0
110,6.433,35.015,6ES7221-1BH32-0XB0
110,6.514,37.734,6ES7222-1HF32-0XB0
110,6.541,38.62,6ES7222-1BF32-0XB0
110,6.54,39.506,6ES7222-1XF32-0XB0
110,6.467,40.392,6ES7222-1HH32-0XB0
110,6.495,41.278,6ES7222-1BH32-0XB0
110,6.506,43.997,6ES7223-1PH32-0XB0
110,6.495,44.883,6ES7223-1BH32-0XB0
110,6.564,45.769,6ES7223-1PL32-0XB0
110,6.553,46.655,6ES7223-1BL32-0XB0
110,6.459,47.541,6ES7223-1QH32-0XB0
111,-31.963,1.488,S7-1200 BASIC CONTROLLERS
111,-30.666,4.728,6ES72111-BE40-0XB0
111,-30.673,5.613,6ES72111-AE40-0XB0
111,-30.694,6.499,6ES72111-HE40-0XB0
111,-30.666,8.953,6ES7212-1BE40-0XB0
111,-30.673,9.839,6ES7212-1AE40-0XB0
111,-30.517,10.725,6ES72121HE400XB0
111,-30.702,13.444,6ES7214-1BG40-0XB0
111,-30.705,14.33,6ES7214-1AG40-0XB0
111,-30.73,15.216,6ES7214-1HG40-0XB0
111,-30.702,17.935,6ES7215-1BG40-0XB0
111,-30.705,18.821,6ES7215-1AG40-0XB0
111,-30.729,19.707,6ES7215-1HG40-0XB0
111,-30.705,22.427,6ES7217-1AG40-0XB0
111,-30.671,25.146,6ES7212-1AF40-0XB0
111,-30.691,26.032,6ES7212-1HF40-0XB0
111,-30.671,28.752,6ES7214-1AF40-0XB0
111,-30.691,29.638,6ES7214-1HF40-0XB0
111,-30.732,30.524,6ES7215-1AF40-0XB0
111,-30.691,31.41,6ES7215-1HF40-0XB0
111,-30.664,34.129,6ES7221-1BF32-0XB0
111,-30.771,35.015,6ES7221-1BH32-0XB0
111,-30.691,37.734,6ES7222-1HF32-0XB0
111,-30.664,38.62,6ES7222-1BF32-0XB0
111,-30.664,39.506,6ES7222-1XF32-0XB0
111,-30.737,40.392,6ES7222-1HH32-0XB0
111,-30.71,41.278,6ES7222-1BH32-0XB0
111,-30.699,43.997,6ES7223-1PH32-0XB0
111,-30.71,44.883,6ES7223-1BH32-0XB0
111,-30.641,45.769,6ES7223-1PL32-0XB0
111,-30.651,46.655,6ES7223-1BL32-0XB0
111,-30.746,47.541,6ES7223-1QH32-0XB0
111,6.468,4.346,6ES7231-4HD32-0XB0
111,6.468,5.232,6ES7231-5ND32-0XB0
111,6.514,6.118,6ES7231-4HF32-0XB0
111,6.495,8.572,6ES7232-4HB32-0XB0
111,6.468,9.458,6ES7232-4HD32-0XB0
111,6.511,11.911,6ES7234-4HE32-0XB0
111,6.459,14.365,6ES7231-5QD32-0XB0
111,6.505,15.251,6ES7231-5QF32-0XB0
111,6.506,17.705,6ES7231-5PD32-0XB0
111,6.552,18.591,6ES7231-5PF32-0XB0
111,7.042,21.47,7MH4960-2AA01
111,7.046,22.516,7MH4900-1AK01
111,6.514,24.97,6ES7238-5XA32-0XB0
111,6.488,27.424,6ES7241-1AH32-0XB0
111,22.712,27.424,1241 RS 232
111,6.49,28.31,6ES7241-1CH32-0XB0
111,6.49,29.196,6ES7241-1CH30-1XB0
111,6.454,30.082,6GK7242-5DX30-0XE0
111,6.454,30.967,6GK7243-5DX30-0XE0
111,6.468,31.853,3RK7243-2AA30-0XB0
111,6.455,32.739,3RK7271-1AA30-0AA0
111,6.496,33.625,6ES7278-4BD32-0XB0
111,21.665,33.625,1278 4xIO-Link master
111,7.169,34.511,6GT2002-0LA00
111,6.476,36.964,6GK7243-1BX30-0XE0
111,6.47,38.291,6GK7243-7KX30-0XE0
112,6.488,2.382,6ES7221-3AD30-0XB0
112,6.496,3.268,6ES7221-3BD30-0XB0
112,6.427,4.154,6ES7222-1AD30-0XB0
112,6.496,5.04,6ES7222-1BD30-0XB0
112,6.359,5.926,6ES7223-0BD300-0XB0
112,6.428,6.812,6ES7223-3AD30-0XB0
112,6.496,7.698,6ES7223-3BD30-0XB0
112,6.488,8.584,6ES7231-4HA30-0XB0
112,6.538,9.47,6ES7231-5PA30-0XB0
112,6.484,10.356,6ES7231-5QA30-0XB0
112,6.488,11.242,6ES7232-4HA30-0XB0
112,6.517,13.854,6ES7226-6BA32-0XB0
112,6.432,14.9,6ES7226-6DA32-0XB0
112,6.52,15.786,6ES7226-6RA32-0XB0
112,6.523,18.24,6ES7822-0AA23-0YA5
112,6.53,19.125,6ES7822-0AA23-0YE5
112,6.545,20.011,6ES7822-0AA00-0YL0
112,6.556,22.465,6ES7833-1FB23-0YA5
113,-30.716,2.382,6ES7221-3AD30-0XB0
113,-30.709,3.268,6ES7221-3BD30-0XB0
113,-30.777,4.154,6ES7222-1AD30-0XB0
113,-30.709,5.04,6ES7222-1BD30-0XB0
113,-30.846,5.926,6ES7223-0BD300-0XB0
113,-30.777,6.812,6ES7223-3AD30-0XB0
113,-30.708,7.698,6ES7223-3BD30-0XB0
113,-30.716,8.584,6ES7231-4HA30-0XB0
113,-30.667,9.47,6ES7231-5PA30-0XB0
113,-30.721,10.356,6ES7231-5QA30-0XB0
113,-30.716,11.242,6ES7232-4HA30-0XB0
113,-30.687,13.854,6ES7226-6BA32-0XB0
113,-30.773,14.9,6ES7226-6DA32-0XB0
113,-30.685,15.786,6ES7226-6RA32-0XB0
113,-30.682,18.24,6ES7822-0AA23-0YA5
113,-30.675,19.125,6ES7822-0AA23-0YE5
113,-30.66,20.011,6ES7822-0AA00-0YL0
113,-30.648,22.465,6ES7833-1FB23-0YA5
113,5.242,1.499,S7-1500 ADVANCED CONTROLLERS
113,6.539,4.472,6ES7511-1AL03-0AB0
113,6.539,5.358,6ES7513-1AL02-0AB0
113,6.481,6.244,6ES7515-2AN03-0AB0
113,6.519,7.13,6ES7516-3AP03-0AB0
113,6.519,8.016,6ES7517-3AP00-0AB0
113,6.519,8.902,6ES7518-4AP00-0AB0
113,6.507,11.515,6ES7511-1CK01-0AB0
113,6.507,12.72,6ES7512-1CK01-0AB0
113,6.566,15.334,6ES7511-1FL03-0AB0
113,6.469,16.22,6ES7513-1FM03-0AB0
113,6.507,17.106,6ES7515-2FN03-0AB0
113,6.545,17.992,6ES7516-3FP03-0AB0
113,6.545,18.878,6ES7517-3FP00-0AB0
113,6.545,19.781,6ES7518-4FP00-0AB0
113,6.533,20.684,6ES7518-4FX00-1AC0
113,6.56,23.137,6ES7511-1TL03-0AB0
113,6.501,24.023,6ES7515-2TN03-0AB0
113,6.501,24.909,6ES7516-3TN00-0AB0
113,6.539,25.795,6ES7517-3TP00-0AB0
113,6.539,26.681,6ES7518-4TP00-0AB0
113,6.526,29.134,6ES7511-1UL03-0AB0
113,6.467,30.02,6ES7515-2UN03-0AB0
113,6.467,30.906,6ES7516-3UN00-0AB0
113,6.506,31.792,6ES7517-3UP00-0AB0
113,6.506,32.678,6ES7518-4UP00-0AB0
113,6.454,35.291,6ES7513-1RM03-0AB0
113,6.432,36.497,6ES7515-2RN03-0AB0
113,6.499,39.111,6ES7517-3HP00-0AB0
113,6.579,39.996,6ES7518-4JP00-0AB0
113,6.503,42.45,6ES7960-1CB00-0AA5
113,16.831,42.45,SIMATIC S7-1500 Synchronizati
113,6.527,43.336,6ES7960-1FB00-0AA5
113,15.858,43.336,SIMATIC S7-1500 Synchronizati
113,6.509,46.056,6ES7960-1BB00-5AA5
113,6.503,46.942,6ES7960-1BC00-5AA5
113,6.503,47.828,6ES7960-1CB00-5AA5
114,6.438,3.428,6ES7500-0HP00-0AB0
114,6.533,6.201,6ES7518-4FX00-1AC0
114,6.446,7.407,6ES7518-4AX00-1AC0
114,6.494,10.021,6ES7155-5AA00-0AA0
114,6.501,10.907,6ES7155-5AA01-0AB0
114,6.403,11.793,6ES7155-5MU00-0CN0
114,31.892000000000003,11.793,on on S7-400H
114,6.511,12.679,6ES7155-5BA00-0AB0
114,7.172,15.132,6EP1332-4BA00
114,7.172,16.018,6EP1333-4BA00
114,6.505,18.472,6ES7505-0KA00-0AB0
114,6.513,19.358,6ES7505-0RA00-0AB0
114,6.52,20.244,6ES7505-0RB00-0AB0
114,6.513,21.13,6ES7507-0RA00-0AB0
114,6.481,23.583,6ES7521-1BH10-0AA0
114,6.54,24.469,6ES7521-1BL10-0AA0
114,6.489,25.355,6ES7521-1BH00-0AB0
114,6.482,26.241,6ES7521-1BH50-0AA0
114,6.428,27.127,6ES7521-7BH00-0AB0
114,6.548,28.013,6ES7521-1BL00-0AB0
114,6.501,28.899,6ES7521-1FH00-0AA0
114,6.505,29.785,6ES7521-7EH00-0AB0
114,6.503,30.671,6ES7521-7TH00-0AB0
114,22.394,30.671,16XNAMUR HF
114,6.521,31.557,6ES7521-1BP00-0AA0
114,6.481,34.009,6ES7522-1BH10-0AA0
114,6.54,34.895,6ES7522-1BL10-0AA0
114,6.489,35.781,6ES7522-1BH01-0AB0
114,6.547,36.667,6ES7522-1BL01-0AB0
114,6.535,37.553,6ES7522-1BF00-0AB0
114,6.554,38.439,6ES7522-5FF00-0AB0
114,6.508,39.325,6ES7522-5HF00-0AB0
114,6.508,40.211,6ES7522-5FH00-0AB0
114,6.461,41.097,6ES7522-5HH00-0AB0
114,6.505,41.983,6ES7522-5EH00-0AB0
114,6.52,42.869,6ES7522-1BP00-0AA0
114,6.52,43.755,6ES7522-1BP50-0AA0
115,-30.767,3.428,6ES7500-0HP00-0AB0
115,-30.671,6.201,6ES7518-4FX00-1AC0
115,-30.759,7.407,6ES7518-4AX00-1AC0
115,-30.711,10.021,6ES7155-5AA00-0AA0
115,-30.703,10.907,6ES7155-5AA01-0AB0
115,-30.801,11.793,6ES7155-5MU00-0CN0
115,-5.312,11.793,on on S7-400H
115,-30.694,12.679,6ES7155-5BA00-0AB0
115,-30.032,15.132,6EP1332-4BA00
115,-30.032,16.018,6EP1333-4BA00
115,-30.7,18.472,6ES7505-0KA00-0AB0
115,-30.692,19.358,6ES7505-0RA00-0AB0
115,-30.684,20.244,6ES7505-0RB00-0AB0
115,-30.692,21.13,6ES7507-0RA00-0AB0
115,-30.724,23.583,6ES7521-1BH10-0AA0
115,-30.665,24.469,6ES7521-1BL10-0AA0
115,-30.716,25.355,6ES7521-1BH00-0AB0
115,-30.723,26.241,6ES7521-1BH50-0AA0
115,-30.777,27.127,6ES7521-7BH00-0AB0
115,-30.657,28.013,6ES7521-1BL00-0AB0
115,-30.704,28.899,6ES7521-1FH00-0AA0
115,-30.699,29.785,6ES7521-7EH00-0AB0
115,-30.702,30.671,6ES7521-7TH00-0AB0
115,-14.811,30.671,16XNAMUR HF
115,-30.684,31.557,6ES7521-1BP00-0AA0
115,-30.724,34.009,6ES7522-1BH10-0AA0
115,-30.665,34.895,6ES7522-1BL10-0AA0
115,-30.716,35.781,6ES7522-1BH01-0AB0
115,-30.658,36.667,6ES7522-1BL01-0AB0
115,-30.67,37.553,6ES7522-1BF00-0AB0
115,-30.651,38.439,6ES7522-5FF00-0AB0
115,-30.697,39.325,6ES7522-5HF00-0AB0
115,-30.697,40.211,6ES7522-5FH00-0AB0
115,-30.743,41.097,6ES7522-5HH00-0AB0
115,-30.7,41.983,6ES7522-5EH00-0AB0
115,-30.685,42.869,6ES7522-1BP00-0AA0
115,-30.685,43.755,6ES7522-1BP50-0AA0
115,6.539,3.534,6ES7523-1BL00-0AA0
115,6.519,4.42,6ES7523-1BP50-0AA0
115,6.453,7.298999999999999,6ES7531-7QD00-0AB0
115,6.499,8.345,6ES7531-7QF00-0AB0
115,6.47,9.231,6ES7531-7KF00-0AB0
115,6.446,10.277,6ES7531-7NF10-0AB0
115,6.545,11.482,6ES7531-7PF00-0AB0
115,6.507,12.688,6ES7531-7NF00-0AB0
115,6.488,15.567,6ES7532-5NB00-0AB0
115,6.462,16.453,6ES7532-5HD00-0AB0
115,6.507,17.499,6ES7532-5HF00-0AB0
115,6.462,18.544,6ES7532-5ND00-0AB0
115,6.496,21.424,6ES7534-7QE00-0AB0
115,6.488,24.463,6ES7526-1BH00-0AB0
115,6.535,25.669,6ES7526-2BF00-0AB0
115,6.509,28.282,6ES7551-1AB01-0AB0
115,6.501,29.168,6ES7550-1AA01-0AB0
115,6.501,30.054,6ES7552-1AA00-0AB0
115,6.501,31.1,6ES7553-1AA00-0AB0
115,6.502,32.146,6ES7554-1AA00-0AB0
115,6.502,33.192,6ES7556-1AA00-0AB0
115,6.502,34.237,6ES7558-1AA00-0AB0
115,7.043,35.283,7MH4980-1AA01
115,7.043,36.489,7MH4980-2AA01
115,6.475,39.368,6ES7540-1AD00-0AA0
115,6.482,40.254,6ES7541-1AD00-0AB0
115,6.501,41.14,6ES7540-1AB00-0AA0
115,6.509,42.025,6ES7541-1AB00-0AB0
116,6.587,3.975,6ES7547-1JF00-0AB0
116,6.467,7.136,6GK7543-1AX00-0XE0
116,6.467,8.022,6GK7542-1AX10-0XE0
116,6.393,9.067,6GK7545-1GX00-0XE0
116,6.393,11.947,6GK7542-5DX10-0XE0
116,6.493,12.833,6GK7542-5FX10-0XE0
116,6.523,15.552,6ES7822-1AA23-0YA5
116,6.545,16.438,6ES7822-1AA00-0YL5
116,6.51,19.157,6ES7822-1AA23-0XC5
116,6.537,20.043,6ES7810-5CC04-0YE2
116,6.563,22.763,6ES7833-1FA23-0YA5
117,6.365,4.826,6AV2123-3DB32-0AW0
117,6.372,6.421,6AV2123-3GB32-0AW0
117,6.388,8.016,6AV2123-3KB32-0AW0
117,6.326,9.611,6AV2123-3MB32-0AW0
117,6.453,13.038,6AV2128-3GB06-0AX1
117,6.469,15.164,6AV2128-3KB06-0AX1
117,6.406,17.29,6AV2128-3MB06-0AX1
117,6.436,19.415,6AV2128-3QB06-0AX1
117,6.451,21.541,6AV2128-3UB06-0AX1
117,6.471,23.667,6AV2128-3XB06-0AX1
118,5.242,1.499,POWER SUPPLIES PSU6200
118,6.526,4.472,6EP3331-7SB00-0AX0
118,6.526,5.358,6EP3332-7SB00-0AX0
118,6.532,6.244,6EP3333-7LB00-0AX0
118,6.525,7.13,6EP3333-7SB00-0AX0
118,6.525,8.016,6EP3334-7SB00-3AX0
118,6.525,8.902,6EP3336-7SB00-3AX0
118,6.525,9.788,6EP3433-7SB00-0AX0
118,6.525,10.674,6EP3434-7SB00-3AX0
118,6.525,11.56,6EP3436-7SB00-3AX0
118,6.526,14.012,6EP3344-7SB00-3AX0
118,6.526,16.466,6EP3321-7SB00-0AX0
118,6.526,17.352,6EP3323-7SB00-0AX0
118,6.526,18.238,6EP3324-7SB00-3AX0
118,6.508,20.852,6EP4438-7FB00-3DX0
118,13.303,20.57,SITOP SEL1200 Selecti
118,6.505,22.057,6EP4438-7EB00-3DX0
118,6.523,23.263,6EP4437-7FB00-3CX0
118,6.519,24.469,6EP4437-7EB00-3CX0
118,6.507,25.674,6EP4437-7FB00-3DX0
118,6.504,26.88,6EP4437-7EB00-3DX0
118,6.506,29.653,6EP4346-7RB00-0AX0
118,6.506,30.859,6EP4347-7RB00-0AX0
119,-31.963,1.499,POWER SUPPLIES PSU6200
119,-30.679,4.472,6EP3331-7SB00-0AX0
119,-30.679,5.358,6EP3332-7SB00-0AX0
119,-30.672,6.244,6EP3333-7LB00-0AX0
119,-30.679,7.13,6EP3333-7SB00-0AX0
119,-30.679,8.016,6EP3334-7SB00-3AX0
119,-30.679,8.902,6EP3336-7SB00-3AX0
119,-30.679,9.788,6EP3433-7SB00-0AX0
119,-30.679,10.674,6EP3434-7SB00-3AX0
119,-30.679,11.56,6EP3436-7SB00-3AX0
119,-30.679,14.012,6EP3344-7SB00-3AX0
119,-30.679,16.466,6EP3321-7SB00-0AX0
119,-30.679,17.352,6EP3323-7SB00-0AX0
119,-30.679,18.238,6EP3324-7SB00-3AX0
119,-30.697,20.852,6EP4438-7FB00-3DX0
119,-23.902,20.57,SITOP SEL1200 Selecti
119,-30.7,22.057,6EP4438-7EB00-3DX0
119,-30.682,23.263,6EP4437-7FB00-3CX0
119,-30.685,24.469,6EP4437-7EB00-3CX0
119,-30.698,25.674,6EP4437-7FB00-3DX0
119,-30.7,26.88,6EP4437-7EB00-3DX0
119,-30.699,29.653,6EP4346-7RB00-0AX0
119,-30.699,30.859,6EP4347-7RB00-0AX0
120,6.542,4.472,6SL3210-5BE13-7CV0
120,6.542,5.358,6SL3210-5BE15-5CV0
120,6.542,6.244,6SL3210-5BE17-5CV0
120,6.542,7.13,6SL3210-5BE21-1CV0
120,6.542,8.016,6SL3210-5BE21-5CV0
120,6.542,8.902,6SL3210-5BE22-2CV0
120,6.542,9.788,6SL3210-5BE23-0CV0
120,6.542,10.674,6SL3210-5BE24-0CV0
120,6.542,11.56,6SL3210-5BE25-5CV0
120,6.542,12.446,6SL3210-5BE27-5CV0
120,6.542,13.331,6SL3210-5BE31-1CV0
120,6.542,14.217,6SL3210-5BE31-5CV0
120,6.542,15.103,6SL3210-5BE31-8CV0
120,6.542,15.989,6SL3210-5BE32-2CV0
121,5.242,1.499,SINAMICS G120C COMPACT
121,6.562,4.472,6SL3210-1KE11-8AF2
121,6.562,5.358,6SL3210-1KE12-3AF2
121,6.562,6.244,6SL3210-1KE13-2AF2
121,6.562,7.13,6SL3210-1KE14-3AF2
121,6.562,8.016,6SL3210-1KE15-8AF2
121,6.562,8.902,6SL3210-1KE17-5AF1
121,6.562,9.788,6SL3210-1KE18-8AF1
121,6.562,10.674,6SL3210-1KE21-3AF1
121,6.562,11.56,6SL3210-1KE21-7AF1
121,6.562,12.446,6SL3210-1KE22-6AF1
121,6.562,13.331,6SL3210-1KE23-2AF1
121,6.562,14.217,6SL3210-1KE23-8AF1
121,6.501,15.103,6SL3210-1KE24-4AF1
121,6.562,15.989,6SL3210-1KE26-0AF1
121,6.562,16.875,6SL3210-1KE27-0AF1
121,6.562,17.761,6SL3210-1KE28-4AF1
121,6.562,18.647,6SL3210-1KE31-1AF1
121,6.562,19.533,6SL3210-1KE31-4AF1
121,6.562,20.419,6SL3210-1KE31-7AF1
121,6.562,21.305,6SL3210-1KE32-1AF1
121,6.562,22.191,6SL3210-1KE32-4AF1
122,5.242,2.577,380-480VAC - Filtered
122,6.589,4.472,6SL3210-1PE11-8AL1
122,6.589,5.358,6SL3210-1PE12-3AL1
122,6.589,6.244,6SL3210-1PE13-2AL1
122,6.589,7.13,6SL3210-1PE14-3AL1
122,6.589,8.016,6SL3210-1PE16-1AL1
122,6.589,8.902,6SL3210-1PE18-0AL1
122,6.589,9.788,6SL3210-1PE21-1AL0
122,6.589,10.674,6SL3210-1PE21-4AL0
122,6.589,11.56,6SL3210-1PE21-8AL0
122,6.589,12.446,6SL3210-1PE22-7AL0
122,6.589,13.331,6SL3210-1PE23-3AL0
122,6.589,14.217,6SL3210-1PE23-8AL0
122,6.589,15.103,6SL3210-1PE24-5AL0
122,6.589,15.989,6SL3210-1PE26-0AL0
122,6.589,16.875,6SL3210-1PE27-5AL0
122,6.589,17.761,6SL3210-1PE28-8AL0
122,6.589,18.647,6SL3210-1PE31-1AL0
122,6.589,19.533,6SL3210-1PE31-5AL0
122,6.589,20.419,6SL3210-1PE31-8AL0
122,6.589,21.305,6SL3210-1PE32-1AL0
122,6.589,22.191,6SL3210-1PE32-5AL0
122,6.589,23.077,6SL3210-1PE33-0AL0
122,6.589,23.963,6SL3210-1PE33-7AL0
122,6.589,24.849,6SL3210-1PE34-8AL0
122,6.503,27.741,6SL3243-0BB30-1HA3
122,26.048,28.303,on IP20
122,6.533,29.509,6SL3244-0BB12-1BA1
122,6.553,31.277,6SL3244-0BB12-1PA1
122,6.563,33.045,6SL3244-0BB12-1FA0
122,6.563,34.813,6SL3244-0BB13-1FA0
122,6.558,36.863,6SL3246-0BA22-1FA0
122,6.501,40.039,6SL3054-4AG00-2AA0
122,6.45,40.925,6SL3255-0AA00-4CA1
122,6.571,41.811,6SL3255-0AA00-4JA2
123,6.537,4.472,6SL4113-0CA08-2AF0
123,6.537,5.358,6SL4113-0CA10-2AF0
123,6.537,6.244,6SL4113-0CA11-2AF0
123,6.537,7.13,6SL4113-0CA12-2AF0
123,6.537,8.016,6SL4113-0CA13-2AF0
123,6.537,8.902,6SL4113-0CA15-2AF0
123,6.537,9.788,6SL4113-0CA16-2AF0
123,6.537,10.674,6SL4113-0CA17-2AF0
123,6.537,11.56,6SL4113-0CA18-2AF0
123,6.537,12.446,6SL4113-0CA20-2AF0
123,6.537,13.331,6SL4113-0CA21-2AF0
123,6.537,14.217,6SL4113-0CA23-2AF0
123,6.537,15.103,6SL4113-0CA24-2AF0
123,6.537,15.989,6SL4113-0CA26-2AF0
123,6.537,16.875,6SL4113-0CA27-2AF0
123,6.537,19.327,6SL4113-0CA10-0AF0
123,6.537,20.213,6SL4113-0CA11-0AF0
123,6.537,21.099,6SL4113-0CA12-0AF0
123,6.537,21.985,6SL4113-0CA13-0AF0
123,6.537,22.871,6SL4113-0CA15-0AF0
123,6.537,23.757,6SL4113-0CA16-0AF0
123,6.537,24.643,6SL4113-0CA17-0AF0
123,6.537,25.529,6SL4113-0CA18-0AF0
123,6.537,26.415,6SL4113-0CA20-0AF0
123,6.537,27.301,6SL4113-0CA21-0AF0
123,6.537,28.187,6SL4113-0CA23-0AF0
123,6.537,29.073,6SL4113-0CA24-0AF0
123,6.537,29.959,6SL4113-0CA26-0AF0
123,6.537,30.845,6SL4113-0CA27-0AF0
123,6.597,33.297,6SL4113-0JA08-2AF0
123,6.597,34.183,6SL4113-0JA10-2AF0
123,6.597,35.069,6SL4113-0JA11-2AF0
123,6.597,35.955,6SL4113-0JA12-2AF0
123,6.597,36.841,6SL4113-0JA13-2AF0
123,6.597,37.727,6SL4113-0JA15-2AF0
123,6.597,38.613,6SL4113-0JA16-2AF0
123,6.597,39.499,6SL4113-0JA17-2AF0
123,6.597,40.385,6SL4113-0JA18-2AF0
123,6.597,41.27,6SL4113-0JA20-2AF0
123,6.597,42.156,6SL4113-0JA21-2AF0
123,6.597,43.042,6SL4113-0JA23-2AF0
123,6.597,43.928,6SL4113-0JA24-2AF0
123,6.597,44.814,6SL4113-0JA26-2AF0
123,6.613,45.7,6SL4113-0JP27-2AF0
124,6.597,2.382,6SL4113-0JA08-0AF0
124,6.597,3.268,6SL4113-0JA10-0AF0
124,6.597,4.154,6SL4113-0JA11-0AF0
124,6.597,5.04,6SL4113-0JA12-0AF0
124,6.597,5.926,6SL4113-0JA13-0AF0
124,6.597,6.812,6SL4113-0JA15-0AF0
124,6.597,7.698,6SL4113-0JA16-0AF0
124,6.597,8.584,6SL4113-0JA17-0AF0
124,6.597,9.47,6SL4113-0JA18-0AF0
124,6.597,10.356,6SL4113-0JA20-0AF0
124,6.597,11.242,6SL4113-0JA21-0AF0
124,6.597,12.127,6SL4113-0JA23-0AF0
124,6.597,13.013,6SL4113-0JA24-0AF0
124,6.597,13.899,6SL4113-0JA26-0AF0
124,6.613,14.785,6SL4113-0JP26-2AF0
124,6.499,17.238,6SL4170-1GC00-0AA0
124,6.356,18.002,6SL4170-1GC000-AA0Z
124,5.887,19.489,6SL4170-1GC000-AA0Z F01
124,5.841,20.695,6SL4170-1GC000-AA0Z H01
124,6.557,23.308,6SL4950-0AL00-0BA0
124,18.355,23.308,SINAMICS G220 opti
124,6.587,24.194,6SL4950-0AL00-0FA0
124,17.089,24.194,SINAMICS G220 opti
124,6.569,26.648,6SL4950-0AJ00-0AA0
124,6.519,27.694,6SL3055-0AA00-5BA3
124,6.512,28.899,6SL3055-0AA00-5CA2
124,6.494,31.673,6SL5977-0AA00-1DA0
124,6.489,32.878,6SL5977-0AA00-2HA0
125,-30.608,2.382,6SL4113-0JA08-0AF0
125,-30.608,3.268,6SL4113-0JA10-0AF0
125,-30.608,4.154,6SL4113-0JA11-0AF0
125,-30.608,5.04,6SL4113-0JA12-0AF0
125,-30.608,5.926,6SL4113-0JA13-0AF0
125,-30.608,6.812,6SL4113-0JA15-0AF0
125,-30.608,7.698,6SL4113-0JA16-0AF0
125,-30.608,8.584,6SL4113-0JA17-0AF0
125,-30.608,9.47,6SL4113-0JA18-0AF0
125,-30.608,10.356,6SL4113-0JA20-0AF0
125,-30.608,11.242,6SL4113-0JA21-0AF0
125,-30.608,12.127,6SL4113-0JA23-0AF0
125,-30.608,13.013,6SL4113-0JA24-0AF0
125,-30.608,13.899,6SL4113-0JA26-0AF0
125,-30.592,14.785,6SL4113-0JP26-2AF0
125,-30.706,17.238,6SL4170-1GC00-0AA0
125,-30.848,18.002,6SL4170-1GC000-AA0Z
125,-31.318,19.489,6SL4170-1GC000-AA0Z F01
125,-31.364,20.695,6SL4170-1GC000-AA0Z H01
125,-30.648,23.308,6SL4950-0AL00-0BA0
125,-18.85,23.308,SINAMICS G220 opti
125,-30.617,24.194,6SL4950-0AL00-0FA0
125,-20.116,24.194,SINAMICS G220 opti
125,-30.636,26.648,6SL4950-0AJ00-0AA0
125,-30.686,27.694,6SL3055-0AA00-5BA3
125,-30.693,28.899,6SL3055-0AA00-5CA2
125,-30.711,31.673,6SL5977-0AA00-1DA0
125,-30.716,32.878,6SL5977-0AA00-2HA0
126,5.564,6.387,VERIFLOW 53-5XXX
126,11.919,7.433,53-5362
126,16.27,7.433,SSA161E.05HF
126,21.363,7.433,STA161.40L10
126,26.799,7.433,SSA131.00
126,11.919,8.319,53-5364
126,16.271,8.319,SSA161E.05HF
126,21.364,8.319,STA161.40L10
126,26.799,8.319,SSA131.00
126,11.92,9.204,53-5368
126,16.271,9.204,SSA161E.05HF
126,21.364,9.204,STA161.65L10
126,26.799,9.204,SSA131.00
126,11.92,10.09,53-5339
126,16.271,10.09,SSA161E.05HF
126,21.364,10.09,STA161.65L10
126,26.8,10.09,SSA131.00
126,11.92,10.976,53-5373
126,16.272,10.976,SSA161E.05HF
126,21.365,10.976,STA161.65L10
126,26.8,10.976,SSA131.00
126,11.92,11.862,53-5374
126,16.272,11.862,SSA161E.05HF
126,26.8,11.862,SSA131.00
126,11.762,12.748,53-5300C
126,16.766,12.748,SAY61P03
126,26.849,12.748,SAY81P03
126,31.375,12.748,SAY61P03/MO
126,11.762,13.634,53-5301C
126,16.766,13.634,SAY61P03
126,26.849,13.634,SAY81P03
126,31.375,13.634,SAY61P03/MO
126,5.678,17.753,VERIFLOW 53-5XXX FLANGED
126,15.699,18.683,53-5000
126,23.043,18.683,SAX61P03
126,30.091,18.683,SAX61P03/MO
126,15.699,19.569,53-5001
126,23.043,19.569,SAX61P03
126,30.091,19.569,SAX61P03/MO
126,15.699,20.455,53-5002
126,23.043,20.455,SAX61P03
126,30.091,20.455,SAX61P03/MO
126,15.699,21.341,53-5003
126,23.05,21.341,SAV61P00
126,30.097,21.341,SAV61P00/MO
126,15.699,22.227,53-5004
126,23.05,22.227,SAV61P00
126,30.097,22.227,SAV61P00/MO
126,15.699,23.113,53-5005
126,23.05,23.113,SAV61P00
126,30.097,23.113,SAV61P00/MO
126,24.84,29.631,SSA161E.05HF
126,30.941,29.631,STA321.40L10
126,24.84,30.517,SSA161E.05HF
126,30.941,30.517,STA321.40L10
126,24.84,31.403,SSA161E.05HF
126,30.941,31.403,STA321.65L10
126,24.84,32.289,SSA161E.05HF
126,30.941,32.289,STA321.65L10
126,24.84,33.175,SSA161E.05HF
126,30.941,33.175,STA321.65L10
126,7.254,37.549,VQI46.15L0.5QF
126,15.061,37.549,STA321.65L10
126,22.623,37.549,STA121.65L10
126,30.886,37.549,SUE21P
126,7.251,38.435,VQI46.15F1.3QF
126,15.061,38.435,STA321.65L10
126,22.623,38.435,STA121.65L10
126,30.886,38.435,SUE21P
126,7.251,39.321,VQI46.20F1.5QF
126,15.061,39.321,STA321.65L10
126,22.623,39.321,STA121.65L10
126,30.886,39.321,SUE21P
126,7.251,40.207,VQI46.25F1.8QF
126,15.061,40.207,STA321.65L10
126,22.623,40.207,STA121.65L10
126,30.886,40.207,SUE21P
126,2.072,10.619,53-5XXX
126,1.195,21.234,53-5XXX Flanged
127,8.686,5.231,VVP45.10-0.25
127,18.931,5.231,SSB161.05HF
127,29.616,5.231,ALG132
127,8.823,6.206,VVP45.10-0.4
127,18.931,6.206,SSB161.05HF
127,29.616,6.206,ALG132
127,8.548,7.18,VVP459.10-0.63
127,18.931,7.18,SSB161.05HF
127,29.616,7.18,ALG132
127,8.879,8.155,VVP459.10-1
127,18.931,8.155,SSB161.05HF
127,29.616,8.155,ALG132
127,8.685,9.129,VVP459.10-1.6
127,18.93,9.129,SSB161.05HF
127,29.615,9.129,ALG132
127,8.684,10.104,VVP459.15-2.5
127,18.93,10.104,SSB161.05HF
127,29.615,10.104,ALG142
127,8.877,11.078,VVP459.20-4
127,18.929,11.078,SSB161.05HF
127,29.462,11.078,ALG152B
127,8.821,12.053,VVP45.25-6.3
127,18.93,12.053,SSB161.05HF
127,29.463,12.053,ALG202B
127,8.878,13.027,VVP45.25-10
127,18.925,13.027,SSC161.05HF
127,29.462,13.027,ALG252B
127,28.523,16.237,2 PAIR REQUIRED
127,8.692,17.046,VXP45.10-0.25
127,18.931,17.046,SSB161.05HF
127,29.616,17.046,ALG132
127,8.829,18.02,VXP45.10-0.4
127,18.931,18.02,SSB161.05HF
127,29.616,18.02,ALG132
127,8.692,18.995,VXP45.10-0.63
127,18.931,18.995,SSB161.05HF
127,29.616,18.995,ALG132
127,9.022,19.969,VXP45.10-1
127,18.931,19.969,SSB161.05HF
127,29.616,19.969,ALG132
127,8.829,20.944,VXP45.10-1.6
127,18.931,20.944,SSB161.05HF
127,29.616,20.944,ALG132
127,8.82,21.919,VXP45.15-2.5
127,18.931,21.919,SSB161.05HF
127,29.616,21.919,ALG142
127,9.022,22.893,VXP45.20-4
127,18.931,22.893,SSB161.05HF
127,29.464,22.893,ALG152B
127,8.829,23.868,VXP45.25-6.3
127,18.931,23.868,SSB161.05HF
127,29.464,23.868,ALG202B
127,8.886,24.842,VXP45.25-10
127,18.926,24.842,SSC161.05HF
127,29.464,24.842,ALG252B
127,7.391,28.63,VVG44.15-0.25
127,15.591,28.63,SAS61.03
127,23.161,28.63,ALG152B
127,30.2,28.63,SAS61.03/MO
127,7.535,29.605,VVG44.15-0.4
127,15.59,29.605,SAS61.03
127,23.161,29.605,ALG152B
127,30.2,29.605,SAS61.03/MO
127,7.398,30.579,VVG44.15-0.63
127,15.59,30.579,SAS61.03
127,23.16,30.579,ALG152B
127,30.199,30.579,SAS61.03/MO
127,7.728,31.554,VVG44.15-1
127,15.59,31.554,SAS61.03
127,23.16,31.554,ALG152B
127,30.199,31.554,SAS61.03/MO
127,7.534,32.528,VVG44.15-1.6
127,15.589,32.528,SAS61.03
127,23.159,32.528,ALG152B
127,30.198,32.528,SAS61.03/MO
127,7.534,33.503,VVG44.15-2.5
127,15.589,33.503,SAS61.03
127,23.159,33.503,ALG152B
127,30.198,33.503,SAS61.03/MO
127,8.353,34.477,G44.15-4
127,15.588,34.477,SAS61.03
127,23.158,34.477,ALG152B
127,30.197,34.477,SAS61.03/MO
127,7.533,35.452,VVG44.20-6.3
127,15.588,35.452,SAS61.03
127,23.158,35.452,ALG202B
127,30.197,35.452,SAS61.03/MO
127,7.589,36.426,VVG44.25-10
127,15.587,36.426,SAS61.03
127,23.158,36.426,ALG252B
127,30.196,36.426,SAS61.03/MO
127,22.221,39.636,2 PAIR REQUIRED
127,7.4,40.445,VXG44.15-0.25
127,15.591,40.445,SAS61.03
127,23.162,40.445,ALG152B
127,30.2,40.445,SAS61.03/MO
127,7.545,41.419,VXG44.15-0.4
127,15.591,41.419,SAS61.03
127,23.161,41.419,ALG152B
127,30.2,41.419,SAS61.03/MO
127,7.407,42.394,VXG44.15-0.63
127,15.59,42.394,SAS61.03
127,23.161,42.394,ALG152B
127,30.2,42.394,SAS61.03/MO
127,7.738,43.368,VXG44.15-1
127,15.59,43.368,SAS61.03
127,23.16,43.368,ALG152B
127,30.199,43.368,SAS61.03/MO
127,7.543,44.343,VXG44.15-1.6
127,15.59,44.343,SAS61.03
127,23.16,44.343,ALG152B
127,30.199,44.343,SAS61.03/MO
127,7.543,45.317,VXG44.15-2.5
127,15.589,45.317,SAS61.03
127,23.159,45.317,ALG152B
127,30.198,45.317,SAS61.03/MO
127,7.736,46.292,VXG44.15-4
127,15.589,46.292,SAS61.03
127,23.159,46.292,ALG152B
127,30.198,46.292,SAS61.03/MO
127,7.542,47.267,VXG44.20-6.3
127,15.588,47.267,SAS61.03
127,23.158,47.267,ALG202B
127,30.197,47.267,SAS61.03/MO
127,7.598,48.241,VXG44.25-10
127,15.588,48.241,SAS61.03
127,23.158,48.241,ALG252B
127,30.197,48.241,SAS61.03/MO
128,7.955,5.906,VVG41.25
128,15.566,5.906,SAX61.03
128,23.162,5.906,ALG252B
128,30.176,5.906,SAX61.03/MO
128,7.955,6.881,VVG41.32
128,15.566,6.881,SAX61.03
128,23.162,6.881,ALG322B
128,30.176,6.881,SAX61.03/MO
128,7.955,7.855,VVG41.40
128,15.566,7.855,SAX61.03
128,23.162,7.855,ALG402B
128,30.176,7.855,SAX61.03/MO
128,7.955,8.83,VVG41.50
128,15.566,8.83,SAX61.03
128,23.162,8.83,ALG502B
128,30.176,8.83,SAX61.03/MO
128,22.221,12.715,2 PAIR REQUIRED
128,7.964,13.524,VXG41.25
128,15.566,13.524,SAX61.03
128,23.162,13.524,ALG252B
128,30.176,13.524,SAX61.03/MO
128,7.964,14.498,VXG41.32
128,15.566,14.498,SAX61.03
128,23.162,14.498,ALG322B
128,30.176,14.498,SAX61.03/MO
128,7.964,15.473,VXG41.40
128,15.566,15.473,SAX61.03
128,23.162,15.473,ALG402B
128,30.176,15.473,SAX61.03/MO
128,7.964,16.447,VXG41.50
128,15.566,16.447,SAX61.03
128,23.162,16.447,ALG502B
128,30.176,16.447,SAX61.03/MO
128,8.528,20.911,VVF42.50-31.5C
128,19.348,20.911,SAX61.03
128,28.916,20.911,SAX61.03/MO
128,8.73,21.885,VVF42.50-40C
128,19.348,21.885,SAX61.03
128,28.916,21.885,SAX61.03/MO
128,8.73,22.86,VVF42.65-50C
128,19.354,22.86,SAV61.00
128,28.922,22.86,SAV61.00/MO
128,8.73,23.835,VVF42.65-63C
128,19.354,23.835,SAV61.00
128,28.922,23.835,SAV61.00/MO
128,8.946,24.809,VVF42.80KC
128,19.348,24.809,SAX61.03
128,28.916,24.809,SAX61.03/MO
128,8.809,25.784,VVF42.100KC
128,19.354,25.784,SAV61.00
128,28.922,25.784,SAV61.00/MO
128,8.809,26.758,VVF42.125KC
128,19.354,26.758,SAV61.00
128,28.922,26.758,SAV61.00/MO
128,8.809,27.733,VVF42.150KC
128,19.354,27.733,SAV61.00
128,28.922,27.733,SAV61.00/MO
128,8.534,32.195,VXF42.50-31.5C
128,19.348,32.195,SAX61.03
128,28.916,32.195,SAX61.03/MO
128,8.736,33.17,VXF42.50-40C
128,19.348,33.17,SAX61.03
128,28.916,33.17,SAX61.03/MO
128,8.736,34.144,VXF42.65-50C
128,19.354,34.144,SAV61.00
128,28.922,34.144,SAV61.00/MO
128,8.736,35.119,VXF42.65-63C
128,19.354,35.119,SAV61.00
128,28.922,35.119,SAV61.00/MO
128,8.736,36.094,VXF42.80-80C
128,19.354,36.094,SAV61.00
128,28.922,36.094,SAV61.00/MO
128,8.599,37.068,VXF42.80-100C
128,19.354,37.068,SAV61.00
128,28.922,37.068,SAV61.00/MO
128,8.462,38.043,VXF42.100-125C
128,19.354,38.043,SAV61.00
128,28.922,38.043,SAV61.00/MO
128,8.462,39.017,VXF42.100-160C
128,19.354,39.017,SAV61.00
128,28.922,39.017,SAV61.00/MO
128,8.462,39.992,VXF42.125-200C
128,19.354,39.992,SAV61.00
128,28.922,39.992,SAV61.00/MO
128,8.462,40.966,VXF42.125-250C
128,19.354,40.966,SAV61.00
128,28.922,40.966,SAV61.00/MO
128,8.462,41.941,VXF42.150-315C
128,19.354,41.941,SAV61.00
128,28.922,41.941,SAV61.00/MO
128,8.462,42.915,VXF42.150-400C
128,19.354,42.915,SAV61.00
128,28.922,42.915,SAV61.00/MO
129,9.025,5.773,VVF53.25-5
129,19.348,5.773,SAX61.03
129,28.916,5.773,SAX61.03/MO
129,8.831,6.659,VVF53.25-6.3
129,19.348,6.659,SAX61.03
129,28.916,6.659,SAX61.03/MO
129,9.025,7.545,VVF53.25-8
129,19.348,7.545,SAX61.03
129,28.916,7.545,SAX61.03/MO
129,8.888,8.431,VVF53.25-10
129,19.348,8.431,SAX61.03
129,28.916,8.431,SAX61.03/MO
129,8.888,9.317,VVF53.32-16
129,19.348,9.317,SAX61.03
129,28.916,9.317,SAX61.03/MO
129,8.694,10.203,VVF53.40-12.5
129,19.348,10.203,SAX61.03
129,28.916,10.203,SAX61.03/MO
129,8.888,11.089,VVF53.40-16
129,19.348,11.089,SAX61.03
129,28.916,11.089,SAX61.03/MO
129,8.888,11.975,VVF53.40-20
129,19.348,11.975,SAX61.03
129,28.916,11.975,SAX61.03/MO
129,8.888,12.861,VVF53.40-25
129,19.348,12.861,SAX61.03
129,28.916,12.861,SAX61.03/MO
129,8.694,13.747,VVF53.50-31.5
129,19.348,13.747,SAX61.03
129,28.916,13.747,SAX61.03/MO
129,8.888,14.633,VVF53.50-40
129,19.348,14.633,SAX61.03
129,28.916,14.633,SAX61.03/MO
129,8.888,15.518,VVF53.65-63
129,19.354,15.518,SAV61.00
129,28.922,15.518,SAV61.00/MO
129,9.245,22.187,VKF42.50
129,19.114,22.187,SQL361B25
129,29.197,22.187,SQL321B25
129,9.253,23.073,VKF42.65
129,19.114,23.073,SQL361B25
129,29.197,23.073,SQL321B25
129,9.253,23.959,VKF42.80
129,19.114,23.959,SQL361B25
129,29.197,23.959,SQL321B25
129,9.116,24.845,VKF42.100
129,19.114,24.845,SQL361B50
129,29.197,24.845,SQL321B50
129,9.116,25.731,VKF42.125
129,19.114,25.731,SQL361B50
129,29.197,25.731,SQL321B50
129,9.116,26.617,VKF42.150
129,19.114,26.617,SQL361B50
129,29.197,26.617,SQL321B50
129,9.116,27.503,VKF42.200
129,18.977,27.503,SQL361B150
129,29.059,27.503,SQL321B150
129,9.116,28.389,VKF42.250
129,18.977,28.389,SQL361B270
129,29.059,28.389,SQL321B270
129,9.116,29.275,VKF42.300
129,18.977,29.275,SQL361B270
129,29.059,29.275,SQL321B270
129,9.116,30.161,VKF42.350
129,18.977,30.161,SQL361B570
129,29.059,30.161,SQL321B570
129,9.116,31.047,VKF42.400
129,18.977,31.047,SQL361B570
129,29.059,31.047,SQL321B570
129,9.116,31.933,VKF42.450
129,18.84,31.933,SQL361B1400
129,28.923,31.933,SQL321B1400
129,9.116,32.819,VKF42.500
129,18.84,32.819,SQL361B1400
129,28.923,32.819,SQL321B1400
129,9.116,33.705,VKF42.600
129,18.84,33.705,SQL361B2650
129,28.923,33.705,SQL321B2650
129,9.28,38.99,VFL41.50
129,19.13,38.99,SQL361E25
129,29.213,38.99,SQL341E25
129,9.289,39.876,VFL41.65
129,19.13,39.876,SQL361E25
129,29.213,39.876,SQL341E25
129,9.289,40.761,VFL41.80
129,19.13,40.761,SQL361E40
129,29.213,40.761,SQL341E40
129,9.151,41.647,VFL41.100
129,19.13,41.647,SQL361E40
129,29.213,41.647,SQL341E40
129,9.151,42.533,VFL41.125
129,19.13,42.533,SQL361E40
129,29.213,42.533,SQL341E40
129,9.151,43.419,VFL41.150
129,18.993,43.419,SQL361E100
129,29.076,43.419,SQL341E100
129,9.151,44.305,VFL41.200
129,18.993,44.305,SQL361E100
129,29.076,44.305,SQL341E100
129,9.151,45.191,VFL41.250
129,18.993,45.191,SQL361E400
129,29.076,45.191,SQL341E400
129,9.151,46.077,VFL41.300
129,18.993,46.077,SQL361E400
129,29.076,46.077,SQL341E400
129,9.151,46.963,VFL41.350
129,18.993,46.963,SQL361E400
129,29.076,46.963,SQL341E400
129,9.151,47.849,VFL41.400
129,18.993,47.849,SQL361E400
129,29.076,47.849,SQL341E400
129,2.063,29.576,SQL3xxB
129,2.084,44.36,SQL3xxE
130,6.748,6.581,VAI61.15-0.25
130,30.787,6.581,GLB111.9E/MO
130,6.894,7.555999999999999,VAI61.15-0.4
130,30.787,7.555999999999999,GLB111.9E/MO
130,6.756,8.53,VAI61.15-0.63
130,30.787,8.53,GLB111.9E/MO
130,7.087,9.505,VAI61.15-1
130,30.787,9.505,GLB111.9E/MO
130,6.893,10.479,VAI61.15-1.6
130,30.787,10.479,GLB111.9E/MO
130,6.893,11.454,VAI61.15-2.5
130,30.787,11.454,GLB111.9E/MO
130,7.087,12.428,VAI61.15-4
130,30.787,12.428,GLB111.9E/MO
130,6.949,13.403,VAI61.15-10
130,30.786,13.403,GLB111.9E/MO
130,7.086,14.377,VAI61.20-4
130,30.786,14.377,GLB111.9E/MO
130,6.884,15.352,VAI61.20-6.3
130,30.786,15.352,GLB111.9E/MO
130,6.949,16.326,VAI61.20-10
130,30.786,16.326,GLB111.9E/MO
130,6.892,17.301,VAI61.25-6.3
130,30.786,17.301,GLB111.9E/MO
130,6.949,18.275,VAI61.25-10
130,30.785,18.275,GLB111.9E/MO
130,6.948,19.25,VAI61.25-16
130,30.785,19.25,GLB111.9E/MO
130,6.948,20.225,VAI61.32-10
130,13.151,20.225,GLB161.9E
130,19.2,20.225,GLB141.9E
130,25.145,20.225,GMA121.9E
130,30.785,20.225,GLB111.9E/MO
130,6.948,21.199,VAI61.32-16
130,13.151,21.199,GLB161.9E
130,19.2,21.199,GLB141.9E
130,25.145,21.199,GMA121.9E
130,30.785,21.199,GLB111.9E/MO
130,6.948,22.174,VAI61.32-25
130,13.151,22.174,GLB161.9E
130,19.2,22.174,GLB141.9E
130,25.145,22.174,GMA121.9E
130,30.785,22.174,GLB111.9E/MO
130,6.948,23.148,VAI61.40-16
130,13.151,23.148,GLB161.9E
130,19.2,23.148,GLB141.9E
130,25.145,23.148,GMA121.9E
130,30.785,23.148,GLB111.9E/MO
130,6.948,24.123,VAI61.40-25
130,13.151,24.123,GLB161.9E
130,19.2,24.123,GLB141.9E
130,25.145,24.123,GMA121.9E
130,30.785,24.123,GLB111.9E/MO
130,6.948,25.097,VAI61.40-40
130,13.151,25.097,GLB161.9E
130,19.2,25.097,GLB141.9E
130,25.145,25.097,GMA121.9E
130,30.785,25.097,GLB111.9E/MO
130,6.948,26.072,VAI61.50-40
130,13.151,26.072,GLB161.9E
130,19.2,26.072,GLB141.9E
130,25.145,26.072,GMA121.9E
130,30.785,26.072,GLB111.9E/MO
130,6.948,27.046,VAI61.50-63
130,13.151,27.046,GLB161.9E
130,19.2,27.046,GLB141.9E
130,25.145,27.046,GMA121.9E
130,30.785,27.046,GLB111.9E/MO
130,7.698,32.182,VAI60.15-15
130,7.706,33.157,VAI60.20-22
130,7.706,34.131,VAI60.25-22
130,7.705,35.106,VAI60.32-35
130,15.42,35.106,GLB141.9E
130,22.878,35.106,GMA121.9E
130,30.44,35.106,GMA321.9E
130,7.705,36.08,VAI60.40-68
130,15.42,36.08,GLB141.9E
130,22.878,36.08,GMA121.9E
130,30.44,36.08,GMA321.9E
130,7.705,37.055,VAI60.50-96
130,15.42,37.055,GLB141.9E
130,22.878,37.055,GMA121.9E
130,30.44,37.055,GMA321.9E
130,8.648,41.518,VAF41.65-63/2
130,18.694,41.518,SQL161A00T20
130,28.776,41.518,SQL136A00T20
130,8.519,42.492,VAF41.80-100/2
130,18.694,42.492,SQL161A00T20
130,28.776,42.492,SQL136A00T20
130,8.382,43.467,VAF41.100-160/2
130,18.694,43.467,SQL161A00T35
130,28.776,43.467,SQL136A00T35
130,8.382,44.442,VAF41.125-250/2
130,18.694,44.442,SQL161A00T35
130,28.776,44.442,SQL136A00T35
130,8.382,45.416,VAF41.150-360/2
130,18.694,45.416,SQL161A00T50
130,28.776,45.416,SQL136A00T50
131,6.88,5.906,VBI61.15-1.6
131,30.787,5.906,GLB111.9E/MO
131,6.888,6.881,VBI61.15-2.5
131,30.787,6.881,GLB111.9E/MO
131,7.081,7.855,VBI61.15-4
131,30.786,7.855,GLB111.9E/MO
131,6.887,8.83,VBI61.15-6.3
131,30.786,8.83,GLB111.9E/MO
131,7.08,9.804,VBI61.20-4
131,30.785,9.804,GLB111.9E/MO
131,6.886,10.779,VBI61.20-6.3
131,30.785,10.779,GLB111.9E/MO
131,6.942,11.753,VBI61.25-10
131,30.785,11.753,GLB111.9E/MO
131,6.942,12.728,VBI61.32-16
131,13.151,12.728,GLB161.9E
131,19.2,12.728,GLB141.9E
131,25.145,12.728,GMA121.9E
131,30.785,12.728,GLB111.9E/MO
131,6.942,13.702,VBI61.40-25
131,13.151,13.702,GLB161.9E
131,19.2,13.702,GLB141.9E
131,25.145,13.702,GMA121.9E
131,30.785,13.702,GLB111.9E/MO
131,6.942,14.677,VBI61.50-40
131,13.151,14.677,GLB161.9E
131,19.2,14.677,GLB141.9E
131,25.145,14.677,GMA121.9E
131,30.785,14.677,GLB111.9E/MO
131,6.942,15.651,VBI61.50-63
131,13.151,15.651,GLB161.9E
131,19.2,15.651,GLB141.9E
131,25.145,15.651,GMA121.9E
131,30.785,15.651,GLB111.9E/MO
131,8.711,22.497,EVG4U10E015
131,19.381,22.497,ALG152B
131,29.488,22.497,EZT-M40
131,8.711,23.472,EVG4U10E020
131,19.381,23.472,ALG202B
131,29.488,23.472,EZT-M40
131,8.711,24.446,EVG4U10E025
131,19.381,24.446,ALG252B
131,29.488,24.446,EZT-M40
131,8.711,25.421,EVG4U10E032
131,19.381,25.421,ALG322B
131,29.488,25.421,EZT-M40
131,8.711,26.396,EVG4U10E040
131,19.381,26.396,ALG402B
131,29.488,26.396,EZT-M40
131,8.711,27.37,EVG4U10E050
131,19.381,27.37,ALG502B
131,29.488,27.37,EZT-M40
131,11.266,33.183,EVF4U20E065
131,26.397,33.183,EXF4U20E065
131,11.266,34.158,EVF4U20E080
131,26.397,34.158,EXF4U20E080
131,11.266,35.132,EVF4U20E100
131,26.397,35.132,EXF4U20E100
131,11.266,36.107,EVF4U20E125
131,8.72,41.476,EXG4U10E015
131,19.381,41.476,ALG152B
131,29.488,41.476,EZT-M40
131,8.72,42.45,EXG4U10E020
131,19.381,42.45,ALG202B
131,29.488,42.45,EZT-M40
131,8.719,43.425,EXG4U10E025
131,19.38,43.425,ALG252B
131,29.487,43.425,EZT-M40
131,8.719,44.399,EXG4U10E032
131,19.38,44.399,ALG322B
131,29.487,44.399,EZT-M40
131,8.719,45.374,EXG4U10E040
131,19.379,45.374,ALG402B
131,29.486,45.374,EZT-M40
131,8.718,46.348,EXG4U10E050
131,19.379,46.348,ALG502B
131,29.486,46.348,EZT-M40
132,26.687,21.964,RDF400BN
132,26.687,22.941,RDF460BN
132,26.648,23.916,RDF400MB
132,26.648,24.89,RDF460MB
132,11.655,36.516,NEW EM1
132,11.895,37.492,8 Digital
132,27.026,37.492,EM1.8D
132,11.603,38.469,8 Universal
132,27.032,38.469,EM1.8U
132,27.058,39.444,EM1.8R
133,25.565,6.419,4-20MA
133,13.228,7.394,QAA2030
133,19.277,7.394,QAA2061
133,25.327,7.394,QAA2071
133,30.897,7.394,QFA2050/MO
133,12.701,8.368,QAM2030.020
133,12.701,9.343,QAM2030.045
133,18.751,9.343,QAM2161.040
133,24.801,9.343,QAM2171.040
133,30.336,9.343,QAM2151.040/MO
133,12.701,10.317,QAM2030.250
133,12.784,11.292,QAE2030.005
133,12.784,12.266,QAE2030.010
133,18.833,12.266,QAE2164.010
133,24.883,12.266,QAE2174.010
133,30.418,12.266,QAE2154.010/MO
133,12.784,13.241,QAE2030.015
133,18.833,13.241,QAE2164.015
133,24.883,13.241,QAE2174.015
133,13.235,14.215,QAC2030
133,19.284,14.215,QAC3161
133,25.334,14.215,QAC3171
133,17.702,19.79,QFM1660
133,31.195,19.79,930.80B222234
133,12.75,20.765,QFA2060
133,17.701,20.765,QFM2160
133,31.987,20.765,PPE2.AA
133,6.79,21.739,T/RH 4-20MA
133,12.75,21.739,QFA2071
133,17.701,21.739,QFM2171
133,31.558,21.739,141-0530-M
133,12.75,22.714,QFA3160
133,17.702,22.714,QFM3160
133,31.879,22.714,AQF3100
133,7.416,24.085,4-20MA
133,12.75,23.804,QFA3171
133,17.702,23.804,QFM3171
133,31.554,23.804,U0006-0007
133,12.235,24.893,QFA2050/MO
133,17.187,24.893,QFM2150/MO
133,31.764000000000003,24.893,ALT-SS100
133,12.74,25.868,QPA1004
133,17.694,25.868,QPM1104
133,31.764000000000003,25.868,ALT-SS150
133,6.202,26.842,CO2 HI ACCURACY
133,12.739,26.842,QPA2000
133,17.693,26.842,QPM2100
133,31.961,26.842,SEM61.4
133,12.739,27.932,QPA1000
133,17.693,27.932,QPM1100
133,31.961,27.932,SEM62.2
133,12.739,29.022,QPA2002
133,17.693,29.022,QPM2102
133,31.477,29.022,QVM62.1-HE
133,12.739,29.997,QPA2062
133,17.693,29.997,QPM2162
133,17.178,30.971,QPM2102/MO
133,12.225,31.946,QPA2052/MO
133,17.179,31.946,QPM2152/MO
133,12.744,32.92,QSA2700
133,17.707,32.92,QSM2100
133,31.812,32.92,H6ECM05
133,7.014,33.895,CO 4-20MA
133,11.746,34.869,MC2-D-E1130-B-0
133,13.104,37.579,0-P-00
133,14.539,38.873,AQF3100 shroud
134,13.537,5.651,RPM.62-SD
134,31.175,5.651,547-203B
134,13.862,6.714,547-100
134,31.328,6.714,547-100
134,13.266,7.776999999999999,QBM3020-1U
134,10.477,12.727,RPI.62-SD
134,10.477,13.79,RPI.00-SD
134,10.649,14.853,547-100
134,21.429,17.218,0-100PA
134,26.694,17.218,0-500PA
134,15.726,18.281,QBM2030-1U
134,20.785,18.281,QBM2030-1U
134,26.223,18.281,QBM2030-5
134,31.351,18.281,QBM2030-30
134,7.872,19.344,STANDARD 4-20MA
134,15.727,19.344,QBM2130-1U
134,20.785,19.344,QBM2130-1U
134,26.224,19.344,QBM2130-5
134,31.351,19.344,QBM2130-30
134,15.727,20.408,QBM3020-1U
134,20.959,20.408,QBM3020-1
134,26.224,20.408,QBM3020-5
134,31.352,20.408,QBM3020-25
134,15.727,21.542,QBM3120-1U
134,20.959,21.542,QBM3120-1
134,26.224,21.542,QBM3120-5
134,31.352,21.542,QBM3120-25
134,25.709,22.676,QBM3700-5/MO
134,30.837,22.676,QBM3700-25/MO
134,13.889,26.391,0-50KPA
134,19.801,26.391,0-100KPA
134,25.357,26.391,0-250KPA
134,31.407,26.391,0-400KPA
134,13.337,27.454,QBE63-DP05
134,19.524,27.454,QBE63-DP1
134,19.391,28.517,QBE3000-D1
134,24.754,28.517,QBE3000-D2.5
134,30.997,28.517,QBE3000-D4
134,6.358,29.58,QBE3100 4-20mA
134,19.391,29.58,QBE3100-D1
134,24.754,29.58,QBE3100-D2.5
134,30.997,29.58,QBE3100-D4
134,26.422,35.571,QAA2890/WI
134,26.457,36.634,QFA2890/WI
134,9.473,37.697,Temperature/Humidity and CO2
134,26.447,37.697,QPA2892/WI
134,26.299,40.224,OCT200.KNBA
134,26.789,41.287,OCT100.R
134,23.272,45.928,QNA2700D.BA1
134,23.272,46.991,QNA2700D.BA2
134,23.39,48.054,QNA2820D.AU
135,6.403,4.826,GQD 2NM 0.3M2
135,6.472,5.89,GPC 4NM 0.6M2
135,6.398,6.953,GMA 7NM 1.2M2
135,13.444,6.953,GMA151.1U
135,19.531,6.953,GMA121.1E
135,25.087,6.953,GMA321.1E
135,30.622,6.953,GMA161.1E/MO
135,6.518,8.016,GCA 18NM 3M2
135,13.505,8.016,GCA151.1U
135,19.592,8.016,GCA121.1E
135,25.148,8.016,GCA321.1E
135,30.683,8.016,GCA161.1E/MO
135,6.492,12.119,GJD 2NM 0.3M2
135,13.543,12.119,GJD121.1U
135,19.592,12.119,GJD321.1U
135,25.148,12.119,GJD126.1U
135,31.198,12.119,GJD326.1U
135,6.249,13.182,GRD 3.4NM 0.5M2
135,13.495,13.182,GRD121.1U
135,19.545,13.182,GRD321.1U
135,25.101,13.182,GRD126.1U
135,31.15,13.182,GRD326.1U
135,6.434,14.245,GKD 9NM 1.5M2
135,13.487,14.245,GKD121.1U
135,19.537,14.245,GKD321.1U
135,25.093,14.245,GKD126.1U
135,31.142,14.245,GKD326.1U
135,6.491,15.308,GVD 23NM 4M2
135,13.486,15.308,GVD121.1U
135,19.536,15.308,GVD321.1U
135,25.092,15.308,GVD126.1U
135,31.142,15.308,GVD326.1U
135,6.492,22.111,GJD 2NM 0.3M2
135,13.543,22.111,GJD121.1U
135,19.592,22.111,GJD321.1U
135,25.148,22.111,GJD126.1U
135,31.198,22.111,GJD326.1U
135,6.249,23.174,GRD 3.4NM 0.5M2
135,13.495,23.174,GRD121.1U
135,19.545,23.174,GRD321.1U
135,25.101,23.174,GRD126.1U
135,31.15,23.174,GRD326.1U
135,6.434,24.237,GKD 9NM 1.5M2
135,13.487,24.237,GKD121.1U
135,19.537,24.237,GKD321.1U
135,25.093,24.237,GKD126.1U
135,31.142,24.237,GKD326.1U
135,6.491,25.3,GVD 23NM 4M2
135,13.486,25.3,GVD121.1U
135,19.536,25.3,GVD321.1U
135,25.092,25.3,GVD126.1U
135,31.142,25.3,GVD326.1U
135,17.879,31.428,DXR1.E09PDZ-112/CA
135,28.554,31.428,DXR1.M09PDZ-112
135,18.347,32.491,DXR1.E02PLZ-112
136,16.964,5.441,MAG5000 INTEGRATOR
136,9.422,6.856,7ME6530-2YC02-1AA0-Z A02
136,16.566,6.856,SBT7ME6942-0AA00-0AA2
136,23.834,6.856,SBT7ME6940-1WU10
136,30.352,6.856,SBTFDK-083F0121
136,8.463,7.92,SBT7ME6530-3FC02-1AA0-Z A02
136,16.566,7.92,SBT7ME6942-0AA00-0AA2
136,23.834,7.92,SBT7ME6940-1WU10
136,30.352,7.92,SBTFDK-083F0121
136,8.377,8.983,SBT7ME6530-3MC02-1AA0-Z A02
136,16.566,8.983,SBT7ME6942-0AA00-0AA2
136,23.834,8.983,SBT7ME6940-1WU10
136,30.352,8.983,SBTFDK-083F0121
136,8.463,10.046,SBT7ME6530-3TC02-1AA0-Z A02
136,16.566,10.046,SBT7ME6942-0AA00-0AA2
136,23.834,10.046,SBT7ME6940-1WU10
136,30.352,10.046,SBTFDK-083F0121
136,8.443,11.109,SBT7ME6530-4BC02-1AA0-Z A02
136,16.566,11.109,SBT7ME6942-0AA00-0AA2
136,23.834,11.109,SBT7ME6940-1WU10
136,30.352,11.109,SBTFDK-083F0121
136,8.415,12.172,SBT7ME6530-4HC02-1AA0-Z A02
136,16.565,12.172,SBT7ME6942-0AA00-0AA2
136,23.834,12.172,SBT7ME6940-1WU10
136,30.352,12.172,SBTFDK-083F0121
136,8.453,13.235,SBT7ME6530-4PC02-1AA0-Z A02
136,16.565,13.235,SBT7ME6942-0AA00-0AA2
136,23.834,13.235,SBT7ME6940-1WU10
136,30.352,13.235,SBTFDK-083F0121
136,8.44,14.298,SBT7ME6530-4VC02-1AA0-Z A02
136,16.565,14.298,SBT7ME6942-0AA00-0AA2
136,23.833,14.298,SBT7ME6940-1WU10
136,30.351,14.298,SBTFDK-083F0121
136,8.442,15.361,SBT7ME6530-5BC02-1AA0-Z A02
136,16.565,15.361,SBT7ME6942-0AA00-0AA2
136,23.833,15.361,SBT7ME6940-1WU10
136,30.351,15.361,SBTFDK-083F0121
136,10.082,22.701,E6520-2YC12-2AA1
136,15.273,22.701,SBT7ME6910-1AA30-1AA0
136,23.019,22.701,SBTFDK-085U1018
136,29.948,22.701,SBTFDK-083F0121
136,8.413,23.764,SBT7ME6520-3FC12-2AA1
136,15.273,23.764,SBT7ME6910-1AA30-1AA0
136,23.019,23.764,SBTFDK-085U1018
136,29.948,23.764,SBTFDK-083F0121
136,8.327,24.828,SBT7ME6520-3MC12-2AA1
136,15.272,24.828,SBT7ME6910-1AA30-1AA0
136,23.019,24.828,SBTFDK-085U1018
136,29.947,24.828,SBTFDK-083F0121
136,8.413,25.891,SBT7ME6520-3TC12-2AA1
136,15.272,25.891,SBT7ME6910-1AA30-1AA0
136,23.018,25.891,SBTFDK-085U1018
136,29.947,25.891,SBTFDK-083F0121
136,8.392,26.954,SBT7ME6520-4BC12-2AA1
136,15.271,26.954,SBT7ME6910-1AA30-1AA0
136,23.018,26.954,SBTFDK-085U1018
136,29.946,26.954,SBTFDK-083F0121
136,8.364,28.017,SBT7ME6520-4HC12-2AA1
136,15.271,28.017,SBT7ME6910-1AA30-1AA0
136,23.018,28.017,SBTFDK-085U1018
136,29.946,28.017,SBTFDK-083F0121
136,8.402,29.08,SBT7ME6520-4PC12-2AA1
136,15.271,29.08,SBT7ME6910-1AA30-1AA0
136,23.017,29.08,SBTFDK-085U1018
136,29.946,29.08,SBTFDK-083F0121
136,8.388,30.143,SBT7ME6520-4VC12-2AA1
136,15.271,30.143,SBT7ME6910-1AA30-1AA0
136,23.017,30.143,SBTFDK-085U1018
136,29.946,30.143,SBTFDK-083F0121
136,8.364,31.206,SBT7ME6520-5DC12-2AA1
136,15.27,31.206,SBT7ME6910-1AA30-1AA0
136,23.017,31.206,SBTFDK-085U1018
136,29.945,31.206,SBTFDK-083F0121
136,9.371,36.521,7ME6340-2RF13-2AA1
136,15.273,36.521,SBT7ME6910-1AA30-1AA0
136,23.019,36.521,SBTFDK-085U1018
136,29.948,36.521,SBTFDK-083F0121
136,8.422,37.584,SBT7ME6340-2YF13-2AA1
136,15.272,37.584,SBT7ME6910-1AA30-1AA0
136,23.019,37.584,SBTFDK-085U1018
136,29.947,37.584,SBTFDK-083F0121
136,8.413,38.647,SBT7ME6340-3FC13-2AA1
136,15.272,38.647,SBT7ME6910-1AA30-1AA0
136,23.019,38.647,SBTFDK-085U1018
136,29.947,38.647,SBTFDK-083F0121
136,8.326,39.71,SBT7ME6340-3MC13-2AA1
136,15.272,39.71,SBT7ME6910-1AA30-1AA0
136,23.018,39.71,SBTFDK-085U1018
136,29.947,39.71,SBTFDK-083F0121
136,8.412,40.773,SBT7ME6340-3TC13-2AA1
136,15.271,40.773,SBT7ME6910-1AA30-1AA0
136,23.018,40.773,SBTFDK-085U1018
136,29.946,40.773,SBTFDK-083F0121
136,8.391,41.837,SBT7ME6340-4BC13-2AA1
136,15.271,41.837,SBT7ME6910-1AA30-1AA0
136,23.017,41.837,SBTFDK-085U1018
136,29.946,41.837,SBTFDK-083F0121
136,8.364,42.9,SBT7ME6340-4HC13-2AA1
136,15.271,42.9,SBT7ME6910-1AA30-1AA0
136,23.017,42.9,SBTFDK-085U1018
136,29.946,42.9,SBTFDK-083F0121
136,8.402,43.918,SBT7ME6340-4PC13-2AA1
136,15.27,43.918,SBT7ME6910-1AA30-1AA0
136,23.017,43.918,SBTFDK-085U1018
136,29.945,43.918,SBTFDK-083F0121
136,1.693,28.243,MAG5100W
136,1.798,40.961,MAG3100P
137,-20.241,5.441,MAG5000 INTEGRATOR
137,-27.782,6.856,7ME6530-2YC02-1AA0-Z A02
137,-20.638,6.856,SBT7ME6942-0AA00-0AA2
137,-13.37,6.856,SBT7ME6940-1WU10
137,-6.852,6.856,SBTFDK-083F0121
137,-28.741,7.92,SBT7ME6530-3FC02-1AA0-Z A02
137,-20.638,7.92,SBT7ME6942-0AA00-0AA2
137,-13.37,7.92,SBT7ME6940-1WU10
137,-6.852,7.92,SBTFDK-083F0121
137,-28.828,8.983,SBT7ME6530-3MC02-1AA0-Z A02
137,-20.638,8.983,SBT7ME6942-0AA00-0AA2
137,-13.37,8.983,SBT7ME6940-1WU10
137,-6.852,8.983,SBTFDK-083F0121
137,-28.741,10.046,SBT7ME6530-3TC02-1AA0-Z A02
137,-20.638,10.046,SBT7ME6942-0AA00-0AA2
137,-13.37,10.046,SBT7ME6940-1WU10
137,-6.852,10.046,SBTFDK-083F0121
137,-28.761,11.109,SBT7ME6530-4BC02-1AA0-Z A02
137,-20.638,11.109,SBT7ME6942-0AA00-0AA2
137,-13.37,11.109,SBT7ME6940-1WU10
137,-6.852,11.109,SBTFDK-083F0121
137,-28.789,12.172,SBT7ME6530-4HC02-1AA0-Z A02
137,-20.639,12.172,SBT7ME6942-0AA00-0AA2
137,-13.371,12.172,SBT7ME6940-1WU10
137,-6.853,12.172,SBTFDK-083F0121
137,-28.751,13.235,SBT7ME6530-4PC02-1AA0-Z A02
137,-20.639,13.235,SBT7ME6942-0AA00-0AA2
137,-13.371,13.235,SBT7ME6940-1WU10
137,-6.853,13.235,SBTFDK-083F0121
137,-28.765,14.298,SBT7ME6530-4VC02-1AA0-Z A02
137,-20.639,14.298,SBT7ME6942-0AA00-0AA2
137,-13.371,14.298,SBT7ME6940-1WU10
137,-6.853,14.298,SBTFDK-083F0121
137,-28.762,15.361,SBT7ME6530-5BC02-1AA0-Z A02
137,-20.639,15.361,SBT7ME6942-0AA00-0AA2
137,-13.371,15.361,SBT7ME6940-1WU10
137,-6.853,15.361,SBTFDK-083F0121
137,-27.123,22.701,E6520-2YC12-2AA1
137,-21.932,22.701,SBT7ME6910-1AA30-1AA0
137,-14.186,22.701,SBTFDK-085U1018
137,-7.257,22.701,SBTFDK-083F0121
137,-28.791,23.764,SBT7ME6520-3FC12-2AA1
137,-21.932,23.764,SBT7ME6910-1AA30-1AA0
137,-14.186,23.764,SBTFDK-085U1018
137,-7.257,23.764,SBTFDK-083F0121
137,-28.878,24.828,SBT7ME6520-3MC12-2AA1
137,-21.933,24.828,SBT7ME6910-1AA30-1AA0
137,-14.186,24.828,SBTFDK-085U1018
137,-7.258,24.828,SBTFDK-083F0121
137,-28.792,25.891,SBT7ME6520-3TC12-2AA1
137,-21.933,25.891,SBT7ME6910-1AA30-1AA0
137,-14.187,25.891,SBTFDK-085U1018
137,-7.258,25.891,SBTFDK-083F0121
137,-28.813,26.954,SBT7ME6520-4BC12-2AA1
137,-21.934,26.954,SBT7ME6910-1AA30-1AA0
137,-14.187,26.954,SBTFDK-085U1018
137,-7.258,26.954,SBTFDK-083F0121
137,-28.841,28.017,SBT7ME6520-4HC12-2AA1
137,-21.934,28.017,SBT7ME6910-1AA30-1AA0
137,-14.187,28.017,SBTFDK-085U1018
137,-7.258,28.017,SBTFDK-083F0121
137,-28.803,29.08,SBT7ME6520-4PC12-2AA1
137,-21.934,29.08,SBT7ME6910-1AA30-1AA0
137,-14.188,29.08,SBTFDK-085U1018
137,-7.259,29.08,SBTFDK-083F0121
137,-28.816,30.143,SBT7ME6520-4VC12-2AA1
137,-21.934,30.143,SBT7ME6910-1AA30-1AA0
137,-14.188,30.143,SBTFDK-085U1018
137,-7.259,30.143,SBTFDK-083F0121
137,-28.841,31.206,SBT7ME6520-5DC12-2AA1
137,-21.935,31.206,SBT7ME6910-1AA30-1AA0
137,-14.188,31.206,SBTFDK-085U1018
137,-7.259,31.206,SBTFDK-083F0121
137,-27.834,36.521,7ME6340-2RF13-2AA1
137,-21.932,36.521,SBT7ME6910-1AA30-1AA0
137,-14.186,36.521,SBTFDK-085U1018
137,-7.257,36.521,SBTFDK-083F0121
137,-28.783,37.584,SBT7ME6340-2YF13-2AA1
137,-21.933,37.584,SBT7ME6910-1AA30-1AA0
137,-14.186,37.584,SBTFDK-085U1018
137,-7.258,37.584,SBTFDK-083F0121
137,-28.792,38.647,SBT7ME6340-3FC13-2AA1
137,-21.933,38.647,SBT7ME6910-1AA30-1AA0
137,-14.186,38.647,SBTFDK-085U1018
137,-7.258,38.647,SBTFDK-083F0121
137,-28.879,39.71,SBT7ME6340-3MC13-2AA1
137,-21.933,39.71,SBT7ME6910-1AA30-1AA0
137,-14.187,39.71,SBTFDK-085U1018
137,-7.258,39.71,SBTFDK-083F0121
137,-28.792,40.773,SBT7ME6340-3TC13-2AA1
137,-21.934,40.773,SBT7ME6910-1AA30-1AA0
137,-14.187,40.773,SBTFDK-085U1018
137,-7.258,40.773,SBTFDK-083F0121
137,-28.813,41.837,SBT7ME6340-4BC13-2AA1
137,-21.934,41.837,SBT7ME6910-1AA30-1AA0
137,-14.188,41.837,SBTFDK-085U1018
137,-7.259,41.837,SBTFDK-083F0121
137,-28.841,42.9,SBT7ME6340-4HC13-2AA1
137,-21.934,42.9,SBT7ME6910-1AA30-1AA0
137,-14.188,42.9,SBTFDK-085U1018
137,-7.259,42.9,SBTFDK-083F0121
137,-28.803,43.918,SBT7ME6340-4PC13-2AA1
137,-21.935,43.918,SBT7ME6910-1AA30-1AA0
137,-14.188,43.918,SBTFDK-085U1018
137,-7.259,43.918,SBTFDK-083F0121
137,-35.512,28.243,MAG5100W
137,-35.407,40.961,MAG3100P
137,5.242,2.665,UC50 Energy Calculators
137,31.469,4.015,o 4-20mA for
137,12.735,8.201,UC50L030-KIT
137,12.736,9.265,UC50L050-KIT
137,12.639,10.328,UC50M030-KIT
137,12.639,11.391,UC50M050-KIT
137,12.685,13.517,UC50U030-KIT
137,12.686,14.58,UC50U050-KIT
137,12.72,15.643,UC50T030-KIT
137,12.72,16.706,UC50T050-KIT
137,8.576,20.809,60 Devices
137,16.852,20.809,WTV531-GA5060
137,16.858,21.872,WTX631-GA0090
137,16.278,34.516,7ME3570-1JB40-0CQ1
137,16.253,35.579,7ME3570-1JB40-0DQ1
137,16.3,36.642,7ME3570-1JB40-0EQ1
138,11.784,8.299,UH50G05PAU06-F-0C-M000-T2A
138,20.347,8.299,WZM-E34
138,25.359,8.299,WZT-A12
138,11.784,9.274,UH50G21PAU06-F-0C-M000-T2A
138,20.347,9.274,WZM-E34
138,25.359,9.274,WZT-A12
138,11.784,10.249,UH50G38PAU06-F-0C-M000-T2A
138,20.485,10.249,WZM-E1
138,25.359,10.249,WZT-A12
138,11.806,11.223,UH50G45PAU06-F-0E-M000-T2A
138,20.348,11.223,WZM-E54
138,25.359,11.223,WZT-A12
138,11.806,12.198,UH50G50PAU06-F-0E-M000-T2A
138,20.348,12.198,WZM-E54
138,25.359,12.198,WZT-A12
138,11.756,14.778,UH50G60PAU06-E-0H-M000-T2A
138,20.485,14.778,WZM-E2
138,11.755,17.922,UH50G65PAU06-E-0H-M000-T2B
138,11.796,27.703,UH50A05PAU06-F-0C-M000-T2A
138,20.347,27.703,WZM-E34
138,25.358,27.703,WZT-A12
138,11.796,28.677,UH50A21PAU06-F-0C-M000-T2A
138,20.346,28.677,WZM-E34
138,25.358,28.677,WZT-A12
138,11.796,29.652,UH50A38PAU06-F-0C-M000-T2A
138,20.483,29.652,WZM-E1
138,25.358,29.652,WZT-A12
138,11.817,30.626,UH50A45PAU06-F-0E-M000-T2A
138,20.346,30.626,WZM-E54
138,25.358,30.626,WZT-A12
138,11.817,31.601,UH50A50PAU06-F-0E-M000-T2A
138,20.346,31.601,WZM-E54
138,25.358,31.601,WZT-A12
138,11.768,34.181,UH50A60PAU06-E-0H-M000-T2A
138,20.485,34.181,WZM-E2
138,11.767,37.325,UH50A65PAU06-E-0H-M000-T2B
138,1.377,11.828,UH50G Cooling
138,1.372,30.349,UH50A Heati
139,6.289,8.299,Mbus 16 Bar
139,15.912,8.299,UH40G05CAU06-F0B-B0AB-T2A
139,25.974,8.299,WZM-E34
139,31.627,8.299,WZT-A12
139,15.912,9.274,UH40G21CAU06-F0B-B0AB-T2A
139,25.975,9.274,WZM-E34
139,31.627,9.274,WZT-A12
139,15.912,10.249,UH40G36CAU06-F0B-B0AB-T2A
139,26.112,10.249,WZM-E1
139,31.627,10.249,WZT-A12
139,15.928,11.223,UH40G43CAU06-F0E-B0AB-T2A
139,25.975,11.223,WZM-E54
139,31.627,11.223,WZT-A12
139,15.928,12.198,UH40G53CAU06-F0E-B0AB-T2A
139,25.975,12.198,WZM-E54
139,31.627,12.198,WZT-A12
139,6.289,13.172,Mbus 25 Bar
139,15.912,13.172,UH40G06CAU06-F0B-B0AB-T2A
139,25.975,13.172,WZM-E34
139,31.628,13.172,WZT-A12
139,15.913,14.147,UH40G22CAU06-F0B-B0AB-T2A
139,25.976,14.147,WZM-E34
139,31.628,14.147,WZT-A12
139,15.913,15.121,UH40G37CAU06-F0B-B0AB-T2A
139,26.113,15.121,WZM-E1
139,31.628,15.121,WZT-A12
139,15.928999999999998,16.096,UH40G44CAU06-F0E-B0AB-T2A
139,25.976,16.096,WZM-E54
139,31.628,16.096,WZT-A12
139,15.928999999999998,17.07,UH40G54CAU06-F0E-B0AB-T2A
139,25.976,17.07,WZM-E54
139,31.628,17.07,WZT-A12
139,6.228,24.601,Mbus 16 Bar
139,15.917000000000002,24.601,UH40A05CAU06-F0B-B0AA-T2A
139,25.974,24.601,WZM-E34
139,31.627,24.601,WZT-A12
139,15.917000000000002,25.576,UH40A21CAU06-F0B-B0AA-T2A
139,25.974,25.576,WZM-E34
139,31.627,25.576,WZT-A12
139,15.917000000000002,26.551,UH40A36CAU06-F0B-B0AA-T2A
139,26.111,26.551,WZM-E1
139,31.626,26.551,WZT-A12
139,15.933,27.525,UH40A43CAU06-F0E-B0AA-T2A
139,25.974,27.525,WZM-E54
139,31.626,27.525,WZT-A12
139,15.933,28.5,UH40A53CAU06-F0E-B0AA-T2A
139,25.974,28.5,WZM-E54
139,31.626,28.5,WZT-A12
139,6.228,29.474,Mbus 25 Bar
139,15.917000000000002,29.474,UH40A06CAU06-F0B-B0AA-T2A
139,25.974,29.474,WZM-E34
139,31.627,29.474,WZT-A12
139,15.917000000000002,30.449,UH40A22CAU06-F0B-B0AA-T2A
139,25.974,30.449,WZM-E34
139,31.627,30.449,WZT-A12
139,15.917000000000002,31.423,UH40A37CAU06-F0B-B0AA-T2A
139,26.111,31.423,WZM-E1
139,31.626,31.423,WZT-A12
139,15.933,32.398,UH40A44CAU06-F0E-B0AA-T2A
139,25.974,32.398,WZM-E54
139,31.626,32.398,WZT-A12
139,15.928999999999998,33.372,UH40A54CAU06-F0E-P0DA-T2A
139,25.974,33.372,WZM-E54
139,31.626,33.372,WZT-A12
139,1.372,12.931,UH50A Heati
139,1.367,29.326,UH50A Heati
143,19.436,17.889,RAL 7035
143,3.092,27.1,1514510
143,8.813,27.1,1500510
143,31.695,27.1,1560700
143,3.092,28.074,1528510
143,8.813,28.074,1529510
143,31.696,28.074,1575700
143,3.093,29.049,1516510
143,8.814,29.049,1502510
143,31.696,29.049,1562700
143,3.093,30.023,1515510
143,8.814,30.023,1501510
143,31.696,30.023,1561700
143,3.094,30.998,1517510
143,8.814,30.998,1503510
143,31.697,30.998,1563700
143,8.815,31.972,1507510
143,31.697,31.972,1567700
143,8.815,32.947,1589510
143,31.698,32.947,1576700
143,3.095,33.921,1518510
143,8.816,33.921,1504510
143,31.698,33.921,1564700
143,8.816,34.896,1508510
143,31.699,34.896,1568700
143,8.817,35.87,1511510
143,31.699,35.87,1571700
143,8.817,36.845,1505510
143,31.7,36.845,1565700
143,8.818,37.82,1509510
143,31.7,37.82,1569700
143,3.098,38.794,1519510
143,8.818,38.794,1506510
143,31.701,38.794,1566700
143,8.819,39.769,1510510
143,31.701,39.769,1570700
143,8.819,40.743,1512510
143,31.702,40.743,1572700
143,8.82,41.718,1527510
143,31.702,41.718,1574700
143,8.82,42.692,1513510
143,31.703,42.692,1573700
143,3.979,46.296,1590000
143,3.979,47.27,1592000
144,19.436,17.889,NEMA 4X
144,1.167,23.803,Stainless Steel 304
144,3.604,26.062,2384010
144,3.604,27.036,2384020
144,3.604,28.011,2384030
144,3.604,28.985,2384040
144,3.665,32.591,1594000
144,56.641,19.316,NEMA 4X
144,40.869,26.081,1560000
144,68.328,26.081,1560800
144,40.87,27.055,1561000
144,68.329,27.055,1561800
144,40.87,28.03,1562000
144,68.329,28.03,1562800
144,40.871,29.004,1563000
144,68.33,29.004,1563800
144,40.871,29.979,1564000
144,68.331,29.979,1560800
144,40.872,30.954,1565000
144,68.332,30.954,1562800
144,40.873,31.928,1566000
144,68.332,31.928,1563800
144,40.874,32.903,1567000
144,68.333,32.903,1567800
144,40.875,33.877,1568000
144,68.334,33.877,1564800
144,40.876,34.852,1569000
144,68.335,34.852,1568800
144,40.869,38.456,1521510
144,68.328,38.456,1560700
144,40.87,39.431,1523510
144,68.329,39.431,1562700
144,40.87,40.405,1522510
144,68.329,40.405,1561700
144,40.871,41.38,1524510
144,68.33,41.38,1563700
144,40.871,42.354,1525510
144,68.331,42.354,1564700
144,40.88,45.959,1594010
144,40.88,46.934,1594000
145,19.436,19.316,NEMA 4X
145,3.665,26.081,1560000
145,31.124,26.081,1560800
145,3.665,27.055,1561000
145,31.124,27.055,1561800
145,3.666,28.03,1562000
145,31.124,28.03,1562800
145,3.666,29.004,1563000
145,31.125,29.004,1563800
145,3.666,29.979,1564000
145,31.126,29.979,1560800
145,3.667,30.954,1565000
145,31.127,30.954,1562800
145,3.668,31.928,1566000
145,31.128,31.928,1563800
145,3.669,32.903,1567000
145,31.129,32.903,1567800
145,3.67,33.877,1568000
145,31.13,33.877,1564800
145,3.671,34.852,1569000
145,31.131,34.852,1568800
145,3.665,38.456,1521510
145,31.124,38.456,1560700
145,3.665,39.431,1523510
145,31.124,39.431,1562700
145,3.666,40.405,1522510
145,31.124,40.405,1561700
145,3.666,41.38,1524510
145,31.125,41.38,1563700
145,3.666,42.354,1525510
145,31.126,42.354,1564700
145,3.675,45.959,1594010
145,3.675,46.934,1594000
146,19.436,17.889,RAL 7035
146,19.436,20.566,NEMA 4
146,4.523,27.254,1551500
146,4.523,28.184,1553500
146,4.523,29.114,1545500
146,4.523,30.044,1548500
146,4.524,30.947,1546500
146,4.524,31.849,1549500
146,4.524,32.779,1552500
146,4.524,33.709,1554500
146,4.525,34.639,1547500
146,4.525,35.569,1550500
146,4.525,36.499,1557500
146,4.526,37.429,1555500
146,4.526,38.359,1556500
146,4.526,39.289,1577500
146,4.527,40.219,1578500
146,4.527,41.149,1579500
146,4.561,44.805,1590000
146,4.562,45.94,2584000
146,30.625,46.914,3 - 50
146,30.625,47.889,1 - 15
146,56.7,17.889,RAL 7035
146,56.7,20.743,NEMA 12
146,41.595,27.917,1610000
146,41.595,29.157,1611000
146,41.595,30.398,1612000
146,41.595,31.638,1613000
147,19.495,17.889,RAL 7035
147,19.495,20.743,NEMA 12
147,4.39,27.917,1610000
147,4.39,29.157,1611000
147,4.39,30.398,1612000
147,4.39,31.638,1613000
148,23.924,3.973,RAL 7035
148,23.924,6.827,NEMA 4X
148,10.793,19.252,RAL 7001
148,23.923,13.45,NEMA 4
148,23.923,17.731,9101210
148,23.924,23.694,NEMA 4X
149,-13.281,3.973,RAL 7035
149,-13.281,6.827,NEMA 4X
149,-26.412,19.252,RAL 7001
149,-13.282,13.45,NEMA 4
149,-13.282,17.731,9101210
149,-13.281,23.694,NEMA 4X
150,13.582,19.316,RAL 7035
150,31.075,28.273,XAU10350199
150,31.075,29.114,XAU10350199
150,3.092,29.956,1033500
150,31.075,29.956,XAU10330199
150,3.092,30.797,1036500
150,31.075,30.797,XAU10330199
150,3.092,31.639000000000003,1034500
150,31.075,31.639000000000003,XAU10340199
150,3.092,32.48,1030500
150,31.075,32.48,XAU10310199
150,3.092,33.321,1031500
150,31.075,33.321,XAU10310199
150,3.092,34.163,1038500
150,31.075,34.163,XAU10380199
150,3.092,35.004,1380500
150,31.075,35.004,XAU13800199
150,3.092,35.846,1338500
150,31.075,35.846,XAU10380199
150,3.092,36.687,1045500
150,31.075,36.687,XAU10450199
150,3.092,37.528,1037500
150,3.093,38.37,1050500
150,31.076,38.37,XAU10500199
150,3.093,39.211,1057500
150,31.076,39.211,XAU10570199
150,3.093,40.053,1350500
150,31.076,40.053,XAU10500199
150,3.093,40.894,1039500
150,31.076,40.894,XAU10390199
150,3.093,41.736,1054500
150,31.076,41.736,XAU10600199
150,3.093,42.577,1060500
150,31.076,42.577,XAU10600199
150,3.093,43.418,1076500
150,31.076,43.418,XAU10760199
150,3.093,44.26,1058500
150,31.076,44.26,XAU10580199
150,3.093,45.101,1090500
150,31.075,45.101,XAU10900199
150,3.092,45.943,1339500
150,31.075,45.943,XAU10390199
150,3.092,46.784,1360500
150,31.075,46.784,XAU10600199
150,3.092,47.625,1376500
150,31.075,47.625,XAU10760199
150,3.092,48.467,1260500
150,31.075,48.467,XAU12600199
150,56.641,18.692,RAL 7035
150,40.297,27.332,1073500
150,68.28,27.332,XAU10770199
150,40.297,28.064,1077500
150,68.28,28.064,XAU10770199
150,40.297,28.796,1055500
150,40.297,29.527,1180500
150,68.28,29.527,XAU11800199
150,40.297,30.259,1280500
150,68.279,30.259,XAU12800199
150,40.869,37.384,9792055
150,40.87,38.323,9792065
150,40.87,39.262,9792075
151,-23.622,19.316,RAL 7035
151,-6.13,28.273,XAU10350199
151,-6.13,29.114,XAU10350199
151,-34.113,29.956,1033500
151,-6.13,29.956,XAU10330199
151,-34.113,30.797,1036500
151,-6.13,30.797,XAU10330199
151,-34.113,31.639000000000003,1034500
151,-6.13,31.639000000000003,XAU10340199
151,-34.113,32.48,1030500
151,-6.13,32.48,XAU10310199
151,-34.113,33.321,1031500
151,-6.13,33.321,XAU10310199
151,-34.113,34.163,1038500
151,-6.13,34.163,XAU10380199
151,-34.113,35.004,1380500
151,-6.13,35.004,XAU13800199
151,-34.113,35.846,1338500
151,-6.13,35.846,XAU10380199
151,-34.113,36.687,1045500
151,-6.13,36.687,XAU10450199
151,-34.113,37.528,1037500
151,-34.112,38.37,1050500
151,-6.129,38.37,XAU10500199
151,-34.112,39.211,1057500
151,-6.129,39.211,XAU10570199
151,-34.112,40.053,1350500
151,-6.129,40.053,XAU10500199
151,-34.112,40.894,1039500
151,-6.129,40.894,XAU10390199
151,-34.112,41.736,1054500
151,-6.129,41.736,XAU10600199
151,-34.112,42.577,1060500
151,-6.129,42.577,XAU10600199
151,-34.112,43.418,1076500
151,-6.129,43.418,XAU10760199
151,-34.112,44.26,1058500
151,-6.129,44.26,XAU10580199
151,-34.112,45.101,1090500
151,-6.13,45.101,XAU10900199
151,-34.113,45.943,1339500
151,-6.13,45.943,XAU10390199
151,-34.113,46.784,1360500
151,-6.13,46.784,XAU10600199
151,-34.113,47.625,1376500
151,-6.13,47.625,XAU10760199
151,-34.113,48.467,1260500
151,-6.13,48.467,XAU12600199
151,19.436,18.692,RAL 7035
151,3.092,27.332,1073500
151,31.075,27.332,XAU10770199
151,3.092,28.064,1077500
151,31.075,28.064,XAU10770199
151,3.092,28.796,1055500
151,3.093,29.527,1180500
151,31.075,29.527,XAU11800199
151,3.092,30.259,1280500
151,31.075,30.259,XAU12800199
151,3.665,37.384,9792055
151,3.665,38.323,9792065
151,3.666,39.262,9792075
152,19.436,19.941,RAL 7035
152,19.436,22.795,NEMA 12
152,3.092,27.729,1059000
152,26.544,27.729,2830061
152,32.264,27.729,2830410
152,3.093,28.615,1091000
152,26.544,28.615,2830061
152,32.264,28.615,2830410
152,3.093,29.501,1261000
152,26.544,29.501,2830061
152,32.264,29.501,2830410
152,3.093,30.387,1181000
152,26.544,30.387,2830081
152,32.264,30.387,2830410
152,3.093,31.273000000000003,1281000
152,26.544,31.273000000000003,2830081
152,32.264,31.273000000000003,2830410
152,26.544,32.159,2830101
152,32.264,32.159,2830410
152,26.544,33.045,2830101
152,32.264,33.045,2830410
152,26.544,33.931,2830121
152,32.264,33.931,2830410
152,3.122,37.358,2508020
152,3.122,38.244,2503020
152,3.122,39.13,2505510
152,19.936,39.13,Wall angle PK4
152,3.122,40.016,2584100
152,3.122,40.902,4052000
153,1.167,25.514,Stainless Steel 304
153,2.683,27.756,1001600
153,26.579,27.756,XAU10350199
153,2.683,28.695,1002600
153,26.511,28.695,XAUI10350199
153,32.101,28.695,2470000
153,2.682,29.634,1003600
153,26.578,29.634,XAU10330199
153,32.101,29.634,2361000
153,2.681,30.573,1005600
153,32.1,30.573,2361000
153,2.68,31.512,1004600
153,26.576,31.512,XAU10310199
153,32.099,31.512,2471000
153,2.68,32.451,1011600
153,26.576,32.451,XAU10310199
153,32.099,32.451,2472000
153,2.679,33.389,1006600
153,26.575,33.389,XAU13800199
153,32.098,33.389,2472000
153,2.679,34.328,1008600
153,26.575,34.328,XAU10380199
153,32.098,34.328,2472000
153,2.678,35.267,1015600
153,26.574,35.267,XAU10450199
153,2.677,36.206,1007600
153,26.573,36.206,XAU10500199
153,32.097,36.206,2362000
153,2.677,37.145,1013600
153,26.573,37.145,XAU10500199
153,2.676,38.084,1009600
153,26.572,38.084,XAU10390199
153,32.095,38.084,2473000
153,2.676,39.023,1010600
153,26.571,39.023,XAU10600199
153,32.095,39.023,2473000
153,2.675,39.962,1012600
153,26.571,39.962,XAU10760199
153,32.094,39.962,2473000
153,2.675,40.901,1014600
153,26.571,40.901,XAU10770199
153,32.094,40.901,2474000
153,2.674,41.84,1016600
153,26.571,41.84,XAU11800199
153,32.094,41.84,2475000
153,2.674,42.779,1017600
153,26.571,42.779,XAU12800199
153,32.094,42.779,2475000
153,32.093,43.717,2363000
153,32.093,44.656,2363000
154,1.167,25.522,Stainless Steel 316L
154,2.609,26.832,XAU1001500
154,31.075,26.832,XAU10350199
154,2.609,27.386,XAU1002500
154,31.075,27.386,XAU10350199
154,2.609,27.941,XAU1003500
154,31.075,27.941,XAU10330199
154,2.609,28.495,XAU1005500
154,2.61,29.05,XAU1004500
154,31.076,29.05,XAU10310199
154,2.61,29.605,XAU1011500
154,31.076,29.605,XAU10310199
154,2.61,30.159,XAU1006500
154,31.076,30.159,XAU13800199
154,2.61,30.714,XAU1008500
154,31.076,30.714,XAU10380199
154,2.61,31.268,XAU1015500
154,31.076,31.268,XAU10450199
154,2.61,31.823,XAU1463999
154,2.61,32.377,XAU1007500
154,31.076,32.377,XAU10500199
154,2.61,32.932,XAU1013500
154,31.076,32.932,XAU10500199
154,2.61,33.486,XAU1009500
154,31.076,33.486,XAU10390199
154,2.61,34.041,XAU1010500
154,31.076,34.041,XAU10600199
154,2.61,34.595,XAU1663999
154,31.076,34.595,XAU10600199
154,2.61,35.15,XAU1664999
154,31.076,35.15,XAU10600199
154,2.61,35.704,XAU1012500
154,31.076,35.704,XAU10760199
154,2.61,36.259,XAU1068500
154,31.076,36.259,XAU10580199
154,2.61,36.813,XAU1684999
154,31.076,36.813,XAU10580199
154,2.61,37.368,XAU1063999
154,31.076,37.368,XAU10900199
154,2.61,37.923,XAU1014500
154,31.076,37.923,XAU10770199
154,2.61,38.477,XAU1884999
154,2.61,39.032,XAU1016500
154,31.076,39.032,XAU11800199
154,2.61,39.586,XAU1804999
154,31.075,39.586,XAU11800199
154,2.609,40.141,XAU1017500
154,31.075,40.141,XAU12800199
154,2.609,40.695,XAU1824999
154,31.074,40.695,XAU12800199
154,3.121,45.324,2433000
154,3.121,45.878,2433500
154,3.121,46.433,2584100
154,2.638,46.987,XAU2535990
154,56.641,23.868,NEMA 4X
154,38.372,25.93,Stainless Steel 316L
154,41.245,27.914,XAU1002590
154,41.245,28.977,XAU1006590
154,41.246,30.04,XAU1008590
154,41.246,31.103,XAU1012590
154,41.246,32.166,XAU1068590
155,19.436,23.868,NEMA 4X
155,1.167,25.93,Stainless Steel 316L
155,4.04,27.914,XAU1002590
155,4.04,28.977,XAU1006590
155,4.041,30.04,XAU1008590
155,4.041,31.103,XAU1012590
155,4.042,32.166,XAU1068590
156,1.167,26.338,Stainless Steel 316L
156,1.938,27.913,XAURM4425SS
156,1.938,28.645,XAURM7522SS
156,1.938,29.377,XAURM7535SS
156,1.8010000000000002,30.108,XAURM10822SS
156,1.8010000000000002,30.84,XAURM10840SS
156,1.511,43.056,XAURM4425SSX15
156,21.069,43.056,RAL 2000 White
156,1.511,43.788,XAURM7522SSX15
156,21.068,43.788,RAL 2000 White
156,1.51,44.52,XAURM7535SSX15
156,21.068,44.52,RAL 2000 White
156,1.373,45.251,XAURM10822SSX15
156,21.068,45.251,RAL 2000 White
156,1.373,45.983,XAURM10840SSX15
156,21.069,45.983,RAL 2000 White
156,56.641,17.89,RAL 7035 Grey
156,39.667,24.555,XAURE040212
156,39.668,25.618,XAURE040219
156,39.668,26.681,XAURE040405
156,39.668,27.744,XAURE050205
156,39.668,28.808,XAURE010206
156,68.757,28.808,DBMP800
156,39.669,29.871,XAURE010208
156,68.757,29.871,DBMP800
156,39.669,30.934,XAURE010210
156,68.62,30.934,DBMP1000
156,39.669,31.997,XAURE010212
156,68.62,31.997,DBMP1000
156,39.668,33.06,XAURE013362
156,68.619,33.06,DBMP1200
156,39.668,34.123,XAURE040204
156,68.619,34.123,DBMP1200
156,39.667,35.186,XAURE040206
156,68.618,35.186,DBMP1500
156,39.667,36.249,XAURE040208
156,68.618,36.249,DBMP1500
156,39.672,38.742,XAU10390199
156,39.672,39.805,XAU10600199
156,39.672,40.868,XAU10580199
156,39.672,41.932,XAU10900199
156,39.672,42.995,XAU12600199
157,19.436,17.89,RAL 7035 Grey
157,2.463,24.555,XAURE040212
157,2.463,25.618,XAURE040219
157,2.463,26.681,XAURE040405
157,2.464,27.744,XAURE050205
157,2.464,28.808,XAURE010206
157,31.552,28.808,DBMP800
157,2.464,29.871,XAURE010208
157,31.552,29.871,DBMP800
157,2.464,30.934,XAURE010210
157,31.414,30.934,DBMP1000
157,2.463,31.997,XAURE010212
157,31.414,31.997,DBMP1000
157,2.463,33.06,XAURE013362
157,31.414,33.06,DBMP1200
157,2.462,34.123,XAURE040204
157,31.413,34.123,DBMP1200
157,2.462,35.186,XAURE040206
157,31.413,35.186,DBMP1500
157,2.461,36.249,XAURE040208
157,31.412,36.249,DBMP1500
157,2.468,38.741,XAU10390199
157,2.468,39.804,XAU10600199
157,2.468,40.867,XAU10580199
157,2.468,41.93,XAU10900199
157,2.469,42.993,XAU12600199
158,1.876,25.296,IP 66 Solid
158,1.876,25.921,IP 56 Window
158,1.876,27.348,NEMA 4X Solid
158,1.876,27.973,NEMA 12 Window
158,3.093,30.52,1432000
158,3.093,31.406,1434000
158,3.094,32.292,1444000
158,8.814,32.292,1448000
158,31.697,32.292,1485744
158,3.094,33.178,1446000
158,8.815,33.178,1449000
158,3.094,34.064,1453000
158,8.815,34.064,1454000
158,3.095,34.95,1466000
158,8.816,34.95,1467000
158,31.698,34.95,1485766
158,3.095,35.836,1468000
158,8.816,35.836,1469000
158,31.699,35.836,1485768
158,3.096,36.722,1480000
158,8.816,36.722,1479000
158,2.76,40.149,1485400
158,2.76,41.035,1485200
158,2.76,41.921,1485100
158,15.08,41.921,om mount PK2
158,2.76,42.807,1485300
158,2.76,43.693,2584100
158,2.76,44.579,1485600
159,1.876,25.744,RAL 9011
159,3.665,30.381,9202100
159,3.666,31.444000000000003,9203100
159,3.666,32.508,9204100
159,3.667,33.571,9205100
159,3.668,34.634,9206100
159,3.669,35.697,9207100
159,3.67,36.76,9208100
159,3.671,37.823,9209100
159,3.665,39.995,1485500
159,3.665,41.058,2584100
159,3.665,42.121,1485200
159,3.665,43.185,1485300
160,50.787,24.317,RAL 7035
160,39.313,28.178,5820600
160,57.055,28.178,8660002
160,61.256,28.178,8660030
160,65.458,28.178,8660022
160,69.659,28.178,8660040
160,39.313,28.887,5821600
160,57.055,28.887,8660002
160,61.257,28.887,8660030
160,65.458,28.887,8660022
160,69.66,28.887,8660040
160,39.314,29.596,5822600
160,57.056,29.596,8660003
160,61.257,29.596,8660030
160,65.459,29.596,8660023
160,69.66,29.596,8660040
160,39.314,30.305,5823600
160,57.056,30.305,8660003
160,61.258,30.305,8660030
160,65.459,30.305,8660023
160,69.661,30.305,8660040
160,39.315,31.013,5824600
160,57.057,31.013,8660007
160,61.258,31.013,8660030
160,65.46,31.013,8660025
160,69.661,31.013,8660040
160,39.315,31.722,5825600
160,57.057,31.722,8660007
160,61.259,31.722,8660030
160,65.46,31.722,8660025
160,69.661,31.722,8660040
160,39.316,32.431,5830600
160,57.058,32.431,8660002
160,61.259,32.431,8660031
160,65.461,32.431,8660022
160,69.662,32.431,8660041
160,39.316,33.14,5831600
160,57.058,33.14,8660003
160,61.26,33.14,8660031
160,65.461,33.14,8660023
160,69.662,33.14,8660041
160,39.316,33.848,5832600
160,57.059,33.848,8660003
160,61.26,33.848,8660031
160,65.461,33.848,8660023
160,69.663,33.848,8660041
160,39.317,34.557,5833600
160,57.059,34.557,8660003
160,61.261,34.557,8660032
160,65.462,34.557,8660023
160,69.663,34.557,8660042
160,39.317,35.266,5834600
160,57.06,35.266,8660003
160,61.261,35.266,8660033
160,65.462,35.266,8660023
160,69.664,35.266,8660043
160,39.318,35.975,5840600
160,57.06,35.975,8660005
160,61.261,35.975,8660031
160,65.463,35.975,8660024
160,69.664,35.975,8660041
160,39.318,36.683,5841600
160,57.061,36.683,8660007
160,61.262,36.683,8660031
160,65.463,36.683,8660025
160,69.665,36.683,8660041
160,57.061,37.392,8660008
160,61.262,37.392,8660031
160,65.464,37.392,8660026
160,69.665,37.392,8660041
160,39.319,38.101,5843600
160,57.061,38.101,8660007
160,61.263,38.101,8660031
160,65.464,38.101,8660025
160,69.666,38.101,8660041
160,39.32,38.81,5844600
160,57.062,38.81,8660007
160,61.263,38.81,8660032
160,65.465,38.81,8660025
160,69.666,38.81,8660042
160,39.32,39.518,5845600
160,57.062,39.518,8660007
160,61.264,39.518,8660033
160,65.465,39.518,8660025
160,69.667,39.518,8660043
160,57.063,40.227,8660009
160,61.264,40.227,8660032
160,65.466,40.227,8660027
160,69.667,40.227,8660042
160,39.321,40.936,5847600
160,57.063,40.936,8660009
160,61.265,40.936,8660033
160,65.466,40.936,8660027
160,69.668,40.936,8660043
160,42.226,44.097,XAU86860199M
160,42.226,44.983,XAU86060199M
160,42.226,45.869,XAU88860199M
160,42.226,46.755,XAU88060199M
161,13.582,24.317,RAL 7035
161,2.108,28.178,5820600
161,19.85,28.178,8660002
161,24.052,28.178,8660030
161,28.253,28.178,8660022
161,32.454,28.178,8660040
161,2.109,28.887,5821600
161,19.851,28.887,8660002
161,24.052,28.887,8660030
161,28.253,28.887,8660022
161,32.455,28.887,8660040
161,2.109,29.596,5822600
161,19.851,29.596,8660003
161,24.053,29.596,8660030
161,28.254,29.596,8660023
161,32.455,29.596,8660040
161,2.109,30.305,5823600
161,19.852,30.305,8660003
161,24.053,30.305,8660030
161,28.254,30.305,8660023
161,32.456,30.305,8660040
161,2.11,31.013,5824600
161,19.852,31.013,8660007
161,24.053,31.013,8660030
161,28.255,31.013,8660025
161,32.456,31.013,8660040
161,2.11,31.722,5825600
161,19.853,31.722,8660007
161,24.054,31.722,8660030
161,28.255,31.722,8660025
161,32.457,31.722,8660040
161,2.111,32.431,5830600
161,19.853,32.431,8660002
161,24.054,32.431,8660031
161,28.256,32.431,8660022
161,32.457,32.431,8660041
161,2.111,33.14,5831600
161,19.853,33.14,8660003
161,24.055,33.14,8660031
161,28.256,33.14,8660023
161,32.458,33.14,8660041
161,2.112,33.848,5832600
161,19.854,33.848,8660003
161,24.055,33.848,8660031
161,28.257,33.848,8660023
161,32.458,33.848,8660041
161,2.112,34.557,5833600
161,19.854,34.557,8660003
161,24.056,34.557,8660032
161,28.257,34.557,8660023
161,32.459,34.557,8660042
161,2.113,35.266,5834600
161,19.855,35.266,8660003
161,24.056,35.266,8660033
161,28.258,35.266,8660023
161,32.459,35.266,8660043
161,2.113,35.975,5840600
161,19.855,35.975,8660005
161,24.057,35.975,8660031
161,28.258,35.975,8660024
161,32.46,35.975,8660041
161,2.114,36.683,5841600
161,19.856,36.683,8660007
161,24.057,36.683,8660031
161,28.259,36.683,8660025
161,32.46,36.683,8660041
161,19.856,37.392,8660008
161,24.058,37.392,8660031
161,28.259,37.392,8660026
161,32.461,37.392,8660041
161,2.115,38.101,5843600
161,19.857,38.101,8660007
161,24.058,38.101,8660031
161,28.26,38.101,8660025
161,32.461,38.101,8660041
161,2.115,38.81,5844600
161,19.857,38.81,8660007
161,24.059,38.81,8660032
161,28.26,38.81,8660025
161,32.461,38.81,8660042
161,2.116,39.518,5845600
161,19.858,39.518,8660007
161,24.059,39.518,8660033
161,28.261,39.518,8660025
161,32.462,39.518,8660043
161,19.858,40.227,8660009
161,24.06,40.227,8660032
161,28.261,40.227,8660027
161,32.462,40.227,8660042
161,2.116,40.936,5847600
161,19.859,40.936,8660009
161,24.06,40.936,8660033
161,28.261,40.936,8660027
161,32.463,40.936,8660043
161,5.022,44.097,XAU86860199M
161,5.022,44.983,XAU86060199M
161,5.022,45.869,XAU88860199M
161,5.022,46.755,XAU88060199M
162,1.876,19.765,grain size 400
162,19.436,17.889,NEMA 12
162,1.167,26.124,Stainless Steel 304
162,2.837,28.99,5850600
162,20.747,28.99,8660050
162,24.692,28.99,8660070
162,28.637,28.99,8660060
162,32.582,28.99,8660080
162,2.837,30.053,5851600
162,20.747,30.053,8660050
162,24.692,30.053,8660071
162,28.637,30.053,8660060
162,32.582,30.053,8660081
162,2.837,31.116,5852600
162,20.747,31.116,8660051
162,24.692,31.116,8660071
162,28.637,31.116,8660061
162,32.582,31.116,8660081
162,2.837,32.179,5853600
162,20.747,32.179,8660051
162,24.692,32.179,8660072
162,28.637,32.179,8660061
162,32.582,32.179,8660082
162,2.837,33.242,5854600
162,20.747,33.242,8660052
162,24.692,33.242,8660070
162,28.637,33.242,8660062
162,32.582,33.242,8660080
162,2.837,34.305,5855600
162,20.747,34.305,8660053
162,24.692,34.305,8660071
162,28.637,34.305,8660063
162,32.582,34.305,8660081
162,2.837,35.368,5856600
162,20.747,35.368,8660050
162,24.692,35.368,8660071
162,28.637,35.368,8660060
162,32.582,35.368,8660081
162,2.837,36.432,5857600
162,20.747,36.432,8660051
162,24.692,36.432,8660071
162,28.637,36.432,8660061
162,32.582,36.432,8660081
162,2.837,37.495,5858600
162,20.747,37.495,8660053
162,24.692,37.495,8660071
162,28.637,37.495,8660063
162,32.582,37.495,8660081
162,3.882,41.01,XAU86860199M
162,3.882,41.896,XAU86060199M
162,3.882,42.782,XAU88860199M
162,3.882,43.668,XAU88060199M
163,19.436,17.889,RAL 7035
163,2.694,33.223,5830680
163,27.167,33.223,8660050
163,32.092,33.223,8660070
163,2.695,34.287,5831680
163,27.167,34.287,8660051
163,32.093,34.287,8660070
163,2.695,35.35,5834680
163,27.168,35.35,8660051
163,32.093,35.35,8660072
164,1.167,26.391,Stainless Steel 304
164,2.452,28.952,5850680
164,27.728,28.952,8660050
164,32.28,28.952,8660070
164,2.453,29.925,5852680
164,27.729,29.925,8660051
164,32.281,29.925,8660071
164,2.454,30.988,5853680
164,27.73,30.988,8660051
164,32.282,30.988,8660072
164,49.998,21.202,8640000
164,49.998,21.91,8640001
164,49.998,22.619,8640002
164,49.998,23.328,8640003
164,49.998,24.037,8640004
164,49.998,24.745,8640005
164,49.998,25.454,8640006
164,49.998,26.163,8640007
164,49.998,26.872,8640008
164,49.998,27.58,8640009
164,49.998,30.654,8640030
164,49.998,31.362,8640031
164,49.998,32.071,8640032
164,49.998,32.78,8640033
164,49.998,33.489,8640034
164,49.998,34.197,8640035
164,49.998,34.906,8640036
164,50.025,37.979,8660090
164,50.025,38.688,8660091
164,67.585,19.757,8660020
164,67.585,20.466,8660021
164,67.585,21.175,8660022
164,67.585,21.883,8660023
164,67.585,22.592,8660024
164,67.585,23.301,8660025
164,67.585,24.01,8660026
164,67.585,24.718,8660027
164,67.585,27.792,8660040
164,67.585,28.5,8660041
164,67.585,29.209,8660042
164,67.585,29.918,8660043
164,67.585,30.627,8660044
164,67.585,31.335,8660045
164,67.585,32.044,8660046
164,67.585,35.118,8660092
164,67.585,35.826,8660093
164,67.585,36.535,8660094
164,67.585,37.244,8660095
164,42.029,41.174,8660110
164,42.029,41.883,8660100
164,42.029,42.591,8660400
164,42.029,43.3,8619470
164,42.029,44.009,8660120
164,42.029,44.718,8660121
164,42.029,45.426,8660130
164,42.029,46.135,8660131
164,42.029,46.844,8660096
164,41.973,47.553,8660.140
165,12.793,21.202,8640000
165,12.793,21.91,8640001
165,12.793,22.619,8640002
165,12.793,23.328,8640003
165,12.793,24.037,8640004
165,12.793,24.745,8640005
165,12.793,25.454,8640006
165,12.793,26.163,8640007
165,12.793,26.872,8640008
165,12.793,27.58,8640009
165,12.793,30.654,8640030
165,12.793,31.362,8640031
165,12.793,32.071,8640032
165,12.793,32.78,8640033
165,12.793,33.489,8640034
165,12.793,34.197,8640035
165,12.793,34.906,8640036
165,12.82,37.979,8660090
165,12.82,38.688,8660091
165,30.38,19.757,8660020
165,30.38,20.466,8660021
165,30.38,21.175,8660022
165,30.38,21.883,8660023
165,30.38,22.592,8660024
165,30.38,23.301,8660025
165,30.38,24.01,8660026
165,30.38,24.718,8660027
165,30.38,27.792,8660040
165,30.38,28.5,8660041
165,30.38,29.209,8660042
165,30.38,29.918,8660043
165,30.38,30.627,8660044
165,30.38,31.335,8660045
165,30.38,32.044,8660046
165,30.38,35.118,8660092
165,30.38,35.826,8660093
165,30.38,36.535,8660094
165,30.38,37.244,8660095
165,4.825,41.173,8660110
165,4.825,41.882,8660100
165,4.825,42.591,8660400
165,4.825,43.3,8619470
165,4.825,44.008,8660120
165,4.825,44.717,8660121
165,4.825,45.426,8660130
165,4.825,46.135,8660131
165,4.825,46.843,8660096
165,4.768,47.552,8660.140
166,16.405,5.379,1199100
166,15.5,9.978,2433000
166,20.926,9.978,Pack of 4
166,25.051,9.696,Stainless steel 1.4301
166,15.5,11.272,2433500
166,20.926,11.272,Pack of 4
166,25.05,10.991,Stainless steel 1.4404
166,15.5,12.362,2503010
166,20.926,12.362,Pack of 4
166,15.5,13.248,2508010
166,20.926,13.248,Pack of 4
166,16.405,17.034,2383210
166,23.639,17.034,Pack of 4
166,16.405,17.92,2383250
166,23.639,17.92,Pack of 4
166,16.405,18.806,2383300
166,23.639,18.806,Pack of 4
166,16.405,19.692,2383350
166,23.639,19.692,Pack of 4
166,15.922,22.458,XAU2535990
166,23.639,22.458,Pack of 1
166,7.584,25.309,TS 8 Enclosures
166,16.401,27.886,8800500
166,23.637,27.886,Pack of 6
166,16.401,32.591,8700000
166,23.637,32.591,Pack of 6
166,16.401,33.477,8800490
166,23.636,33.477,Pack of 6
166,15.496,36.666,8800430
166,20.924,36.666,Pack of 4
166,14.412,41.623,8612040
166,17.498,41.623,Pack of 4
166,14.411,42.509,8612050
166,17.497,42.509,Pack of 4
166,14.411,43.395,8612060
166,17.497,43.395,Pack of 4
166,14.411,44.281,8612080
166,17.497,44.281,Pack of 4
166,14.41,45.167,8612140
166,17.496,45.167,Pack of 4
166,14.41,46.053,8612150
166,17.496,46.053,Pack of 4
166,14.409,46.939,8612160
166,17.495,46.939,Pack of 4
166,14.409,47.825,8612180
166,17.495,47.825,Pack of 4
167,1.876,19.752,RAL 7016
167,16.689,21.01,2500100
167,19.866,21.01,2500110
167,23.043,21.01,2500200
167,26.22,21.01,2500220
167,29.594,21.01,2500300
167,32.967,21.01,2500320
167,16.985,34.087,2-pole
167,20.162,34.087,2-pole
167,23.339,34.087,3-pole
167,26.516,34.087,2-pole
167,29.89,34.087,3-pole
167,33.263,34.087,2-pole
167,16.985,34.814,2-pole
167,20.162,34.814,2-pole
167,23.34,34.814,3-pole
167,26.517,34.814,2-pole
167,29.89,34.814,3-pole
167,33.264,34.814,2-pole
167,16.699,39.101,2373000
167,19.876,39.101,2373000
167,23.053,39.101,2373000
167,26.23,39.101,2373000
167,29.604,39.101,2373000
167,32.978,39.101,2373000
167,16.699,39.827,2500480
167,19.876,39.827,2500480
167,23.054,39.827,2500480
167,26.231,39.827,2500480
167,29.604,39.827,2500480
167,32.978,39.827,2500480
167,16.7,40.554,2500460
167,19.877,40.554,2500460
167,23.055,40.554,2500460
167,26.232,40.554,2500460
167,23.055,41.281,2500470
167,26.232,41.281,2500470
167,26.231,42.734,2500410
167,29.605,42.734,2500400
167,32.978,42.734,2500410
167,23.054,43.46,2500400
167,23.054,44.187,2500500
167,16.7,44.913,2500450
167,19.877,44.913,2500450
167,26.231,44.913,2500440
167,29.605,44.913,2500500
167,32.978,44.913,2500440
167,23.054,45.64,2500430
167,23.055,46.366,2500530
167,29.605,46.366,2500530
168,3.114,11.145,4140810
168,3.114,12.209,4140820
168,3.114,13.272,4140830
168,3.114,14.335,4140840
168,18.88,17.984,4315800
168,18.901,20.157,4315810
168,18.901,21.131,4315820
168,18.901,23.304,4315830
168,18.901,24.278,4315840
168,18.901,25.253,4315850
170,19.436,17.889,RAL 7035
170,2.11,30.891,6746000
170,20.379,30.891,8660002
170,24.43,30.891,8660031
170,28.48,30.891,8660022
170,32.531,30.891,8660041
170,2.11,31.777,6748000
170,20.379,31.777,8660003
170,24.43,31.777,8660031
170,28.48,31.777,8660023
170,32.531,31.777,8660041
170,2.11,32.663,6740000
170,20.38,32.663,8660005
170,24.43,32.663,8660031
170,28.481,32.663,8660024
170,32.531,32.663,8660041
170,2.11,33.549,6742000
170,20.38,33.549,8660007
170,24.431,33.549,8660031
170,28.481,33.549,8660025
170,32.532,33.549,8660041
170,3.52,36.977,6730800
170,3.52,37.863,2519020
170,3.52,38.749,8601450
170,3.52,39.634,2515200
170,3.52,40.52,2515400
170,56.641,19.316,NEMA 12
170,38.372,27.933,Stainless Steel 304
170,39.889,31.212,2683600
170,69.307,31.212,2865000
170,39.888,32.55,2684600
170,69.306,32.55,2869000
170,39.887,33.888,2685600
170,69.306,33.888,2867000
170,39.886,35.226,2686600
170,69.306,35.226,2870000
171,19.436,19.316,NEMA 12
171,1.167,27.933,Stainless Steel 304
171,2.684,31.212,2683600
171,32.103,31.212,2865000
171,2.683,32.55,2684600
171,32.102,32.55,2869000
171,2.682,33.888,2685600
171,32.101,33.888,2867000
171,2.682,35.226,2686600
171,32.101,35.226,2870000
173,19.436,21.993,NEMA 13
173,19.436,22.618,NEMA 3R
173,19.436,23.243,NEMA 4X
173,2.684,28.169,1681600
173,2.683,29.055,1682600
173,2.682,29.941,1683600
173,2.681,30.826,1684600
173,2.68,31.712000000000003,1686600
173,2.681,36.262,2410001
173,12.373,36.262,M12 x 1.5
173,2.681,37.148,2410011
173,12.373,37.148,M16 x 1.5
173,2.681,38.034,2410021
173,12.373,38.034,M20 x 1.5
173,2.681,38.92,2410031
173,12.373,38.92,M25 x 1.5
173,2.681,41.119,4000100
173,2.681,42.209,2459500
174,19.436,21.645,NEMA 13
174,19.436,22.27,NEMA 3R
174,19.436,22.895,NEMA 4X
174,31.883000000000003,27.495,PACK OF 1
174,2.684,28.909,1670600
174,32.103,28.909,1560800
174,2.683,29.996,1671600
174,32.102,29.996,1560800
174,2.683,31.083,1672600
174,32.101,31.083,1562800
174,2.682,32.17,1674600
174,32.1,32.17,1563800
174,2.681,33.257,1675600
174,32.099,33.257,1564800
174,2.68,34.344,1676600
174,32.098,34.344,1568800
174,2.347,37.872,4000100
175,19.436,21.993,IP 69K
175,19.436,23.42,NEMA 13
175,19.436,24.045,NEMA 4X
175,31.574,25.864,RAIL 4 PACK
175,2.21,26.689,1302600
175,2.21,27.421,1304600
175,2.21,28.153,1305600
175,2.209,28.885,1306600
175,2.209,29.616,1307600
175,2.208,30.348,1308600
175,31.97,30.348,5001050
175,2.208,31.08,1310600
175,31.969,31.08,5001050
175,2.207,31.812,1311600
175,31.969,31.812,5001050
175,2.207,32.543,1312600
175,31.968000000000004,32.543,5001050
175,2.206,33.275,1314600
175,2.206,34.007,1315600
175,31.967,34.007,5001050
175,2.206,34.738,1316600
175,31.967,34.738,5001052
175,2.206,35.47,1317600
175,31.967,35.47,5001053
175,2.206,36.202,1320600
175,2.205,36.934,1318600
175,31.967,36.934,5001052
175,2.205,37.665,1319600
175,31.967,37.665,5001053
175,2.347,40.761,4000100
175,2.347,41.493,4000065
175,2.347,42.225,4000110
175,2.347,42.956,4000080
176,19.436,19.316,IP 59K
176,16.229,30.481,PANELS 1 PAIR
176,24.247,30.763,PACK OF 1
176,32.302,31.044,1 PAIR WW
176,2.423,31.986,4000685
176,16.902,31.986,4000185
176,20.685,31.986,4000785
176,24.468,31.986,4000508
176,28.5,31.986,4000565
176,32.599,31.986,4000505
176,2.423,33.226,4000885
176,16.903,33.226,4000185
176,20.685,33.226,4000785
176,24.468,33.226,4000508
176,28.501,33.226,4000585
176,32.599,33.226,4000505
176,2.424,34.466,4000285
176,16.904,34.466,4000185
176,20.686,34.466,4000785
176,24.469,34.466,4000508
176,28.502,34.466,4000525
176,32.6,34.466,4000505
176,4.207,38.746,4000240
176,4.207,39.632,4000250
177,-17.769,19.316,IP 59K
177,-20.975,30.481,PANELS 1 PAIR
177,-12.958,30.763,PACK OF 1
177,-4.903,31.044,1 PAIR WW
177,-34.782,31.986,4000685
177,-20.303,31.986,4000185
177,-16.52,31.986,4000785
177,-12.737,31.986,4000508
177,-8.704,31.986,4000565
177,-4.606,31.986,4000505
177,-34.781,33.226,4000885
177,-20.302,33.226,4000185
177,-16.519,33.226,4000785
177,-12.736,33.226,4000508
177,-8.704,33.226,4000585
177,-4.606,33.226,4000505
177,-34.781,34.466,4000285
177,-20.301,34.466,4000185
177,-16.518,34.466,4000785
177,-12.736,34.466,4000508
177,-8.703,34.466,4000525
177,-4.605,34.466,4000505
177,-32.998,38.746,4000240
177,-32.998,39.632,4000250
177,19.436,24.67,IP 69K
177,3.665,28.059,4000075
177,2.347,31.841,4000100
177,2.347,32.904,4000110
179,19.436,17.827,RAL 7035
179,19.436,20.504,NEMA 4
179,3.665,28.907,9791015
179,3.666,31.033,9791025
179,3.667,33.16,9791035
179,3.668,35.286,9791045
179,5.961,39.599,2584000
179,5.961,40.663,3110000
179,5.961,41.726,3118000
180,1.876,17.89,Aluminium AlMg3
180,19.436,17.264,RAL 7035
180,19.436,20.118,NEMA 3R
180,3.665,29.158,9783530
180,31.124,29.158,9765092
180,3.665,30.221,9783610
180,31.124,30.221,9765095
180,3.666,31.285,9784540
180,31.124,31.285,9765191
181,1.876,25.296,RAL 7035
181,2.205,28.316,9781666
181,16.797,28.316,9781660
181,20.742,28.316,5051444
181,2.205,29.291,9781686
181,16.797,29.291,9781860
181,20.742,29.291,5051446
181,2.205,30.265,9781818
181,16.797,30.265,9781180
181,20.742,30.265,5051443
181,2.205,31.24,9781828
181,16.797,31.24,9781280
181,20.742,31.24,5051448
181,2.205,32.214,9781866
181,16.797,32.214,9781660
181,20.742,32.214,5051445
181,2.205,33.189,9781868
181,16.797,33.189,9781680
181,20.742,33.189,5051445
181,2.205,34.163,9781888
181,16.797,34.163,9781880
181,20.742,34.163,5051447
181,2.205,35.138,9782818
181,16.797,35.138,9781180
181,20.742,35.138,5051443
181,2.205,36.112,9782828
181,16.797,36.112,9781280
181,20.742,36.112,5051448
181,2.205,37.087,9782866
181,16.798,37.087,9781660
181,20.743,37.087,5051445
181,2.205,38.061,9782868
181,16.798,38.061,9781680
181,20.743,38.061,5051445
181,2.205,39.036,9782888
181,16.798,39.036,9781880
181,20.743,39.036,5051447
181,2.205,40.01,9783888
181,16.798,40.01,9781880
181,20.743,40.01,5051447
181,2.205,43.615,9828110
181,2.205,44.589,3185330
181,2.205,45.564,7827160
181,2.205,46.538,7827480
181,2.205,47.513,5050063
183,11.488,17.606,3321107
183,15.031,17.606,3322107
183,18.575,17.606,3323107
183,22.118,17.606,3324107
183,25.661,17.606,3325107
183,29.204,17.606,3326107
183,32.748,17.606,3327107
183,18.605,18.669,105/120
183,22.148,18.669,180/160
183,25.691,18.669,230/265
183,29.234,18.669,500/600
183,32.778,18.669,700/720
183,11.488,25.06,3321207
183,15.032,25.06,3322207
183,18.575,25.06,3323207
183,22.118,25.06,3325207
183,25.661,25.06,3325207
183,29.205,25.06,3326207
183,32.748,25.06,3326207
183,11.488,27.186,3237080
183,15.032,27.186,3238080
183,18.575,27.186,3239080
183,22.118,27.186,3240080
183,25.661,27.186,3240080
183,29.205,27.186,3243080
183,32.748,27.186,3243080
183,11.488,28.249,3321700
183,15.032,28.249,3322700
183,18.575,28.249,3171100
183,22.118,28.249,3172100
183,25.661,28.249,3172100
183,29.205,28.249,3173100
183,32.748,28.249,3173100
183,4.057,29.312,Pleated Filter PK5
183,18.575,29.312,3171120
183,22.118,29.312,3172120
183,25.661,29.312,3172129
183,29.205,29.312,3173120
183,32.748,29.312,3173120
183,4.027,30.376,Absorber mat PK5
183,18.575,30.376,3181135
183,22.118,30.376,3182135
183,25.661,30.376,3182135
183,29.205,30.376,3183135
183,32.748,30.376,3183135
183,11.488,31.439,3110000
183,15.032,31.439,3110000
183,18.575,31.439,3110000
183,22.118,31.439,3110000
183,25.661,31.439,3110000
183,29.205,31.439,3110000
183,32.748,31.439,3110000
184,1.876,20.567,IP54 with chopped-fi
184,1.876,21.817,IP56 with chopped-fi
184,1.774,25.435,3237700
184,4.862,25.435,3237300
184,33.063,25.435,0.1/0.09
184,1.774,26.41,3237710
184,4.862,26.41,3237300
184,32.927,26.41,0.14/0.13
184,1.774,27.384,3237724
184,4.863,27.384,3237300
184,1.774,28.359,3238700
184,4.862,28.359,3238300
184,33.063,28.359,0.1/0.12
184,1.774,29.333,3238710
184,4.862,29.333,3238300
184,33.063,29.333,0.2/0.21
184,1.773,30.308,3238724
184,4.862,30.308,3238300
184,1.773,31.282,3239700
184,4.861,31.282,3239300
184,9.551,31.282,100/115
184,15.905,31.282,110/125
184,33.063,31.282,0.1/0.12
184,1.773,32.257,3239710
184,4.861,32.257,3239300
184,9.551,32.257,100/115
184,15.905,32.257,110/125
184,33.063,32.257,0.2/0.21
184,1.773,33.232,3239724
184,4.861,33.232,3239300
184,1.773,34.206,3240700
184,4.861,34.206,3240300
184,9.551,34.206,175/157
184,15.904,34.206,218/191
184,33.062,34.206,0.2/0.21
184,1.773,35.181,3240710
184,4.861,35.181,3240300
184,9.551,35.181,175/157
184,15.904,35.181,218/191
184,32.925,35.181,0.41/0.42
184,1.773,36.155,3240724
184,4.861,36.155,3240300
184,1.773,37.13,3241700
184,4.861,37.13,3240300
184,9.551,37.13,225/245
184,15.904,37.13,272/280
184,32.925,37.13,0.27/0.32
184,1.773,38.104,3241710
184,4.861,38.104,3240300
184,9.551,38.104,225/245
184,15.905,38.104,272/280
184,33.063,38.104,0.54/0.6
184,1.773,39.079,3241724
184,4.861,39.079,3240300
184,1.773,40.053,3243700
184,4.861,40.053,3243300
184,9.551,40.053,540/590
184,15.905,40.053,625/716
184,32.926,40.053,0.39/0.47
184,1.773,41.028,3243710
184,4.862,41.028,3243300
184,9.552,41.028,540/590
184,15.905,41.028,625/716
184,33.063,41.028,0.81/0.9
184,1.773,42.002,3244700
184,4.862,42.002,3243300
184,9.552,42.002,700/770
184,15.905,42.002,867/910
184,32.926,42.002,0.51/0.68
184,1.774,42.977,3244710
184,4.862,42.977,3243300
184,9.552,42.977,700/770
184,15.906,42.977,867/910
184,32.927,42.977,1.06/1.47
184,1.774,43.951,3244740
184,4.863,43.951,3243300
184,9.553,43.951,700/770
184,15.906,43.951,867/910
184,29.952,43.951,400/460
184,32.927,43.951,0.22/0.28
185,1.876,21.192,IP54 with chopped-fi
185,19.436,17.265,IP56 with chopped-fi
185,1.775,24.873,3240900
185,4.863,24.873,3240300
185,29.972,24.873,100-240
185,1.775,25.847,3241900
185,4.863,25.847,3240300
185,29.972,25.847,100-240
185,1.775,26.822,3243900
185,4.863,26.822,3243300
185,29.972,26.822,100-240
185,1.775,27.796,3244900
185,4.863,27.796,3243300
185,29.972,27.796,100-240
185,1.775,28.771,3245900
185,4.863,28.771,3243300
185,29.972,28.771,200-240
185,1.7759999999999998,29.745,3245910
185,4.864,29.745,3243300
185,29.912,29.745,100 -130
186,1.876,19.942,IP54 with chopped-fi
186,1.876,20.567,IP56 with chopped-fi
186,1.775,23.715,3237800
186,4.863,23.715,3237400
186,33.065,23.715,0.1/0.09
186,1.775,24.69,3237810
186,4.863,24.69,3237400
186,32.928,24.69,0.14/0.13
186,1.7759999999999998,25.664,3238800
186,4.864,25.664,3238400
186,33.065,25.664,0.1/0.12
186,1.7759999999999998,26.639,3238810
186,4.864,26.639,3238400
186,33.065,26.639,0.2/0.21
186,1.7759999999999998,27.613,3238824
186,4.864,27.613,3238400
186,1.775,28.588,3239800
186,4.863,28.588,3239400
186,9.554,28.588,100/115
186,33.065,28.588,0.1/0.12
186,1.7759999999999998,29.562,3239810
186,4.864,29.562,3239400
186,9.554,29.562,100/115
186,33.066,29.562,0.2/0.21
186,1.7759999999999998,30.537,3239824
186,4.864,30.537,3239400
186,1.7759999999999998,31.512,3240800
186,4.864,31.512,3240400
186,9.555,31.512,175/157
186,33.066,31.512,0.2/0.21
186,1.777,32.486,3240810
186,4.865,32.486,3240400
186,9.555,32.486,175/157
186,32.93,32.486,0.41/0.42
186,1.778,33.461,3241800
186,4.866,33.461,3240400
186,9.556,33.461,225/245
186,32.931,33.461,0.27/0.32
186,1.779,34.435,3241810
186,4.867,34.435,3240400
186,9.557,34.435,225/245
186,33.069,34.435,0.54/0.6
186,1.779,35.41,3243800
186,4.867,35.41,3243400
186,9.558,35.41,540/590
186,32.932,35.41,0.39/0.47
186,1.7799999999999998,36.384,3243810
186,4.868,36.384,3243400
186,9.558,36.384,540/590
186,33.07,36.384,0.81/0.9
186,1.781,37.359,3244800
186,4.869,37.359,3243400
186,9.559,37.359,700/770
186,32.934,37.359,0.51/0.68
186,1.781,38.333,3244810
186,4.87,38.333,3243400
186,9.56,38.333,700/770
186,32.935,38.333,1.06/1.47
186,1.782,39.308,3245800
186,4.871,39.308,3243400
186,29.918,39.308,200- 240
186,1.783,40.282,3245810
186,4.871,40.282,3243400
186,29.857,40.282,100 - 130
186,56.641,19.942,NEMA 12
186,39.332,24.364,3138000
186,43.124,24.364,3243300
186,39.332,25.427,3139100
186,43.123,25.427,3243300
186,69.184,25.427,0.22 / 0.27
186,39.332,26.49,3139110
186,43.124,26.49,3243300
186,69.185,26.49,0.43 / 0.55
186,39.333,27.553,3140100
186,43.124,27.553,3243300
186,69.185,27.553,0.43 / 0.56
186,39.333,28.617,3140110
186,43.125,28.617,3243300
186,69.186,28.617,0.88 / 1.17
186,39.334,29.795,3140140
186,43.125,29.795,3243300
186,69.186,29.795,0.17 / 0.19
186,39.305,33.453,3140500
186,43.102,33.453,3243300
186,39.305,34.632,3140510
186,43.102,34.632,3243300
187,19.436,19.942,NEMA 12
187,2.128,24.364,3138000
187,5.919,24.364,3243300
187,2.127,25.427,3139100
187,5.918,25.427,3243300
187,31.979,25.427,0.22 / 0.27
187,2.128,26.49,3139110
187,5.919,26.49,3243300
187,31.979,26.49,0.43 / 0.55
187,2.128,27.553,3140100
187,5.919,27.553,3243300
187,31.979,27.553,0.43 / 0.56
187,2.128,28.617,3140110
187,5.919,28.617,3243300
187,31.979,28.617,0.88 / 1.17
187,2.128,29.795,3140140
187,5.919,29.795,3243300
187,31.979,29.795,0.17 / 0.19
187,2.098,33.453,3140500
187,5.896,33.453,3243300
187,2.098,34.631,3140510
187,5.896,34.631,3243300
188,2.152,24.874,3302100
188,10.465,24.874,3302200
188,2.152,26.026,3302110
188,10.465,26.026,3302210
188,6.153,27.178,3303500
188,14.776,27.178,3303600
188,6.152,28.329,3303510
188,14.775,28.329,3303610
188,6.152,29.481,3361500
188,14.775,29.481,3361600
188,6.151,30.633,3361510
188,14.774,30.633,3361610
188,6.151,31.784,3361540
188,14.774,31.784,3361640
188,6.15,32.936,3304500
188,14.774,32.936,3304600
188,6.15,34.088,3304510
188,14.773,34.088,3304610
188,6.149,35.24,3304540
188,14.773,35.24,3304640
188,32.293,35.24,400/460
188,6.149,36.391,3305500
188,14.772,36.391,3305600
188,6.149,37.543,3305510
188,14.772,37.543,3305610
188,6.148,38.695,3305540
188,14.771,38.695,3305640
188,32.292,38.695,400/460
188,6.148,39.847,3328500
188,14.771,39.847,3328600
188,6.147,40.998,3328510
188,14.77,40.998,3328610
188,6.147,42.15,3328540
188,14.77,42.15,3328640
188,32.29,42.15,400/460
188,6.146,43.302,3329500
188,14.769,43.302,3329600
188,6.146,44.453,3329510
188,14.769,44.453,3329610
188,6.145,45.605,3329540
188,14.768,45.605,3329640
188,32.289,45.605,400/460
188,6.145,46.757,3332540
188,14.768,46.757,3332640
188,32.288,46.757,400/460
189,2.684,27.255,3185830
189,7.587,27.255,3185530
189,2.684,28.85,3186930
189,7.587,28.85,3186630
189,2.684,30.445,3187930
189,7.587,30.445,3187630
189,2.684,32.039,3188940
189,7.587,32.039,3188640
189,2.684,33.634,3189940
189,7.587,33.634,3189640
190,1.876,19.942,IP54 with chopped-fi
190,1.876,20.567,IP56 with chopped-fi
190,2.684,28.112,3178800
190,27.126,28.112,110 - 240
190,2.683,29.352,3178801
190,27.125,29.352,110 - 240
190,2.682,30.592,3179800
190,27.125,30.592,110 - 240
190,2.681,31.833,3179801
190,27.124,31.833,110 - 240
190,2.681,33.073,3180800
190,27.123,33.073,110 - 240
190,2.68,34.313,3184800
190,27.123,34.313,110 - 240
190,2.679,35.553,3184840
190,27.122,35.553,380 - 480
191,1.876,19.942,IP54 without mounti
191,1.876,20.567,IP56 with mounti
191,2.767,28.005,3185330
191,2.767,29.6,3186330
191,2.767,31.195,3187330
191,2.767,32.789,3188340
191,2.767,34.384,3189340
192,2.504,25.92,3303508
192,2.503,27.337,3303518
192,2.502,28.755,3304508
192,2.502,30.172,3304518
192,2.502,31.590000000000003,3304548
192,2.502,33.007,3305508
192,2.502,34.425,3305518
192,2.502,35.842,3305548
192,2.502,37.26,3329508
192,2.502,38.677,3329518
192,2.502,40.095,3329548
192,5.953,44.052,4127010
192,5.815,45.116,31241001
192,5.953,46.179,3118000
193,1.876,21.192,NEMA 4X
193,3.092,25.856,3303504
193,31.377,25.856,230 - 50/60
193,3.092,27.096,3303514
193,31.759,27.096,115 - 60
193,3.093,28.336,3304504
193,31.377,28.336,230 - 50/60
193,3.092,29.577,3304514
193,31.376,29.577,115 - 50/60
193,3.092,30.817,3304544
193,3.091,32.057,3305504
193,31.375,32.057,230 - 50/60
193,3.09,33.298,3305514
193,31.375,33.298,115 - 50/60
193,3.09,34.538,3305544
193,3.089,35.778,3328504
193,31.373,35.778,230 - 50/60
193,3.088,37.019,3328514
193,31.373,37.019,115 - 50/60
193,3.088,38.259,3328544
193,3.087,39.499,3329504
193,31.371,39.499,230 - 50/60
193,3.086,40.74,3329514
193,31.371,40.74,115 - 50/60
193,3.086,41.98,3329544
194,2.684,29.489,3382500
194,7.587,29.489,3382600
194,2.683,30.552,3382510
194,7.586,30.552,3382610
194,2.682,31.615,3273500
194,2.682,32.678,3359500
194,7.586,32.678,3359600
194,2.681,33.741,3359510
194,7.585,33.741,3359610
194,2.681,34.804,3359540
194,7.584,34.804,3359640
194,2.68,35.868,3383500
194,7.583,35.868,3383600
194,2.679,36.931,3383510
194,7.582,36.931,3383610
194,2.679,37.994,3383540
194,7.582,37.994,3383640
194,2.678,39.057,3384500
194,7.581,39.057,3384600
194,2.678,40.12,3384510
194,7.581,40.12,3384610
194,2.677,41.183,3384540
194,7.58,41.183,3384640
194,2.677,42.246,3385500
194,7.58,42.246,3385600
194,2.676,43.309,3385510
194,7.579,43.309,3385610
194,2.676,44.373,3385540
194,7.579,44.373,3385640
194,2.675,45.436,3386540
194,7.579,45.436,3386640
194,32.125,45.436,400/460
194,2.675,46.499,3387540
194,7.578,46.499,3387640
194,32.124,46.499,400/460
194,2.674,48.652,3185730
195,1.876,19.317,RAL 7035
195,2.343,24.645,3126100
195,2.343,25.708,3127100
195,2.344,26.771,3128100
195,2.344,27.835,3129100
195,2.345,28.898,3130100
195,2.345,29.961,3248000
196,1.876,20.567,RAL 7035
196,22.826,23.468,OUTPUT L35 W10
196,22.493,25.238,200 L/H
196,25.051,25.238,400 L/H
196,1.637,26.567,3212024
196,1.637,27.453,3212230
196,1.637,28.339,3363100
196,1.636,29.225,3363500
196,1.636,30.111,3214100
196,1.636,30.997,3364504
196,1.635,31.883000000000003,3364100
196,1.635,32.769,3364500
196,1.635,33.655,3215100
196,1.635,34.54,3373100
196,1.634,35.426,3373500
196,1.634,36.312,3374504
196,1.634,37.198,3374100
196,1.634,38.084,3374500
196,1.634,38.97,3375504
196,1.634,39.856,3375100
196,1.634,40.742,3375500
196,1.635,41.628,3216480
196,1.635,42.514,3214700
196,1.635,43.4,3215700
196,1.635,44.286,3209504
196,1.635,45.172,3209100
196,1.634,46.058,3209500
196,1.634,46.944,3210504
196,1.634,47.83,3210100
197,24.097,17.89,cient IE3 motors
197,2.594,25.333,3320200
197,2.594,27.042,3334300
197,2.594,28.752,3334400
198,3.002,25.059,3105310
198,9.999,25.059,8 - 10
198,3.002,26.122,3105320
198,9.862,26.122,18 - 20
198,3.002,27.185,3105330
198,9.861,27.185,23 - 30
198,3.001,28.248,3105340
198,9.861,28.248,49 - 50
198,3.001,29.311,3105350
198,9.86,29.311,63 - 75
198,3.0,30.374,3105360
198,9.723,30.374,86 - 100
198,3.0,31.437,3105370
198,9.586,31.437,130 - 150
198,3.002,35.924,3105410
198,3.002,36.987,3105380
198,3.002,38.05,3105420
198,3.002,39.114,3105390
198,3.002,40.177,3105430
198,3.003,41.24,3105400
199,-34.203,25.059,3105310
199,-27.206,25.059,8 - 10
199,-34.203,26.122,3105320
199,-27.343,26.122,18 - 20
199,-34.203,27.185,3105330
199,-27.343,27.185,23 - 30
199,-34.204,28.248,3105340
199,-27.344,28.248,49 - 50
199,-34.204,29.311,3105350
199,-27.344,29.311,63 - 75
199,-34.205,30.374,3105360
199,-27.482,30.374,86 - 100
199,-34.205,31.437,3105370
199,-27.619,31.437,130 - 150
199,-34.203,35.924,3105410
199,-34.203,36.987,3105380
199,-34.203,38.05,3105420
199,-34.203,39.114,3105390
199,-34.203,40.177,3105430
199,-34.202,41.24,3105400
199,10.899,4.826,3286110
199,18.221,4.826,3302300/ 3302310
199,10.899,5.712,3286300
199,17.819,5.712,3302.../ 3303.../ 3361...
199,10.899,6.802,3286400
199,17.711,6.521,3304.../ 3305.../ 3328.../
199,17.819,7.083,3329.../ 3332.../ 3366...
199,10.899,8.096,3286500
199,17.711,7.814999999999999,3273.../ 3382.../ 3383.../
199,17.819,8.378,3384.../ 3385.../ 3359...
199,10.899,9.186,3286600
199,18.705,9.186,3386.../ 3387...
199,10.899,10.072,3253010
199,19.591,10.072,3377...
199,10.899,10.958,3285900
199,10.899,14.386,3286120
199,18.315,14.386,3302300/ 3302310
199,10.899,15.432,3286310
199,18.798,15.713,3303.../ 3361...
199,10.899,16.638,3286410
199,17.805,16.357,3304.../ 3305.../ 3328.../
199,17.911,16.919,3329.../ 3332.../ 3366...
199,10.899,17.843,3286510
199,17.804,17.562,3273.../ 3382.../ 3383.../
199,17.911,18.125,3384.../ 3385.../ 3359...
199,10.898,18.889,3286610
199,18.797,18.889,3386.../ 3387...
199,10.898,19.775,3285910
199,10.898,20.661,3285910
199,28.272,23.644,DIN EN 779
199,10.899,24.409,3321700
199,19.618,24.409,3237...
199,10.899,25.295,3322700
199,19.618,25.295,3238...
199,10.899,26.18,3171100
199,19.618,26.18,3239...
199,10.899,27.066,3172100
199,18.732,27.066,3240.../ 3241...
199,10.899,27.952,3173100
199,18.732,27.952,3243.../ 3244...
199,10.899,28.838,3174100
199,17.79,28.838,3138.../ 3139..../ 3140...
199,23.189,31.821,DIN EN 779
199,28.382,31.821,IEC 60 529
199,10.9,32.586,3171120
199,10.9,33.472,3172120
199,10.9,34.358,3173120
199,16.863,34.358,3240.../ 3241
199,10.9,35.244,3174120
199,10.9,36.13,3181125
199,10.9,37.015,3182125
199,10.9,37.901,3183125
199,10.901,38.787,3238025
199,10.901,39.673,3285700
199,16.097,39.673,3185.030/ 3185.730
199,10.901,40.559,3285940
199,14.913,40.559,3320.200/ 3334.300/ 3334.400
199,10.901,41.445,3322720
199,10.899,44.872,3238035
199,18.151,44.872,3238.3xx / 3238.7xx
199,10.899,45.758,3181135
199,18.151,45.758,3239.3xx / 3239.7xx
199,10.9,46.644,3182135
199,10.9,47.53,3183135
199,10.9,48.416,3174100
199,17.79,48.416,3138.../ 3139..../ 3140...
200,4.01,8.467,3124300
200,4.011,14.417,3237080
200,10.367,14.417,3237...
200,4.012,15.48,3238080
200,10.367,15.48,3238...
200,4.012,16.544,3239080
200,10.368,16.544,3239...
200,4.013,17.607,3240080
200,9.482,17.607,3240.../ 3241...
200,4.013,18.67,3243080
200,9.482,18.67,3243.../ 3244...
200,4.013,19.733,3245080
200,10.368,19.733,3245...
200,3.99,23.515,3110000
200,3.99,24.578,3118000
200,3.97,28.476,3286870
200,3.97,29.654,3286970
200,13.015,29.654,3386.../  3387...
200,3.97,33.437,2541235
200,3.97,34.5,2542235
200,3.97,35.564,2543235
200,3.068,36.627,XAURWB504 S/S
202,29.654,9.494,on 1-4b
202,20.521,29.968,orm TS 8
202,15.644,34.448,ons Form 2b
202,14.676,35.224,Accessories for Ri4Power
202,1.184,1.6760000000000002,RI4POWER
203,20.956,6.199,9340000
203,25.263,6.199,9342000
203,20.956,6.931,9340004
203,25.263,6.931,9342004
203,20.957,7.662000000000001,9340070
203,25.263,7.662000000000001,9342070
203,20.957,8.394,9340074
203,25.264,8.394,9342074
203,20.957,9.126,9340130
203,25.264,9.126,9342130
203,20.957,9.858,9340134
203,25.264,9.858,9342134
203,20.957,10.871,9340210
203,25.264,10.871,9340210
203,20.957,12.165,9340214
203,25.264,12.165,9340214
203,20.957,13.178,9340220
203,25.264,13.178,9340220
203,20.958,13.909,9340224
203,25.265,13.909,9340224
203,25.244,17.664,9675240
203,25.244,18.505,9675242
203,25.245,19.346,3516000
203,25.244,20.188,3092000
203,25.244,21.029,3085000
203,25.244,24.839,9342200
203,25.243,25.681,9342210
203,25.243,26.748,9342240
203,25.242,28.043,9342270
203,25.242,29.337,3439010
203,25.241,30.631,9342280
203,25.241,31.925,9342314
203,25.24,33.219,9342320
203,25.24,34.232,9342324
203,25.243,37.932,9342410
203,25.243,38.664,9342550
203,25.243,39.395,9342510
203,25.243,40.127,9345610
203,25.243,40.859,9345730
203,25.243,41.591,9345710
204,32.415,5.35,9340760
204,32.415,6.644,9340320
204,32.415,7.938000000000001,9340770
204,32.415,9.233,9340470
204,32.415,10.527,9340730
204,32.415,11.821,9340710
204,32.415,13.115,9340450
204,32.415,14.41,9340700
204,30.492,18.308,9340280
204,30.492,19.371,9340290
204,30.492,20.434,9342640
204,30.492,21.497,9342570
204,32.775,25.422,3456505
204,32.775,26.485,3568005
204,32.775,27.548,3571005
204,32.775,28.611,3572005
204,32.775,29.674,3574005
204,32.775,30.737,3578005
204,32.775,32.863,3079000
204,32.775,34.042,9340040
206,27.79,38.345,numeral 7.
206,41.366,10.787,NEMA 1
206,41.366,11.924,NEMA 2
206,41.366,13.448,NEMA 3
206,41.366,15.441,NEMA 3R
206,41.366,17.323,NEMA 3S
206,41.366,19.272,NEMA 4
206,41.366,21.509,NEMA 4X
206,41.366,23.634,NEMA 5
206,41.366,25.893,NEMA 6
206,41.366,28.661,NEMA 6P
206,41.366,31.075,NEMA 12
206,41.366,33.024,NEMA 13
207,4.161,10.787,NEMA 1
207,4.161,11.924,NEMA 2
207,4.161,13.448,NEMA 3
207,4.161,15.441,NEMA 3R
207,4.161,17.323,NEMA 3S
207,4.161,19.272,NEMA 4
207,4.161,21.509,NEMA 4X
207,4.161,23.634,NEMA 5
207,4.161,25.893,NEMA 6
207,4.161,28.661,NEMA 6P
207,4.161,31.075,NEMA 12
207,4.161,33.024,NEMA 13
208,52.144,40.626,2-pole
208,55.156,40.626,3-pole
208,58.168,40.626,4-pole
208,61.18,40.626,5-pole
208,64.075,40.626,10-pole
208,67.087,40.626,20-pole
208,70.099,40.626,50-pole
208,51.386,41.616,1985410000
208,54.398,41.616,1985480000
208,57.41,41.616,1985490000
208,60.422,41.616,1985500000
208,63.434,41.616,1985580000
208,66.446,41.616,1985600000
208,69.458,41.616,1985620000
208,51.388,42.236,1985650000
208,54.4,42.236,1985670000
208,57.412,42.236,1985690000
208,60.424,42.236,1985710000
208,63.436,42.236,1985800000
208,66.448,42.236,1985810000
208,69.46,42.236,1985590000
208,51.389,42.856,1985530000
208,54.401,42.856,1985550000
208,57.413,42.856,1985570000
208,60.425,42.856,1985590000
208,63.437,42.856,1985680000
208,66.449,42.856,1985700000
208,69.461,42.856,1985720000
208,51.39,43.476,1527540000
208,54.402,43.476,1527570000
208,57.414,43.476,1527590000
208,60.426,43.476,1527620000
208,63.438,43.476,1527690000
208,66.45,43.476,1527720000
208,69.462,43.476,1527730000
208,51.391,44.096,2108470000
208,54.403,44.096,2108690000
208,57.415,44.096,2108700000
208,60.427,44.096,2108710000
208,63.439,44.096,2108910000
208,66.451,44.096,2108920000
208,69.463,44.096,2109000000
208,51.392,44.716,1527740000
208,54.404,44.716,1527770000
208,57.416,44.716,1527780000
208,60.428,44.716,1527790000
208,63.44,44.716,1527880000
208,66.452,44.716,1527890000
208,69.464,44.716,1527920000
208,51.393,45.336,1527930000
208,54.405,45.336,1527940000
208,57.417,45.336,1527970000
208,60.429,45.336,1527980000
208,63.441,45.336,1528090000
208,66.453,45.336,2883800000
208,69.465,45.336,1528130000
208,51.395,45.956,2460450000
208,54.407,45.956,2460810000
208,57.419,45.956,2460800000
208,60.431,45.956,2460790000
208,63.443,45.956,2460740000
208,66.455,45.956,2810860000
208,69.467,45.956,2460730000
208,51.396,46.576,1528040000
208,54.408,46.576,1528080000
208,57.42,46.576,1528120000
208,60.432,46.576,1528140000
208,63.444,46.576,1528230000
208,66.456,46.576,2810850000
208,69.468,46.576,1528240000
208,51.397,47.196,1985740000
208,54.409,47.196,1985760000
208,57.421,47.196,1985780000
208,63.444,47.196,2733970000
208,51.397,47.816,2497250000
208,51.397,48.436,2497290000
208,51.397,49.056,2634950000
208,50.692,37.394,A2C 2.5
208,54.541,37.394,1521900000
208,57.553,37.394,1521970000
208,60.565,37.394,1521880000
208,63.577,37.394,1521980000
208,66.589,37.394,1521930000
208,69.601,37.394,1521940000
208,54.542,38.634,2051220000
208,57.554,38.634,2051290000
208,60.566,38.634,2051210000
208,63.578,38.634,2051310000
208,66.59,38.634,2051230000
208,69.602,38.634,2051250000
208,56.339,9.582,A2C 1.5
208,61.196,9.582,1552790000
208,64.03,9.582,1552820000
208,66.865,9.582,1552680000
208,69.699,9.582,1552600000
208,56.339,10.207,A3C 1.5
208,61.195,10.207,1552740000
208,64.03,10.207,1552770000
208,66.864,10.207,1552670000
208,69.699,10.207,1552620000
208,56.338,10.827,A4C 1.5
208,61.195,10.827,1552690000
208,64.029,10.827,1552700000
208,66.864,10.827,1552660000
208,69.698,10.827,1552640000
208,56.338,11.447,A2T 1.5
208,61.194,11.447,2469370000
208,64.029,11.447,2471430000
208,66.863,11.447,2469410000
208,69.698,11.447,2469420000
208,56.337,12.067,A3T 1.5
208,61.194,12.067,2816930000
208,64.028,12.067,2816940000
208,66.863,12.067,2818000000
208,69.697,12.067,2816950000
208,56.336,12.687,A2C 2.5
208,61.193,12.687,1521850000
208,64.027,12.687,1521880000
208,66.862,12.687,1521680000
208,69.696,12.687,1514400000
208,56.336,13.307,A3C 2.5
208,61.192,13.307,1521740000
208,64.027,13.307,1521780000
208,66.861,13.307,1521670000
208,69.696,13.307,1521510000
208,56.335,13.927,A4C 2.5
208,61.192,13.927,1521690000
208,64.026,13.927,1521700000
208,66.861,13.927,1521540000
208,69.695,13.927,1521530000
208,56.335,14.547,A2T 2.5
208,61.191,14.547,1547610000
208,64.026,14.547,1547620000
208,66.86,14.547,1547680000
208,69.695,14.547,1547690000
208,56.334,15.167,A3T 2.5
208,61.191,15.167,2428510000
208,64.025,15.167,2428520000
208,66.86,15.167,2428550000
208,69.694,15.167,2428560000
208,61.19,15.787,2051180000
208,64.025,15.787,2051210000
208,66.859,15.787,2051360000
208,69.694,15.787,2051680000
208,61.19,16.407,2051240000
208,64.024,16.407,2051280000
208,66.859,16.407,2051410000
208,69.693,16.407,2051720000
208,61.189,17.027,2051500000
208,64.024,17.027,2051520000
208,66.858,17.027,2051560000
208,69.693,17.027,2051900000
208,61.189,17.647,2539970000
208,64.023,17.647,2540040000
208,66.858,17.647,2539990000
208,69.692,17.647,2540000000
208,61.188,18.267,1992110000
208,64.023,18.267,1991790000
208,66.857,18.267,1991810000
208,69.692,18.267,1991970000
208,41.88,20.871,A2T DT/DT
208,61.188,18.887,1991820000
208,64.022,18.887,1991830000
208,66.857,18.887,1991850000
208,69.691,18.887,1991940000
208,56.33,19.507,A2C 10
208,61.187,19.507,2490360000
208,64.021,19.507,2490370000
208,66.856,19.507,2490440000
208,69.69,19.507,2490380000
208,56.33,20.127,A3C 10
208,61.186,20.127,2490520000
208,64.021,20.127,2490510000
208,66.855,20.127,2490590000
208,69.69,20.127,2490530000
208,56.329,20.747,A2C 16
208,61.185,20.747,2494000000
208,64.02,20.747,2494100000
208,66.854,20.747,2494010000
208,69.689,20.747,2490380000
208,56.328,21.367,A3C 16
208,61.185,21.367,2494090000
208,64.019,21.367,2494080000
208,66.854,21.367,2494020000
208,69.688,21.367,2490530000
208,56.327,21.987,ADT 1.5 2C
208,61.184,21.987,2918260000
208,69.688,21.987,1552620000
208,56.327,22.607,ADT 1.5 3C
208,61.184,22.607,2918270000
208,69.688,22.607,2918290000
208,41.681,25.212,A2T DT-FT-PE
208,56.327,23.228,ADT 2.5 2C
208,61.184,23.228,1989800000
208,64.018,23.228,1989810000
208,69.688,23.228,1521530000
208,56.327,23.848,ADT 2.5 3C
208,61.184,23.848,1989830000
208,64.018,23.848,1989840000
208,69.688,23.848,1989970000
208,56.327,24.468,ADT 2.5 4C
208,61.184,24.468,1989860000
208,64.018,24.468,1989870000
208,69.688,24.468,1989980000
208,56.327,25.088,A2T 2.5 DT/DT
208,61.184,25.088,2744110000
208,64.018,25.088,2744120000
208,69.688,25.088,2744150000
208,56.327,25.708,ADT 4 2C
208,61.184,25.708,2429850000
208,64.018,25.708,2429880000
208,69.688,25.708,2051720000
208,56.327,26.328,A2T 4 DT-FT
208,61.184,26.328,2831520000
208,69.688,26.638,2817060000
208,56.327,26.948,A2T 4 DT-FT-PE
208,61.184,26.948,2831530000
208,44.586,29.547,A2T FS-FT-PE
208,61.183,27.568,2429860000
208,69.687,28.188,2486640000
208,61.183,28.188,2429870000
208,61.183,28.808,2434390000
208,61.184,29.428,2816960000
208,69.688,29.738,2817060000
208,61.184,30.048,2817010000
208,56.327,30.668,A2C 35
208,61.183,30.668,2551510000
208,64.018,30.668,2552090000
208,66.852,30.668,2551520000
208,56.326,31.288,A2C 35 3FT-N
208,61.183,31.288,2552130000
208,56.34,31.862,A2C 35 3FT-N-PE
208,61.197,31.862,2551540000
208,56.34,32.434,A2C 50/70
208,61.197,32.434,2663250000
208,64.031,32.434,2663260000
208,66.866,32.434,2663280000
208,56.34,33.054,A2C 50/70 3FT-N
208,61.196,33.054,2663300000
208,50.563,33.984,95/120
208,56.34,33.674,A2C 95/120
208,61.196,33.674,2694060000
208,64.031,33.674,2694070000
208,66.865,33.674,2694090000
208,56.339,34.294,A2C 95/120 3FT-N
208,61.196,34.294,2694120000
209,14.94,40.626,2-pole
209,17.952,40.626,3-pole
209,20.964,40.626,4-pole
209,23.976,40.626,5-pole
209,26.871,40.626,10-pole
209,29.883,40.626,20-pole
209,32.895,40.626,50-pole
209,14.18,41.617,1985410000
209,17.192,41.617,1985480000
209,20.204,41.617,1985490000
209,23.216,41.617,1985500000
209,26.228,41.617,1985580000
209,29.24,41.617,1985600000
209,32.252,41.617,1985620000
209,14.182,42.237,1985650000
209,17.194,42.237,1985670000
209,20.206,42.237,1985690000
209,23.218,42.237,1985710000
209,26.23,42.237,1985800000
209,29.242,42.237,1985810000
209,32.254,42.237,1985590000
209,14.183,42.857,1985530000
209,17.195,42.857,1985550000
209,20.207,42.857,1985570000
209,23.219,42.857,1985590000
209,26.231,42.857,1985680000
209,29.243,42.857,1985700000
209,32.255,42.857,1985720000
209,14.184,43.477,1527540000
209,17.196,43.477,1527570000
209,20.208,43.477,1527590000
209,23.22,43.477,1527620000
209,26.232,43.477,1527690000
209,29.244,43.477,1527720000
209,32.256,43.477,1527730000
209,14.181,44.097,2108470000
209,17.193,44.097,2108690000
209,20.205,44.097,2108700000
209,23.217,44.097,2108710000
209,26.229,44.097,2108910000
209,29.241,44.097,2108920000
209,32.253,44.097,2109000000
209,14.182,44.717,1527740000
209,17.194,44.717,1527770000
209,20.206,44.717,1527780000
209,23.218,44.717,1527790000
209,26.23,44.717,1527880000
209,29.242,44.717,1527890000
209,32.254,44.717,1527920000
209,14.183,45.337,1527930000
209,17.195,45.337,1527940000
209,20.207,45.337,1527970000
209,23.219,45.337,1527980000
209,26.231,45.337,1528090000
209,29.243,45.337,2883800000
209,32.255,45.337,1528130000
209,14.184,45.957,2460450000
209,17.196,45.957,2460810000
209,20.208,45.957,2460800000
209,23.22,45.957,2460790000
209,26.232,45.957,2460740000
209,29.244,45.957,2810860000
209,32.256,45.957,2460730000
209,14.181,46.577,1528040000
209,17.193,46.577,1528080000
209,20.205,46.577,1528120000
209,23.217,46.577,1528140000
209,26.229,46.577,1528230000
209,29.241,46.577,2810850000
209,32.253,46.577,1528240000
209,14.182,47.197,1985740000
209,17.194,47.197,1985760000
209,20.206,47.197,1985780000
209,26.229,47.197,2733970000
209,14.182,47.817,2497250000
209,14.182,48.437,2497290000
209,14.182,49.057,2634950000
209,13.487,37.394,A2C 2.5
209,17.336,37.394,1521900000
209,20.348,37.394,1521970000
209,23.36,37.394,1521880000
209,26.372,37.394,1521980000
209,29.384,37.394,1521930000
209,32.396,37.394,1521940000
209,17.337,38.634,2051220000
209,20.349,38.634,2051290000
209,23.361,38.634,2051210000
209,26.373,38.634,2051310000
209,29.385,38.634,2051230000
209,32.397,38.634,2051250000
209,19.135,9.582,A2C 1.5
209,23.991,9.582,1552790000
209,26.826,9.582,1552820000
209,29.66,9.582,1552680000
209,32.495,9.582,1552600000
209,19.135,10.206,A3C 1.5
209,23.992,10.206,1552740000
209,26.826,10.206,1552770000
209,29.661,10.206,1552670000
209,32.495,10.206,1552620000
209,19.135,10.826,A4C 1.5
209,23.991,10.826,1552690000
209,26.826,10.826,1552700000
209,29.66,10.826,1552660000
209,32.495,10.826,1552640000
209,19.134,11.446,A2T 1.5
209,23.991,11.446,2469370000
209,26.825,11.446,2471430000
209,29.66,11.446,2469410000
209,32.494,11.446,2469420000
209,19.134,12.066,A3T 1.5
209,23.99,12.066,2816930000
209,26.825,12.066,2816940000
209,29.659,12.066,2818000000
209,32.494,12.066,2816950000
209,19.133,12.686,A2C 2.5
209,23.989,12.686,1521850000
209,26.824,12.686,1521880000
209,29.658,12.686,1521680000
209,32.493,12.686,1514400000
209,19.132,13.306,A3C 2.5
209,23.989,13.306,1521740000
209,26.823,13.306,1521780000
209,29.658,13.306,1521670000
209,32.492,13.306,1521510000
209,19.132,13.926,A4C 2.5
209,23.988,13.926,1521690000
209,26.823,13.926,1521700000
209,29.657,13.926,1521540000
209,32.492,13.926,1521530000
209,19.135,14.547,A2T 2.5
209,23.992,14.547,1547610000
209,26.826,14.547,1547620000
209,29.661,14.547,1547680000
209,32.495,14.547,1547690000
209,19.135,15.167,A3T 2.5
209,23.991,15.167,2428510000
209,26.826,15.167,2428520000
209,29.66,15.167,2428550000
209,32.495,15.167,2428560000
209,23.991,15.787,2051180000
209,26.825,15.787,2051210000
209,29.66,15.787,2051360000
209,32.494,15.787,2051680000
209,23.99,16.407,2051240000
209,26.825,16.407,2051280000
209,29.659,16.407,2051410000
209,32.494,16.407,2051720000
209,23.99,17.027,2051500000
209,26.824,17.027,2051520000
209,29.659,17.027,2051560000
209,32.493,17.027,2051900000
209,23.989,17.647,2539970000
209,26.824,17.647,2540040000
209,29.658,17.647,2539990000
209,32.493,17.647,2540000000
209,23.989,18.267,1992110000
209,26.823,18.267,1991790000
209,29.658,18.267,1991810000
209,32.492,18.267,1991970000
209,4.684,20.872,A2T DT/DT
209,23.992,18.887,1991820000
209,26.826,18.887,1991830000
209,29.661,18.887,1991850000
209,32.495,18.887,1991940000
209,19.134,19.507,A2C 10
209,23.991,19.507,2490360000
209,26.825,19.507,2490370000
209,29.66,19.507,2490440000
209,32.494,19.507,2490380000
209,19.134,20.127,A3C 10
209,23.99,20.127,2490520000
209,26.825,20.127,2490510000
209,29.659,20.127,2490590000
209,32.494,20.127,2490530000
209,19.133,20.747,A2C 16
209,23.989,20.747,2494000000
209,26.824,20.747,2494100000
209,29.658,20.747,2494010000
209,32.493,20.747,2490380000
209,19.132,21.367,A3C 16
209,23.989,21.367,2494090000
209,26.823,21.367,2494080000
209,29.658,21.367,2494020000
209,32.492,21.367,2490530000
209,19.131,21.988,ADT 1.5 2C
209,23.988,21.988,2918260000
209,32.492,21.988,1552620000
209,19.131,22.608,ADT 1.5 3C
209,23.988,22.608,2918270000
209,32.492,22.608,2918290000
209,4.489,25.212,A2T DT-FT-PE
209,19.135,23.228,ADT 2.5 2C
209,23.992,23.228,1989800000
209,26.826,23.228,1989810000
209,32.496,23.228,1521530000
209,19.135,23.848,ADT 2.5 3C
209,23.992,23.848,1989830000
209,26.826,23.848,1989840000
209,32.496,23.848,1989970000
209,19.135,24.468,ADT 2.5 4C
209,23.992,24.468,1989860000
209,26.826,24.468,1989870000
209,32.496,24.468,1989980000
209,19.135,25.088,A2T 2.5 DT/DT
209,23.992,25.088,2744110000
209,26.826,25.088,2744120000
209,32.496,25.088,2744150000
209,19.135,25.708,ADT 4 2C
209,23.992,25.708,2429850000
209,26.826,25.708,2429880000
209,32.496,25.708,2051720000
209,19.135,26.328,A2T 4 DT-FT
209,23.992,26.328,2831520000
209,32.496,26.638,2817060000
209,19.135,26.948,A2T 4 DT-FT-PE
209,23.992,26.948,2831530000
209,7.395,29.548,A2T FS-FT-PE
209,23.992,27.569,2429860000
209,32.496,28.189,2486640000
209,23.992,28.189,2429870000
209,23.992,28.809,2434390000
209,23.992,29.429,2816960000
209,32.496,29.739,2817060000
209,23.992,30.049,2817010000
209,19.135,30.669,A2C 35
209,23.992,30.669,2551510000
209,26.826,30.669,2552090000
209,29.661,30.669,2551520000
209,19.135,31.289,A2C 35 3FT-N
209,23.991,31.289,2552130000
209,19.135,31.862,A2C 35 3FT-N-PE
209,23.992,31.862,2551540000
209,19.135,32.434,A2C 50/70
209,23.992,32.434,2663250000
209,26.826,32.434,2663260000
209,29.661,32.434,2663280000
209,19.135,33.054,A2C 50/70 3FT-N
209,23.991,33.054,2663300000
209,13.358,33.984,95/120
209,19.135,33.674,A2C 95/120
209,23.991,33.674,2694060000
209,26.826,33.674,2694070000
209,29.66,33.674,2694090000
209,19.134,34.294,A2C 95/120 3FT-N
209,23.991,34.294,2694120000
210,15.426,36.035,2-pole
210,18.261,36.035,3-pole
210,21.095,36.035,4-pole
210,23.93,36.035,5-pole
210,26.648,36.035,10-pole
210,29.482,36.035,20-pole
210,32.317,36.035,50-pole
210,14.756,37.015,1985410000
210,17.591,37.015,1985480000
210,20.425,37.015,1985490000
210,23.26,37.015,1985500000
210,26.094,37.015,1985580000
210,28.929,37.015,1985600000
210,31.763,37.015,1985620000
210,14.755,37.629,1985650000
210,17.59,37.629,1985670000
210,20.424,37.629,1985690000
210,23.259,37.629,1985710000
210,26.093,37.629,1985800000
210,28.928,37.629,1985810000
210,31.762,37.629,1985820000
210,14.754,38.243,1985530000
210,17.589,38.243,1985550000
210,20.423,38.243,1985570000
210,23.258,38.243,1985590000
210,26.092,38.243,1985680000
210,28.927,38.243,1985700000
210,31.761000000000003,38.243,1985720000
210,14.756,38.857,1527540000
210,17.591,38.857,1527570000
210,20.425,38.857,1527590000
210,23.26,38.857,1527620000
210,26.094,38.857,1527690000
210,28.929,38.857,1527720000
210,31.763,38.857,1527730000
210,14.755,39.471,2108470000
210,17.59,39.471,2108690000
210,20.424,39.471,2108700000
210,23.259,39.471,2108710000
210,26.093,39.471,2108910000
210,28.928,39.471,2108920000
210,31.762,39.471,2109000000
210,14.754,40.084,1527740000
210,17.589,40.084,1527770000
210,20.423,40.084,1527780000
210,23.258,40.084,1527790000
210,26.092,40.084,1527880000
210,28.927,40.084,1527890000
210,31.761000000000003,40.084,1527920000
210,14.756,40.698,1527930000
210,17.591,40.698,1527940000
210,20.425,40.698,1527970000
210,23.26,40.698,1527980000
210,26.094,40.698,1528090000
210,28.929,40.698,2883800000
210,31.763,40.698,1528130000
210,14.755,41.312,2460450000
210,17.59,41.312,2460810000
210,20.424,41.312,2460800000
210,23.259,41.312,2460790000
210,26.093,41.312,2460740000
210,28.928,41.312,2810860000
210,31.762,41.312,2460730000
210,14.754,41.926,1528040000
210,17.589,41.926,1528080000
210,20.423,41.926,1528120000
210,23.258,41.926,1528140000
210,26.092,41.926,1528230000
210,28.927,41.926,2810850000
210,31.761000000000003,41.926,1528240000
210,24.273,20.705,AIO21 1.5 SO
210,28.915,20.705,1992240000
210,31.749,21.324,1993580000
210,24.273,21.938,AIO21 1.5 SI
210,28.914,21.938,1992260000
210,24.273,23.165,AIO23 1.5 2SI
210,28.914,23.165,1992220000
210,31.749,23.165,1993600000
210,23.284,12.129,2464690000
210,26.118,12.129,2464750000
210,28.953,12.129,2464740000
210,31.787,12.743,1988320000
210,19.135,13.357,AAP11 1.5 LI
210,23.283,13.357,1988160000
210,26.118,13.357,1988170000
210,23.284,14.585,2464730000
210,26.118,14.585,2464720000
210,28.953,14.585,2464710000
210,31.787,15.198,1988300000
210,19.135,15.812,AAP12 2.5 LI
210,23.283,15.812,1988290000
210,26.118,15.812,1988100000
210,31.749,26.145,2488970000
210,31.749,26.764,2489090000
210,31.749,27.378,2489100000
210,31.749,27.992,2489110000
210,31.749,30.67,2635520000
210,31.749,31.289,2635550000
210,31.749,31.903,2635560000
210,31.749,32.517,2635570000
210,31.749,33.13,2635580000
210,31.749,33.744,2635590000
210,31.749,34.358,2635600000
210,61.628,23.503,7940127529
210,68.715,23.507,7940127934
210,61.628,25.988,7940127530
210,68.714,25.988,7940127935
210,61.628,28.468,7940127531
210,68.714,28.468,7940127936
210,61.628,30.949,7940127938
210,68.714,30.949,7940127937
210,61.627,33.429,7940127532
210,68.714,33.429,7940128855
210,55.746,9.582,AL2C 2.5
210,60.248,9.582,2847200000
210,63.083,9.586,2847210000
210,65.917,9.586,2847590000
210,68.752,9.586,2871750000
210,55.745,10.206,AL3C 2.5
210,60.248,10.206,2847330000
210,63.082,10.206,2847340000
210,65.917,10.206,2847600000
210,68.751,10.206,2871770000
210,55.745,10.826,AL4C 2.5
210,60.247,10.826,2847460000
210,63.082,10.826,2847470000
210,65.916,10.826,2847610000
210,68.751,10.826,2871790000
210,55.744,11.446,AL2C 4
210,60.247,11.446,2847710000
210,63.081,11.446,2871870000
210,65.916,11.446,2847740000
210,68.75,11.446,2871810000
210,55.744,12.066,AL3C 4
210,60.246,12.066,2847720000
210,63.081,12.066,2871990000
210,65.915,12.066,2847750000
210,68.75,12.066,2871830000
210,55.743,12.686,AL4C 4
210,60.246,12.686,2847730000
210,63.08,12.686,2872110000
210,65.915,12.686,2847770000
210,68.749,12.686,2871850000
210,55.743,13.306,ALDT 2.5 2C
210,60.246,13.306,2898660000
210,63.08,13.306,2898670000
210,68.75,13.306,2898830000
210,55.743,13.926,ALDT 2.5 3C
210,60.246,13.926,2898700000
210,63.08,13.926,2898710000
210,68.75,13.926,2898850000
210,55.743,14.546,ALDT 4 2C
210,60.246,14.546,2898740000
210,63.08,14.546,2898750000
210,68.75,14.546,2898890000
210,60.246,15.166,2898780000
210,68.75,15.786,2898890000
210,60.246,15.786,2898790000
210,60.247,16.406,2898820000
211,-21.779,36.035,2-pole
211,-18.944,36.035,3-pole
211,-16.11,36.035,4-pole
211,-13.275,36.035,5-pole
211,-10.557,36.035,10-pole
211,-7.723,36.035,20-pole
211,-4.888,36.035,50-pole
211,-22.448,37.015,1985410000
211,-19.614,37.015,1985480000
211,-16.779,37.015,1985490000
211,-13.945,37.015,1985500000
211,-11.11,37.015,1985580000
211,-8.276,37.015,1985600000
211,-5.441,37.015,1985620000
211,-22.449,37.629,1985650000
211,-19.615,37.629,1985670000
211,-16.78,37.629,1985690000
211,-13.946,37.629,1985710000
211,-11.111,37.629,1985800000
211,-8.277,37.629,1985810000
211,-5.442,37.629,1985820000
211,-22.45,38.243,1985530000
211,-19.616,38.243,1985550000
211,-16.781,38.243,1985570000
211,-13.947,38.243,1985590000
211,-11.112,38.243,1985680000
211,-8.278,38.243,1985700000
211,-5.443,38.243,1985720000
211,-22.448,38.857,1527540000
211,-19.614,38.857,1527570000
211,-16.779,38.857,1527590000
211,-13.945,38.857,1527620000
211,-11.11,38.857,1527690000
211,-8.276,38.857,1527720000
211,-5.441,38.857,1527730000
211,-22.449,39.471,2108470000
211,-19.615,39.471,2108690000
211,-16.78,39.471,2108700000
211,-13.946,39.471,2108710000
211,-11.111,39.471,2108910000
211,-8.277,39.471,2108920000
211,-5.442,39.471,2109000000
211,-22.45,40.084,1527740000
211,-19.616,40.084,1527770000
211,-16.781,40.084,1527780000
211,-13.947,40.084,1527790000
211,-11.112,40.084,1527880000
211,-8.278,40.084,1527890000
211,-5.443,40.084,1527920000
211,-22.449,40.698,1527930000
211,-19.614,40.698,1527940000
211,-16.78,40.698,1527970000
211,-13.945,40.698,1527980000
211,-11.111,40.698,1528090000
211,-8.276,40.698,2883800000
211,-5.442,40.698,1528130000
211,-22.45,41.312,2460450000
211,-19.615,41.312,2460810000
211,-16.781,41.312,2460800000
211,-13.946,41.312,2460790000
211,-11.112,41.312,2460740000
211,-8.277,41.312,2810860000
211,-5.443,41.312,2460730000
211,-22.451,41.926,1528040000
211,-19.616,41.926,1528080000
211,-16.782,41.926,1528120000
211,-13.947,41.926,1528140000
211,-11.113,41.926,1528230000
211,-8.278,41.926,2810850000
211,-5.444,41.926,1528240000
211,-12.931,20.705,AIO21 1.5 SO
211,-8.29,20.705,1992240000
211,-5.455,21.324,1993580000
211,-12.932,21.938,AIO21 1.5 SI
211,-8.29,21.938,1992260000
211,-12.932,23.165,AIO23 1.5 2SI
211,-8.29,23.165,1992220000
211,-5.456,23.165,1993600000
211,-13.921,12.129,2464690000
211,-11.087,12.129,2464750000
211,-8.252,12.129,2464740000
211,-5.418,12.743,1988320000
211,-18.07,13.357,AAP11 1.5 LI
211,-13.922,13.357,1988160000
211,-11.087,13.357,1988170000
211,-13.921,14.585,2464730000
211,-11.087,14.585,2464720000
211,-8.252,14.585,2464710000
211,-5.418,15.198,1988300000
211,-18.07,15.812,AAP12 2.5 LI
211,-13.922,15.812,1988290000
211,-11.087,15.812,1988100000
211,-5.455,26.145,2488970000
211,-5.455,26.764,2489090000
211,-5.456,27.378,2489100000
211,-5.456,27.992,2489110000
211,-5.455,30.67,2635520000
211,-5.455,31.289,2635550000
211,-5.455,31.903,2635560000
211,-5.455,32.517,2635570000
211,-5.455,33.13,2635580000
211,-5.455,33.744,2635590000
211,-5.455,34.358,2635600000
211,24.423,23.503,7940127529
211,31.51,23.507,7940127934
211,24.423,25.988,7940127530
211,31.509,25.988,7940127935
211,24.423,28.468,7940127531
211,31.51,28.468,7940127936
211,24.423,30.948,7940127938
211,31.51,30.948,7940127937
211,24.423,33.428,7940127532
211,31.51,33.428,7940128855
211,18.542,9.582,AL2C 2.5
211,23.044,9.582,2847200000
211,25.879,9.587,2847210000
211,28.713,9.587,2847590000
211,31.548,9.587,2871750000
211,18.541,10.207,AL3C 2.5
211,23.044,10.207,2847330000
211,25.878,10.207,2847340000
211,28.713,10.207,2847600000
211,31.547,10.207,2871770000
211,18.541,10.827,AL4C 2.5
211,23.043,10.827,2847460000
211,25.878,10.827,2847470000
211,28.712,10.827,2847610000
211,31.547,10.827,2871790000
211,18.541,11.447,AL2C 4
211,23.044,11.447,2847710000
211,25.878,11.447,2871870000
211,28.713,11.447,2847740000
211,31.547,11.447,2871810000
211,18.541,12.067,AL3C 4
211,23.043,12.067,2847720000
211,25.878,12.067,2871990000
211,28.712,12.067,2847750000
211,31.547,12.067,2871830000
211,18.54,12.687,AL4C 4
211,23.043,12.687,2847730000
211,25.877,12.687,2872110000
211,28.712,12.687,2847770000
211,31.546,12.687,2871850000
211,18.542,13.307,ALDT 2.5 2C
211,23.044,13.307,2898660000
211,25.879,13.307,2898670000
211,31.548,13.307,2898830000
211,18.542,13.927,ALDT 2.5 3C
211,23.044,13.927,2898700000
211,25.879,13.927,2898710000
211,31.548,13.927,2898850000
211,18.542,14.547,ALDT 4 2C
211,23.044,14.547,2898740000
211,25.879,14.547,2898750000
211,31.548,14.547,2898890000
211,23.044,15.167,2898780000
211,31.548,15.787,2898890000
211,23.044,15.787,2898790000
211,23.045,16.407,2898820000
212,18.63,9.582,WDU 2.5
212,23.449,9.582,1020000000
212,26.321,9.582,1020080000
212,29.156,9.582,1010000000
212,31.99,9.582,1050000000
212,18.63,10.207,WDK 2.5
212,23.449,10.207,1021500000
212,26.321,10.207,1021580000
212,29.156,10.207,1036300000
212,31.99,10.517,1059100000
212,4.868,12.797,WDU 2.5
212,7.771000000000001,12.797,WTR 2.5
212,18.63,10.827,WDK 2.5 ZQV
212,23.449,10.827,1041100000
212,26.321,10.827,1041180000
212,18.63,11.447,WDK 2.5N
212,23.449,11.447,1041600000
212,26.321,11.447,1041680000
212,29.156,11.447,1041620000
212,31.99,11.447,1084000000
212,18.63,12.067,DLD 2.5 DB
212,23.449,12.067,1784180000
212,26.321,12.067,6269250000
212,31.991,12.067,1784210000
212,23.449,12.687,1020100000
212,26.321,12.687,1020180000
212,29.156,12.687,1010100000
212,31.99,12.687,1050000000
212,18.63,13.293,WDK 4N
212,23.449,13.293,1041900000
212,26.321,13.293,1041980000
212,29.156,13.293,1041920000
212,31.99,13.293,1084000000
212,23.449,13.9,1020200000
212,26.321,13.9,1020280000
212,29.156,13.9,1010200000
212,31.99,14.21,1050000000
212,4.769,16.504,WDTR 2.5
212,18.63,14.52,WDU 10
212,23.449,14.52,1020300000
212,26.321,14.52,1020380000
212,29.156,14.52,1010300000
212,18.63,15.14,WDU 16
212,23.449,15.14,1020400000
212,26.321,15.14,1020480000
212,29.156,15.14,1010400000
212,31.99,15.45,1050100000
212,18.63,15.760000000000002,WDU 35
212,23.449,15.760000000000002,1020500000
212,26.321,15.760000000000002,1020580000
212,29.156,15.760000000000002,1010500000
212,18.63,16.38,WDU 50N
212,23.449,16.38,1820840000
212,26.321,16.38,1820850000
212,29.156,16.38,1846040000
212,18.63,17.0,WDU 70N/35
212,23.449,17.0,9512190000
212,26.322,17.0,9512420000
212,29.156,17.0,9512200000
212,18.631,17.62,WDU 70/95
212,23.45,17.62,1024600000
212,29.157,17.62,1037300000
212,12.587,18.24,95/120
212,18.63,18.24,WDU 95N/120N
212,23.449,18.24,1820550000
212,29.156,18.24,1846030000
212,12.476,18.86,120/150
212,18.63,18.86,WDU 120/150
212,23.449,18.86,1024500000
212,29.156,18.86,1019700000
212,18.63,19.48,WDU 240
212,23.449,19.48,1802780000
212,18.63,20.1,WTR 2.5
212,23.449,20.101,1855610000
212,26.322,20.101,8731640000
212,31.991,20.411,1050000000
212,18.631,20.721,WTR 2.5 STB2.3
212,23.449,20.721,1855620000
212,26.322,20.721,8731660000
212,18.63,21.341,WDTR 2.5
212,23.449,21.341,2456000000
212,26.322,21.341,2456010000
212,31.991,22.581,1050000000
212,23.449,21.961,7910180000
212,26.322,21.961,7910190000
212,18.631,22.581,WTR 4 STB
212,23.449,22.581,7910210000
212,26.322,22.581,7910220000
212,18.631,23.202,WTR 2.5/SI
212,23.449,23.201,1763940000
212,23.449,23.821,2561900000
212,23.449,24.441,1886580000
212,23.449,25.061,2892920000
212,31.991,25.061,2894230000
212,23.449,25.681,2894000000
212,31.991,25.681,2894260000
212,23.449,26.301,1011000000
212,26.321,26.301,1011080000
212,31.991,26.611,1050000000
212,23.449,26.921,1011300000
212,15.276,36.082,2-pole
212,18.199,36.082,3-pole
212,21.122,36.082,4-pole
212,24.045,36.082,5-pole
212,26.851,36.082,10-pole
212,29.774,36.082,20-pole
212,32.653,36.082,50-pole
212,14.561,37.068,1527540000
212,17.484,37.068,1527570000
212,20.407,37.068,1527590000
212,23.33,37.068,1527620000
212,26.253,37.068,1527690000
212,29.176,37.068,1527720000
212,32.099,37.068,1527730000
212,14.56,37.693,2108470000
212,17.483,37.693,2108690000
212,20.406,37.693,2108700000
212,23.329,37.693,2108710000
212,26.252,37.693,2108910000
212,29.175,37.693,2108920000
212,32.098,37.693,2109000000
212,14.559,38.313,1527740000
212,17.482,38.313,1527770000
212,20.405,38.313,1527780000
212,23.328,38.313,1527790000
212,26.251,38.313,1527880000
212,29.174,38.313,1527890000
212,32.097,38.313,1527920000
212,14.557,38.933,1527930000
212,17.48,38.933,1527940000
212,20.403,38.933,1527970000
212,23.326,38.933,1527980000
212,26.249,38.933,1528090000
212,29.172,38.933,2883800000
212,32.095,38.933,1528130000
212,14.556,39.553,2460450000
212,17.479,39.553,2460810000
212,20.402,39.553,2460800000
212,23.325,39.553,2460790000
212,26.248,39.553,2460740000
212,29.171,39.553,2810860000
212,32.094,39.553,2460730000
212,14.555,40.173,1528040000
212,17.478,40.173,1528080000
212,20.401,40.173,1528120000
212,23.324,40.173,1528140000
212,26.247,40.173,1528230000
212,29.17,40.173,2810850000
212,32.093,40.173,1528240000
212,15.276,41.85,2-pole
212,18.199,41.85,3-pole
212,21.122,41.85,4-pole
212,24.045,41.85,5-pole
212,26.851,41.85,10-pole
212,29.774,41.85,20-pole
212,32.653,41.85,50-pole
212,14.561,42.84,1053660000
212,17.484,42.84,1053760000
212,20.407,42.84,1053860000
212,23.33,42.84,1053960000
212,26.253,42.84,1054460000
212,29.176,42.84,1577570000
212,14.559,43.46,1051960000
212,17.482,43.46,1054560000
212,20.405,43.46,1054660000
212,23.328,43.46,1057860000
212,26.251,43.46,1052060000
212,14.558,44.08,1052360000
212,17.481,44.08,1054760000
212,20.404,44.08,1054860000
212,23.327,44.08,1062660000
212,26.25,44.08,1052260000
212,14.558,44.7,1052560000
212,17.481,44.7,1054960000
212,20.404,44.7,1055060000
212,23.327,44.7,2091130000
212,26.25,44.7,1052460000
212,14.557,45.32,1053260000
212,17.48,45.32,1055160000
212,20.403,45.32,1055260000
212,26.25,45.32,1053360000
212,14.557,45.94,1053060000
212,17.48,45.94,1055360000
212,20.403,45.94,1055460000
212,26.25,45.94,1053160000
212,26.425,31.85,WFF 35/AH
212,32.13,31.85,1029300000
212,26.425,32.475,WFF 70/AH
212,32.13,32.475,1029400000
212,26.425,33.095,WFF 120/AH
212,32.13,33.095,1029500000
212,26.425,33.715,WFF 185/AH
212,32.13,33.715,1029600000
212,26.425,34.335,WFF 300/AH
212,32.13,34.335,1029700000
212,42.574,11.459,W2C FT
212,45.232,11.459,W2C FT PE
212,62.928,10.512,2892680000
212,65.763,10.516,2892700000
212,68.597,10.516,2894210000
212,42.554,13.935,W2C DT
212,45.212,13.935,W2C DT PE
212,62.928,12.997,2892770000
212,65.763,12.997,2892820000
212,68.597,12.997,2894210000
212,42.572,16.415,W2C FS
212,45.23,16.415,W2C FS PE
212,62.928,15.477,2892930000
212,65.763,15.477,2893130000
212,68.597,15.477,2894230000
212,42.346,18.896,W2T DT-FT
212,45.004,18.896,W2T DT-FT PE
212,62.928,17.958,2893720000
212,65.763,17.958,2893740000
212,68.597,17.958,2894240000
212,42.365,21.371,W2T FS-FT
212,45.022,21.371,W2T FS-FT PE
212,62.928,20.438,2894000000
212,65.763,20.438,2894100000
212,68.597,20.438,2894260000
212,60.058,32.505,1562000000
212,62.928,32.509,2725260000
212,65.763,32.509,2518250000
212,68.597,32.509,2725360000
212,60.058,33.75,1562170000
212,62.928,33.75,2725310000
212,65.763,33.75,2518540000
212,68.597,33.75,2725410000
212,60.058,34.99,1562210000
212,62.928,34.99,2725340000
212,65.763,34.99,2518570000
212,68.597,34.99,2725440000
212,60.058,36.23,1562220000
212,62.928,36.23,2725350000
212,65.763,36.23,2521730000
212,68.597,36.23,2725450000
212,60.058,37.47,1562100000
212,62.928,37.47,2725280000
212,65.763,37.47,2519480000
212,68.597,37.47,2725380000
212,60.058,38.71,1562090000
212,62.928,38.71,2725270000
212,65.763,38.71,2519490000
212,68.597,38.71,2725370000
212,52.895,24.858,2-pole
212,55.641,24.858,3-pole
212,58.387,24.858,4-pole
212,61.133,24.858,5-pole
212,63.762,24.858,10-pole
212,66.508,24.858,20-pole
212,69.254,24.858,50-pole
212,52.269,25.843,1527930000
212,55.015,25.843,1527940000
212,57.761,25.843,1527970000
212,60.507,25.843,1527980000
212,63.253,25.843,1528090000
212,65.999,25.843,2883800000
212,68.745,25.843,1528130000
212,52.268,26.468,2460450000
212,55.014,26.468,2460810000
212,57.76,26.468,2460800000
212,60.506,26.468,2460790000
212,63.252,26.468,2460740000
212,65.998,26.468,2810860000
212,68.744,26.468,2460730000
212,52.268,27.088,1528040000
212,55.014,27.088,1528080000
212,57.76,27.088,1528120000
212,60.506,27.088,1528140000
212,63.252,27.088,1528230000
212,65.998,27.088,2810850000
212,68.744,27.088,1528240000
212,60.056,42.346,PS 2.3 RT
212,68.596,42.346,0180400000
213,-18.575,9.582,WDU 2.5
213,-13.756,9.582,1020000000
213,-10.883,9.582,1020080000
213,-8.049,9.582,1010000000
213,-5.214,9.582,1050000000
213,-18.575,10.207,WDK 2.5
213,-13.756,10.207,1021500000
213,-10.883,10.207,1021580000
213,-8.049,10.207,1036300000
213,-5.214,10.517,1059100000
213,-32.337,12.797,WDU 2.5
213,-29.434,12.797,WTR 2.5
213,-18.575,10.827,WDK 2.5 ZQV
213,-13.756,10.827,1041100000
213,-10.883,10.827,1041180000
213,-18.575,11.447,WDK 2.5N
213,-13.756,11.447,1041600000
213,-10.883,11.447,1041680000
213,-8.049,11.447,1041620000
213,-5.214,11.447,1084000000
213,-18.575,12.067,DLD 2.5 DB
213,-13.756,12.067,1784180000
213,-10.883,12.067,6269250000
213,-5.214,12.067,1784210000
213,-13.756,12.687,1020100000
213,-10.883,12.687,1020180000
213,-8.049,12.687,1010100000
213,-5.214,12.687,1050000000
213,-18.575,13.293,WDK 4N
213,-13.756,13.293,1041900000
213,-10.883,13.293,1041980000
213,-8.049,13.293,1041920000
213,-5.214,13.293,1084000000
213,-13.756,13.9,1020200000
213,-10.883,13.9,1020280000
213,-8.049,13.9,1010200000
213,-5.214,14.21,1050000000
213,-32.436,16.504,WDTR 2.5
213,-18.575,14.52,WDU 10
213,-13.756,14.52,1020300000
213,-10.883,14.52,1020380000
213,-8.049,14.52,1010300000
213,-18.575,15.14,WDU 16
213,-13.756,15.14,1020400000
213,-10.883,15.14,1020480000
213,-8.049,15.14,1010400000
213,-5.214,15.45,1050100000
213,-18.575,15.760000000000002,WDU 35
213,-13.756,15.760000000000002,1020500000
213,-10.883,15.760000000000002,1020580000
213,-8.049,15.760000000000002,1010500000
213,-18.575,16.38,WDU 50N
213,-13.756,16.38,1820840000
213,-10.883,16.38,1820850000
213,-8.049,16.38,1846040000
213,-18.574,17.0,WDU 70N/35
213,-13.755,17.0,9512190000
213,-10.883,17.0,9512420000
213,-8.048,17.0,9512200000
213,-18.574,17.62,WDU 70/95
213,-13.755,17.62,1024600000
213,-8.048,17.62,1037300000
213,-24.617,18.24,95/120
213,-18.575,18.24,WDU 95N/120N
213,-13.756,18.24,1820550000
213,-8.049,18.24,1846030000
213,-24.729,18.86,120/150
213,-18.574,18.86,WDU 120/150
213,-13.755,18.86,1024500000
213,-8.048,18.86,1019700000
213,-18.574,19.48,WDU 240
213,-13.755,19.48,1802780000
213,-18.574,20.1,WTR 2.5
213,-13.756,20.101,1855610000
213,-10.883,20.101,8731640000
213,-5.214,20.411,1050000000
213,-18.574,20.721,WTR 2.5 STB2.3
213,-13.756,20.721,1855620000
213,-10.883,20.721,8731660000
213,-18.574,21.341,WDTR 2.5
213,-13.755,21.341,2456000000
213,-10.883,21.341,2456010000
213,-5.213,22.581,1050000000
213,-13.756,21.961,7910180000
213,-10.883,21.961,7910190000
213,-18.574,22.581,WTR 4 STB
213,-13.756,22.581,7910210000
213,-10.883,22.581,7910220000
213,-18.574,23.202,WTR 2.5/SI
213,-13.756,23.201,1763940000
213,-13.756,23.821,2561900000
213,-13.756,24.441,1886580000
213,-13.756,25.061,2892920000
213,-5.214,25.061,2894230000
213,-13.756,25.681,2894000000
213,-5.214,25.681,2894260000
213,-13.756,26.301,1011000000
213,-10.884,26.301,1011080000
213,-5.214,26.611,1050000000
213,-13.756,26.921,1011300000
213,-21.929,36.082,2-pole
213,-19.006,36.082,3-pole
213,-16.083,36.082,4-pole
213,-13.16,36.082,5-pole
213,-10.354,36.082,10-pole
213,-7.431,36.082,20-pole
213,-4.552,36.082,50-pole
213,-22.644,37.068,1527540000
213,-19.721,37.068,1527570000
213,-16.798,37.068,1527590000
213,-13.875,37.068,1527620000
213,-10.952,37.068,1527690000
213,-8.029,37.068,1527720000
213,-5.106,37.068,1527730000
213,-22.645,37.693,2108470000
213,-19.722,37.693,2108690000
213,-16.799,37.693,2108700000
213,-13.876,37.693,2108710000
213,-10.953,37.693,2108910000
213,-8.030000000000001,37.693,2108920000
213,-5.107,37.693,2109000000
213,-22.647,38.313,1527740000
213,-19.724,38.313,1527770000
213,-16.801,38.313,1527780000
213,-13.878,38.313,1527790000
213,-10.955,38.313,1527880000
213,-8.032,38.313,1527890000
213,-5.109,38.313,1527920000
213,-22.648,38.933,1527930000
213,-19.725,38.933,1527940000
213,-16.802,38.933,1527970000
213,-13.879,38.933,1527980000
213,-10.956,38.933,1528090000
213,-8.033000000000001,38.933,2883800000
213,-5.11,38.933,1528130000
213,-22.649,39.553,2460450000
213,-19.726,39.553,2460810000
213,-16.803,39.553,2460800000
213,-13.88,39.553,2460790000
213,-10.957,39.553,2460740000
213,-8.033999999999999,39.553,2810860000
213,-5.111,39.553,2460730000
213,-22.651,40.173,1528040000
213,-19.728,40.173,1528080000
213,-16.805,40.173,1528120000
213,-13.882,40.173,1528140000
213,-10.959,40.173,1528230000
213,-8.036,40.173,2810850000
213,-5.113,40.173,1528240000
213,-21.929,41.85,2-pole
213,-19.006,41.85,3-pole
213,-16.083,41.85,4-pole
213,-13.16,41.85,5-pole
213,-10.354,41.85,10-pole
213,-7.431,41.85,20-pole
213,-4.552,41.85,50-pole
213,-22.645,42.84,1053660000
213,-19.722,42.84,1053760000
213,-16.799,42.84,1053860000
213,-13.876,42.84,1053960000
213,-10.953,42.84,1054460000
213,-8.030000000000001,42.84,1577570000
213,-22.646,43.46,1051960000
213,-19.723,43.46,1054560000
213,-16.8,43.46,1054660000
213,-13.877,43.46,1057860000
213,-10.954,43.46,1052060000
213,-22.647,44.08,1052360000
213,-19.724,44.08,1054760000
213,-16.801,44.08,1054860000
213,-13.878,44.08,1062660000
213,-10.955,44.08,1052260000
213,-22.648,44.7,1052560000
213,-19.725,44.7,1054960000
213,-16.802,44.7,1055060000
213,-13.879,44.7,2091130000
213,-10.956,44.7,1052460000
213,-22.648,45.32,1053260000
213,-19.725,45.32,1055160000
213,-16.802,45.32,1055260000
213,-10.956,45.32,1053360000
213,-22.648,45.94,1053060000
213,-19.725,45.94,1055360000
213,-16.802,45.94,1055460000
213,-10.956,45.94,1053160000
213,-10.78,31.85,WFF 35/AH
213,-5.075,31.85,1029300000
213,-10.78,32.475,WFF 70/AH
213,-5.075,32.475,1029400000
213,-10.78,33.095,WFF 120/AH
213,-5.075,33.095,1029500000
213,-10.78,33.715,WFF 185/AH
213,-5.075,33.715,1029600000
213,-10.78,34.335,WFF 300/AH
213,-5.075,34.335,1029700000
213,5.369,11.459,W2C FT
213,8.027,11.459,W2C FT PE
213,25.723,10.512,2892680000
213,28.558,10.516,2892700000
213,31.392,10.516,2894210000
213,5.349,13.935,W2C DT
213,8.007,13.935,W2C DT PE
213,25.723,12.997,2892770000
213,28.558,12.997,2892820000
213,31.392,12.997,2894210000
213,5.368,16.415,W2C FS
213,8.025,16.415,W2C FS PE
213,25.723,15.477,2892930000
213,28.558,15.477,2893130000
213,31.392,15.477,2894230000
213,5.141,18.896,W2T DT-FT
213,7.798999999999999,18.896,W2T DT-FT PE
213,25.723,17.958,2893720000
213,28.558,17.958,2893740000
213,31.392,17.958,2894240000
213,5.16,21.371,W2T FS-FT
213,7.817,21.371,W2T FS-FT PE
213,25.723,20.438,2894000000
213,28.558,20.438,2894100000
213,31.392,20.438,2894260000
213,22.854,32.505,1562000000
213,25.724,32.509,2725260000
213,28.558,32.509,2518250000
213,31.393,32.509,2725360000
213,22.853,33.75,1562170000
213,25.723,33.75,2725310000
213,28.558,33.75,2518540000
213,31.392,33.75,2725410000
213,22.853,34.99,1562210000
213,25.723,34.99,2725340000
213,28.558,34.99,2518570000
213,31.392,34.99,2725440000
213,22.853,36.23,1562220000
213,25.723,36.23,2725350000
213,28.558,36.23,2521730000
213,31.392,36.23,2725450000
213,22.853,37.47,1562100000
213,25.723,37.47,2725280000
213,28.558,37.47,2519480000
213,31.392,37.47,2725380000
213,22.853,38.71,1562090000
213,25.723,38.71,2725270000
213,28.558,38.71,2519490000
213,31.392,38.71,2725370000
213,15.69,24.858,2-pole
213,18.436,24.858,3-pole
213,21.182,24.858,4-pole
213,23.928,24.858,5-pole
213,26.557,24.858,10-pole
213,29.303,24.858,20-pole
213,32.049,24.858,50-pole
213,15.064,25.843,1527930000
213,17.81,25.843,1527940000
213,20.556,25.843,1527970000
213,23.302,25.843,1527980000
213,26.048,25.843,1528090000
213,28.794,25.843,2883800000
213,31.54,25.843,1528130000
213,15.063,26.468,2460450000
213,17.809,26.468,2460810000
213,20.555,26.468,2460800000
213,23.301,26.468,2460790000
213,26.047,26.468,2460740000
213,28.793,26.468,2810860000
213,31.539,26.468,2460730000
213,15.063,27.088,1528040000
213,17.809,27.088,1528080000
213,20.555,27.088,1528120000
213,23.301,27.088,1528140000
213,26.047,27.088,1528230000
213,28.793,27.088,2810850000
213,31.539,27.088,1528240000
213,22.853,42.346,PS 2.3 RT
213,31.393,42.346,0180400000
214,29.903,9.488,0117500000
214,29.903,10.107,0122800000
214,29.903,10.721,0514400000
214,29.902,11.336,0293220000
214,29.902,11.95,0169300000
214,29.902,12.564,0383400000
214,29.902,13.179,0514500000
214,29.902,13.793,0514570000
214,29.902,14.407,1747350000
214,29.902,15.022,0330800000
214,29.902,15.636,0236400000
214,29.902,16.25,0236500000
214,29.902,16.865,1805980000
214,29.902,17.479,0514300000
214,29.903,20.459,1283470000
214,29.903,21.693,1283480000
214,4.522,26.59,AEB 35 SC/1
214,7.551,26.59,WEW 35/1
214,23.224,24.988,AEB 35 SC/1
214,27.068,24.988,1991920000
214,29.903,24.992,2475310000
214,23.224,26.221,WEW 35/1
214,27.068,26.221,1059000000
214,29.903,26.221,1162600000
214,4.667,29.043,WEW 35/2
214,7.869999999999999,29.043,AEB 35
214,23.223,27.45,WEW 35/2
214,27.068,27.45,1061200000
214,29.902,27.45,1061210000
214,27.068,28.679,2661280000
214,29.902,28.679,2661300000
214,4.935,31.496,ZEW 35
214,7.627,31.496,ZEW 35/2
214,23.223,29.908,ZEW 35
214,27.068,29.908,9540000000
214,23.223,31.137,ZEW 35/2
214,27.068,31.137,8630740000
214,29.902,31.137,1162610000
214,29.902,34.126,0430300000
214,29.902,34.745,0430400000
214,29.902,35.359,0430500000
214,29.901,35.974,0430600000
214,29.901,36.588,0439000000
214,29.901,37.202,0430700000
214,29.901,37.817,0430800000
214,29.901,38.431,0430900000
214,29.9,39.045,0431000000
214,29.9,39.66,0431100000
214,29.9,40.274,0431200000
214,29.9,40.888,0431300000
214,29.9,41.503,0431400000
214,29.902,44.483,1269070000
214,21.717,47.48,EM 8/30
214,29.902,47.48,1806120000
214,21.717,48.099,SCHT 5 S
214,29.902,48.099,1631930000
214,21.717,48.714,SCHT 5
214,29.902,48.714,0292460000
214,64.637,7.212,2838400000
214,64.637,7.832000000000001,2838510000
214,64.637,8.452,2838420000
214,64.637,9.072,2838450000
214,64.637,9.692,2838500000
214,64.636,10.312,2838410000
214,64.636,10.932,2838440000
214,64.636,11.552,2838460000
214,64.635,12.172,2838480000
214,64.635,12.792,2838470000
214,64.635,13.412,2838490000
214,64.637,14.034,1469570000
214,64.637,14.654,1469580000
214,64.637,15.274,1469470000
214,64.637,15.893999999999998,1469480000
214,67.471,16.514,1469530000
214,64.636,17.134,1469490000
214,67.471,17.754,1469540000
214,64.636,18.374,1469510000
214,67.47,18.994,1469550000
214,64.635,19.614,1469520000
214,67.47,20.234,1469560000
214,64.635,20.854,1469590000
214,64.635,21.474,1469610000
214,64.635,22.094,1478210000
214,64.638,22.715,1478220000
214,64.637,23.335,1478230000
214,64.637,23.955,1478100000
214,64.637,24.575,1478110000
214,67.472,25.195,1478170000
214,64.637,25.815,1478120000
214,64.636,26.435,1478130000
214,67.471,27.055,1478180000
214,64.636,27.675,1478140000
214,67.47,28.295,1478190000
214,64.635,28.915,1478150000
214,67.47,29.535,1478200000
214,64.635,30.155,1478240000
214,64.635,30.775,1478250000
214,64.634,31.395000000000003,1478270000
214,64.637,32.015,2466910000
214,64.637,32.636,2467020000
214,64.637,33.256,2466850000
214,64.637,33.876,2466970000
214,64.637,34.496,2466870000
214,67.472,35.116,2467060000
214,64.637,35.736,2466980000
214,67.472,36.356,2467070000
214,64.637,36.976,2466880000
214,67.471,37.596,2467080000
214,64.637,38.216,2466990000
214,67.472,38.836,2467090000
214,64.637,39.456,2466890000
214,67.471,40.076,2467100000
214,64.637,40.697,2467000000
214,67.472,41.317,2467110000
214,64.637,41.937,2466900000
214,67.471,42.557,2467120000
214,64.637,43.177,2467010000
214,67.472,43.797,2467130000
214,64.637,44.418,2467030000
214,67.471,45.038,2467150000
214,64.637,45.657,2467040000
214,67.472,46.277,2467160000
214,64.637,46.897,2466920000
214,67.471,47.517,2467170000
214,64.637,48.138,2467050000
214,67.472,48.758,2467180000
215,-7.302,9.488,0117500000
215,-7.302,10.107,0122800000
215,-7.302,10.721,0514400000
215,-7.303,11.336,0293220000
215,-7.303,11.95,0169300000
215,-7.303,12.564,0383400000
215,-7.303,13.179,0514500000
215,-7.303,13.793,0514570000
215,-7.303,14.407,1747350000
215,-7.303,15.022,0330800000
215,-7.303,15.636,0236400000
215,-7.303,16.25,0236500000
215,-7.303,16.865,1805980000
215,-7.303,17.479,0514300000
215,-7.302,20.459,1283470000
215,-7.302,21.693,1283480000
215,-32.683,26.59,AEB 35 SC/1
215,-29.654,26.59,WEW 35/1
215,-13.981,24.988,AEB 35 SC/1
215,-10.137,24.988,1991920000
215,-7.302,24.992,2475310000
215,-13.981,26.221,WEW 35/1
215,-10.137,26.221,1059000000
215,-7.302,26.221,1162600000
215,-32.538,29.043,WEW 35/2
215,-29.334,29.043,AEB 35
215,-13.981,27.45,WEW 35/2
215,-10.137,27.45,1061200000
215,-7.302,27.45,1061210000
215,-10.137,28.679,2661280000
215,-7.302,28.679,2661300000
215,-32.269,31.496,ZEW 35
215,-29.577,31.496,ZEW 35/2
215,-13.981,29.908,ZEW 35
215,-10.137,29.908,9540000000
215,-13.981,31.137,ZEW 35/2
215,-10.137,31.137,8630740000
215,-7.302,31.137,1162610000
215,-7.303,34.126,0430300000
215,-7.303,34.745,0430400000
215,-7.303,35.359,0430500000
215,-7.304,35.974,0430600000
215,-7.304,36.588,0439000000
215,-7.304,37.202,0430700000
215,-7.304,37.817,0430800000
215,-7.304,38.431,0430900000
215,-7.305,39.045,0431000000
215,-7.305,39.66,0431100000
215,-7.305,40.274,0431200000
215,-7.305,40.888,0431300000
215,-7.305,41.503,0431400000
215,-7.302,44.483,1269070000
215,-15.487,47.48,EM 8/30
215,-7.302,47.48,1806120000
215,-15.487,48.099,SCHT 5 S
215,-7.302,48.099,1631930000
215,-15.488,48.714,SCHT 5
215,-7.303,48.714,0292460000
215,27.433,7.212,2838400000
215,27.433,7.832000000000001,2838510000
215,27.433,8.452,2838420000
215,27.432,9.072,2838450000
215,27.432,9.692,2838500000
215,27.432,10.312,2838410000
215,27.432,10.932,2838440000
215,27.431,11.552,2838460000
215,27.431,12.172,2838480000
215,27.431,12.792,2838470000
215,27.43,13.412,2838490000
215,27.433,14.034,1469570000
215,27.432,14.654,1469580000
215,27.432,15.274,1469470000
215,27.432,15.893999999999998,1469480000
215,30.267,16.514,1469530000
215,27.432,17.134,1469490000
215,30.266,17.754,1469540000
215,27.431,18.374,1469510000
215,30.266,18.994,1469550000
215,27.431,19.614,1469520000
215,30.265,20.234,1469560000
215,27.431,20.854,1469590000
215,27.43,21.474,1469610000
215,27.43,22.094,1478210000
215,27.433,22.715,1478220000
215,27.433,23.335,1478230000
215,27.433,23.955,1478100000
215,27.433,24.575,1478110000
215,30.267,25.195,1478170000
215,27.432,25.815,1478120000
215,27.432,26.435,1478130000
215,30.266,27.055,1478180000
215,27.431,27.675,1478140000
215,30.266,28.295,1478190000
215,27.431,28.915,1478150000
215,30.265,29.535,1478200000
215,27.431,30.155,1478240000
215,27.43,30.775,1478250000
215,27.43,31.395000000000003,1478270000
215,27.433,32.015,2466910000
215,27.433,32.636,2467020000
215,27.433,33.256,2466850000
215,27.433,33.876,2466970000
215,27.433,34.496,2466870000
215,30.267,35.116,2467060000
215,27.433,35.736,2466980000
215,30.267,36.356,2467070000
215,27.432,36.976,2466880000
215,30.267,37.596,2467080000
215,27.433,38.216,2466990000
215,30.267,38.836,2467090000
215,27.432,39.456,2466890000
215,30.267,40.076,2467100000
215,27.433,40.697,2467000000
215,30.267,41.317,2467110000
215,27.432,41.937,2466900000
215,30.267,42.557,2467120000
215,27.433,43.177,2467010000
215,30.267,43.797,2467130000
215,27.432,44.418,2467030000
215,30.267,45.038,2467150000
215,27.433,45.657,2467040000
215,30.267,46.277,2467160000
215,27.432,46.897,2466920000
215,30.267,47.517,2467170000
215,27.433,48.138,2467050000
215,30.267,48.758,2467180000
216,31.241,25.558,2580210000
216,31.241,26.178,2580220000
216,31.241,26.798,2580240000
216,31.241,27.418,2580180000
216,31.242,28.038,2580190000
216,31.242,28.658,2580230000
216,31.242,29.278,2580260000
216,31.242,29.898,2580270000
216,12.86,34.89,1-phase
216,15.293,35.515,240 VAC
216,31.242,34.895,2907940000
216,12.86,36.135,3-phase
216,31.242,36.135,2907880000
216,12.727,9.892,0-60 VDC
216,24.74,9.582,PRO DM 10
216,31.242,9.582,2486070000
216,24.74,10.207,PRO DM 20
216,31.242,10.207,2486080000
216,24.74,10.827,PRO RM 10
216,31.242,10.827,2486090000
216,24.74,11.447,PRO RM 20
216,31.242,11.447,2486100000
216,5.501,12.091,PRO DM10
216,7.801,12.091,PRO RM10
216,10.049,12.091,PRO RM 40
216,24.74,12.067,PRO RM 40
216,31.242,12.067,2486110000
216,12.878,15.092,12 VDC
216,31.241,14.782,2869000000
216,31.242,15.407,2869030000
216,31.242,16.027,2869010000
216,31.242,16.647,2001800000
216,31.242,17.267,2627650000
216,31.242,17.887,2001810000
216,31.242,18.507,2627640000
216,31.242,19.127,2001820000
216,31.242,19.747,2627630000
216,31.243,20.367,2869050000
216,31.242,20.987,2627660000
216,31.242,21.607,2869020000
216,31.243,22.227,2869040000
216,31.243,22.847,2869060000
216,68.447,13.975,1370050010
216,68.447,15.209,1370040010
216,68.447,16.471,2789890000
216,68.447,17.7,2789900000
216,68.447,18.941,2789910000
216,68.447,20.181,2789920000
216,68.447,21.41,2789930000
216,68.447,22.672,2786240000
216,68.447,23.901,2786250000
217,-5.963,25.558,2580210000
217,-5.963,26.178,2580220000
217,-5.963,26.798,2580240000
217,-5.963,27.418,2580180000
217,-5.963,28.038,2580190000
217,-5.962,28.658,2580230000
217,-5.962,29.278,2580260000
217,-5.962,29.898,2580270000
217,-24.344,34.89,1-phase
217,-21.912,35.515,240 VAC
217,-5.963,34.895,2907940000
217,-24.344,36.135,3-phase
217,-5.963,36.135,2907880000
217,-24.478,9.892,0-60 VDC
217,-12.465,9.582,PRO DM 10
217,-5.963,9.582,2486070000
217,-12.465,10.207,PRO DM 20
217,-5.963,10.207,2486080000
217,-12.465,10.827,PRO RM 10
217,-5.963,10.827,2486090000
217,-12.465,11.447,PRO RM 20
217,-5.963,11.447,2486100000
217,-31.704,12.091,PRO DM10
217,-29.404,12.091,PRO RM10
217,-27.156,12.091,PRO RM 40
217,-12.465,12.067,PRO RM 40
217,-5.963,12.067,2486110000
217,-24.326,15.092,12 VDC
217,-5.963,14.782,2869000000
217,-5.963,15.407,2869030000
217,-5.963,16.027,2869010000
217,-5.962,16.647,2001800000
217,-5.962,17.267,2627650000
217,-5.962,17.887,2001810000
217,-5.962,18.507,2627640000
217,-5.962,19.127,2001820000
217,-5.962,19.747,2627630000
217,-5.962,20.367,2869050000
217,-5.962,20.987,2627660000
217,-5.962,21.607,2869020000
217,-5.962,22.227,2869040000
217,-5.961,22.847,2869060000
217,31.242,13.975,1370050010
217,31.242,15.209,1370040010
217,31.242,16.471,2789890000
217,31.242,17.7,2789900000
217,31.242,18.941,2789910000
217,31.242,20.181,2789920000
217,31.242,21.41,2789930000
217,31.242,22.672,2786240000
217,31.242,23.901,2786250000
218,23.802,9.892,AMG FIM-0
218,29.773,9.892,2081870000
218,29.773,11.137,2081880000
218,29.773,14.755,2081900000
218,29.773,16.62,2081890000
218,23.803,19.99,AMG ELM-1F
218,29.773,19.99,2080420000
218,23.803,20.615,AMG ELM-2F
218,29.773,20.615,2080480000
218,23.803,21.235,AMG ELM-4F
218,29.773,21.235,2080490000
218,23.803,21.855,AMG ELM-6F
218,29.773,21.855,2080500000
218,23.803,22.475,AMG ELM-8F
218,29.773,22.475,2080600000
218,23.803,23.095,AMG ELM-10F
218,29.773,23.095,2080650000
218,29.774,23.715,2838530000
218,23.803,24.335,AMG ELM-6
218,29.774,24.335,2080360000
218,23.803,24.955,AMG ELM-12
218,29.774,24.955,2080410000
218,23.803,25.575,AMG ELM-18
218,29.774,25.575,2859800000
218,23.803,26.195,AMG ELM-6D CO
218,29.774,26.195,2082440000
218,23.804,26.815,AMG ELM-10D CO
218,29.774,26.815,2082470000
218,16.344,29.823,ZQV 4N/10
218,24.086,29.827,2460740000
218,26.92,29.827,1528230000
218,29.755,29.823,1528090000
218,16.343,31.068,ZQV 4N/50
218,24.085,31.068,2460730000
218,26.92,31.068,1528240000
218,29.754,31.068,1528130000
218,52.653,9.892,10/100
218,55.874,11.442,C to 60
218,64.986,9.582,IE-SW-ELB-05-5TX
218,69.982,9.582,2828540000
218,64.986,10.207,IE-SW-ELB-08-8TX
218,69.982,10.207,2828550000
218,64.986,10.827,IE-SW-ELB-05-5GT
218,69.982,10.827,2828560000
218,64.986,11.447,IE-SW-ELB-08-8GT
218,69.982,11.447,2828570000
218,52.654,12.687,10/100
218,64.986,12.067,IE-SW-ELB-05-4TX-1FESFP
218,69.982,12.067,2828590000
218,64.986,12.687,IE-SW-ELB-08-6TX-2FESFP
218,69.982,12.687,2828600000
218,64.986,13.307,IE-SW-ELB-16-16TX
218,69.982,13.307,2828580000
218,52.653,14.237,10/100
218,55.874,17.647,C to 75
218,61.879,14.487,24VAC redundant
218,64.984,13.927,IE-SW-EL05-5TX
218,69.98,13.927,2682130000
218,64.984,14.547,IE-SW-EL08-8TX
218,69.98,14.547,2682140000
218,62.477,15.847,12-48VDC
218,64.985,15.167,IE-SW-EL05-5GT
218,69.981,15.167,2682210000
218,64.985,15.787,IE-SW-EL05-4GT-1GESFP
218,69.981,15.787,2682220000
218,64.986,16.407,IE-SW-EL08-8GT
218,69.982,16.407,2682230000
218,64.986,17.027,IE-SW-EL08-8GT-MINI
218,69.982,17.027,2705000000
218,52.653,17.647,10/100
218,62.478,17.957,12-48VDC
218,64.985,17.647,IE-SW-EL08-6TX-2SC
218,69.981,17.647,2682170000
218,52.525,19.447,2xGigabit
218,64.985,18.267,IE-SW-EL08-6TX-2SCS
218,69.981,18.267,2682180000
218,62.477,19.877,12-48VDC
218,64.985,18.887,IE-SW-EL16-16TX
218,69.981,18.887,2682150000
218,64.985,19.507,IE-SW-EL16-14TX-2FESFP
218,69.981,19.507,2682160000
218,64.985,20.127,IE-SW-EL18-16TX-2GC
218,69.981,20.127,2682200000
218,52.652,20.747,10/100
218,64.984,20.747,IE-SW-EL24-24TX
218,69.98,20.747,2682190000
218,64.984,21.367,IE-SW-EL10-8GT-2GESFP
218,69.98,21.367,2682240000
218,52.653,22.298,10/100
218,55.874,23.538,C to 75
218,58.474,22.298,PoE 802.3af/at
218,62.478,23.288,12-48VDC
218,64.986,21.988,IE-SW-EL6-4PoE-2SC
218,69.982,21.988,2682390000
218,64.986,22.608,IE-SW-EL8-8PoE
218,69.982,22.608,2682380000
218,57.858,23.288,Gigabit PoE 802.3af/at
218,64.986,23.228,IE-SW-EL8-8GTPoE
218,69.982,23.228,2682400000
218,64.986,23.848,IE-SW-EL10-8GTPoE-2GESFP
218,69.982,23.848,2682410000
218,64.985,24.778,IE-INJ-EL02-2GTPOE
218,69.981,24.778,2682440000
218,52.653,27.258,10/100
218,55.874,29.429,C to 75
218,62.478,29.179,12-48VDC
218,64.985,25.708,IE-SW-AL05LM-5TX
218,69.981,25.708,2682250000
218,64.985,26.328,IE-SW-AL06LM-4TX-2SC
218,69.981,26.328,2682260000
218,64.986,26.948,IE-SW-AL06LM-4TX-2SCS
218,69.982,26.948,2682270000
218,64.986,27.568,IE-SW-AL08M-8TX
218,69.982,27.568,2682280000
218,64.986,28.189,IE-SW-AL16M-16TX
218,69.982,28.189,2682310000
218,64.986,28.809,IE-SW-AL24M-24TX
218,69.982,28.809,2682320000
218,64.986,29.429,IE-SW-AL08M-6TX-2GT
218,69.982,29.429,2682290000
218,51.922,30.609,2xGigabit Combo
218,64.986,30.049,IE-SW-AL10M-8TX-2GC
218,69.982,30.049,2740420000
218,64.986,30.669,IE-SW-AL18M-16TX-2GC
218,69.982,30.669,2682330000
218,64.986,31.289,IE-SW-AL8M-8GT
218,69.982,31.289,2682350000
218,64.986,31.909,IE-SW-AL12M-8GT-4GESFP
218,69.982,31.909,2682340000
218,64.986,32.529,IE-SW-AL14M-12GT-2GESFP
218,69.982,32.529,2682360000
218,64.986,33.149,IE-SW-AL24M-16GT-8GESFP
218,69.982,33.149,2682370000
218,55.875,34.7,C to 75
218,57.858,34.45,Gigabit PoE 802.3af/at
218,62.479,34.45,12-48VDC
218,64.986,33.83,IE-SW-AL06M-4GTPOE-
218,64.986,34.33,2GESFP
218,69.982,34.08,2682430000
218,64.986,35.32,IE-SW-AL08M-8GTPOE
218,69.982,35.32,2682420000
218,48.161,39.014,10/100mb/s
218,59.494,38.389,IE-SFP-1FE-MM-2
218,69.982,38.389,2682450000
218,59.493,39.014,IE-SFP-1FE-SM-30
218,69.981,39.014,2682460000
218,59.493,39.634,IE-SFP-1FE-SM-60
218,69.981,39.634,2682470000
218,59.492,40.254,IE-SFP-1GE-MM-05
218,69.98,40.254,2682480000
218,59.492,40.874,IE-SFP-1GE-MM-2
218,69.98,40.874,2682490000
218,59.492,41.494,IE-SFP-1GE-SM-10
218,69.98,41.494,2682500000
218,59.491,42.114,IE-SFP-1GE-SM-40
218,69.979,42.114,2682510000
218,48.873,46.388,48 VDC
218,54.742,45.958,802.3at/af/bt
218,58.165,45.458,VDATA CAT6
218,69.982,45.458,1348590000
218,54.742,47.823,802.3at/af/bt
218,58.165,47.323,VDATA CAT5E
218,69.982,47.323,2916360000
219,-13.402,9.892,AMG FIM-0
219,-7.431,9.892,2081870000
219,-7.431,11.137,2081880000
219,-7.43,14.755,2081900000
219,-7.43,16.62,2081890000
219,-13.4,19.991,AMG ELM-1F
219,-7.429,19.991,2080420000
219,-13.4,20.616,AMG ELM-2F
219,-7.429,20.616,2080480000
219,-13.4,21.236,AMG ELM-4F
219,-7.429,21.236,2080490000
219,-13.4,21.856,AMG ELM-6F
219,-7.429,21.856,2080500000
219,-13.4,22.476,AMG ELM-8F
219,-7.429,22.476,2080600000
219,-13.4,23.096,AMG ELM-10F
219,-7.429,23.096,2080650000
219,-7.429,23.716,2838530000
219,-13.399,24.336,AMG ELM-6
219,-7.429,24.336,2080360000
219,-13.399,24.956,AMG ELM-12
219,-7.429,24.956,2080410000
219,-13.399,25.576,AMG ELM-18
219,-7.429,25.576,2859800000
219,-13.399,26.196,AMG ELM-6D CO
219,-7.429,26.196,2082440000
219,-13.399,26.816,AMG ELM-10D CO
219,-7.428,26.816,2082470000
219,-20.858,29.823,ZQV 4N/10
219,-13.116,29.827,2460740000
219,-10.281,29.827,1528230000
219,-7.447,29.823,1528090000
219,-20.858,31.068,ZQV 4N/50
219,-13.116,31.068,2460730000
219,-10.282,31.068,1528240000
219,-7.447,31.068,1528130000
219,15.448,9.892,10/100
219,18.669,11.442,C to 60
219,27.782,9.582,IE-SW-ELB-05-5TX
219,32.778,9.582,2828540000
219,27.782,10.207,IE-SW-ELB-08-8TX
219,32.778,10.207,2828550000
219,27.782,10.827,IE-SW-ELB-05-5GT
219,32.778,10.827,2828560000
219,27.782,11.447,IE-SW-ELB-08-8GT
219,32.778,11.447,2828570000
219,15.45,12.687,10/100
219,27.782,12.067,IE-SW-ELB-05-4TX-1FESFP
219,32.778,12.067,2828590000
219,27.782,12.687,IE-SW-ELB-08-6TX-2FESFP
219,32.778,12.687,2828600000
219,27.782,13.307,IE-SW-ELB-16-16TX
219,32.778,13.307,2828580000
219,15.448,14.237,10/100
219,18.669,17.647,C to 75
219,24.675,14.487,24VAC redundant
219,27.78,13.927,IE-SW-EL05-5TX
219,32.776,13.927,2682130000
219,27.78,14.547,IE-SW-EL08-8TX
219,32.776,14.547,2682140000
219,25.273,15.847,12-48VDC
219,27.78,15.167,IE-SW-EL05-5GT
219,32.776,15.167,2682210000
219,27.78,15.787,IE-SW-EL05-4GT-1GESFP
219,32.776,15.787,2682220000
219,27.781,16.407,IE-SW-EL08-8GT
219,32.777,16.407,2682230000
219,27.781,17.027,IE-SW-EL08-8GT-MINI
219,32.777,17.027,2705000000
219,15.448,17.647,10/100
219,25.273,17.957,12-48VDC
219,27.78,17.647,IE-SW-EL08-6TX-2SC
219,32.776,17.647,2682170000
219,15.32,19.447,2xGigabit
219,27.78,18.267,IE-SW-EL08-6TX-2SCS
219,32.776,18.267,2682180000
219,25.274,19.878,12-48VDC
219,27.781,18.888,IE-SW-EL16-16TX
219,32.777,18.888,2682150000
219,27.781,19.508,IE-SW-EL16-14TX-2FESFP
219,32.777,19.508,2682160000
219,27.781,20.128,IE-SW-EL18-16TX-2GC
219,32.777,20.128,2682200000
219,15.449,20.748,10/100
219,27.781,20.748,IE-SW-EL24-24TX
219,32.777,20.748,2682190000
219,27.781,21.368,IE-SW-EL10-8GT-2GESFP
219,32.777,21.368,2682240000
219,15.448,22.298,10/100
219,18.669,23.538,C to 75
219,21.269,22.298,PoE 802.3af/at
219,25.273,23.288,12-48VDC
219,27.781,21.988,IE-SW-EL6-4PoE-2SC
219,32.777,21.988,2682390000
219,27.781,22.608,IE-SW-EL8-8PoE
219,32.777,22.608,2682380000
219,20.653,23.288,Gigabit PoE 802.3af/at
219,27.781,23.228,IE-SW-EL8-8GTPoE
219,32.777,23.228,2682400000
219,27.781,23.848,IE-SW-EL10-8GTPoE-2GESFP
219,32.777,23.848,2682410000
219,27.78,24.778,IE-INJ-EL02-2GTPOE
219,32.776,24.778,2682440000
219,15.448,27.258,10/100
219,18.669,29.429,C to 75
219,25.273,29.179,12-48VDC
219,27.78,25.708,IE-SW-AL05LM-5TX
219,32.776,25.708,2682250000
219,27.78,26.328,IE-SW-AL06LM-4TX-2SC
219,32.776,26.328,2682260000
219,27.781,26.948,IE-SW-AL06LM-4TX-2SCS
219,32.777,26.948,2682270000
219,27.781,27.568,IE-SW-AL08M-8TX
219,32.777,27.568,2682280000
219,27.781,28.189,IE-SW-AL16M-16TX
219,32.777,28.189,2682310000
219,27.781,28.809,IE-SW-AL24M-24TX
219,32.777,28.809,2682320000
219,27.781,29.429,IE-SW-AL08M-6TX-2GT
219,32.777,29.429,2682290000
219,14.717,30.609,2xGigabit Combo
219,27.781,30.049,IE-SW-AL10M-8TX-2GC
219,32.777,30.049,2740420000
219,27.781,30.669,IE-SW-AL18M-16TX-2GC
219,32.777,30.669,2682330000
219,27.781,31.289,IE-SW-AL8M-8GT
219,32.777,31.289,2682350000
219,27.781,31.909,IE-SW-AL12M-8GT-4GESFP
219,32.777,31.909,2682340000
219,27.781,32.529,IE-SW-AL14M-12GT-2GESFP
219,32.777,32.529,2682360000
219,27.781,33.149,IE-SW-AL24M-16GT-8GESFP
219,32.777,33.149,2682370000
219,18.67,34.7,C to 75
219,20.653,34.45,Gigabit PoE 802.3af/at
219,25.274,34.45,12-48VDC
219,27.781,33.83,IE-SW-AL06M-4GTPOE-
219,27.781,34.33,2GESFP
219,32.777,34.08,2682430000
219,27.781,35.32,IE-SW-AL08M-8GTPOE
219,32.777,35.32,2682420000
219,10.957,39.014,10/100mb/s
219,22.289,38.389,IE-SFP-1FE-MM-2
219,32.777,38.389,2682450000
219,22.289,39.014,IE-SFP-1FE-SM-30
219,32.777,39.014,2682460000
219,22.288,39.634,IE-SFP-1FE-SM-60
219,32.776,39.634,2682470000
219,22.288,40.254,IE-SFP-1GE-MM-05
219,32.776,40.254,2682480000
219,22.288,40.874,IE-SFP-1GE-MM-2
219,32.776,40.874,2682490000
219,22.287,41.494,IE-SFP-1GE-SM-10
219,32.775,41.494,2682500000
219,22.287,42.114,IE-SFP-1GE-SM-40
219,32.775,42.114,2682510000
219,11.668,46.388,48 VDC
219,17.537,45.958,802.3at/af/bt
219,20.96,45.458,VDATA CAT6
219,32.777,45.458,1348590000
219,17.537,47.823,802.3at/af/bt
219,20.96,47.323,VDATA CAT5E
219,32.777,47.323,2916360000
220,12.195,38.764,2 x RJ45
220,25.513,39.009,IE-UGW-2TX-2RS232/485
220,29.978,39.009,7940124932
220,12.195,40.624,2 x RJ45
220,25.513,40.874,IE-UGW-2TX-4RS232/485
220,29.978,40.874,7940124933
220,2.944,11.285,61850-3
220,14.133,10.762,3xGigabit Combo
220,17.857,11.502,IEC 61850-3
220,24.096,9.892,IE-SW-SL10M-7TX-3GC-LV
220,29.978,9.892,2778960000
220,21.186,10.887,110/220 VDC
220,21.188,11.387,110/230 VAC
220,24.097,11.137,IE-SW-SL10M-7TX-3GC-HV
220,29.979,11.137,2778950000
220,24.097,12.377,IE-SW-SL20M-8GT-12GESFP-LV
220,29.979,12.377,2778980000
220,21.187,13.367,110/220 VDC
220,21.188,13.867,110/230 VAC
220,24.097,13.617,IE-SW-SL20M-8GT-12GESFP-HV
220,29.979,13.617,2778970000
220,14.133,15.727,2xGigabit Combo
220,17.857,15.227,IEC 61850-3
220,24.097,14.857,IE-SW-SL26M-24TX-2GC-LV
220,29.979,14.857,2779000000
220,21.187,15.847,110/220 VDC
220,21.188,16.347,110/230 VAC
220,24.097,16.097,IE-SW-SL26M-24TX-2GC-HV
220,29.979,16.097,2778990000
220,15.43,20.044,IEC 61850-3 Substation
220,24.097,19.424,IE-SW-SL28M-LV
220,29.979,19.424,2779020000
220,21.187,20.419,110/220 VDC
220,21.188,20.919,110/230 VAC
220,24.097,20.669,IE-SW-SL28M-HV
220,29.979,20.669,2779010000
220,2.444,22.808,mount Layer 3
220,24.097,21.909,IE-SW-L3-SL28M-LV
220,29.979,21.909,2875590000
220,21.187,22.899,110/220 VDC
220,21.189,23.399,110/230 VAC
220,24.098,23.149,IE-SW-L3-SL28M-HV
220,29.98,23.149,2875580000
220,20.238,28.895,IE-SW-SL28M series
220,24.096,26.164,IE-SWM-SL08-8GT
220,29.978,26.164,2779140000
220,24.096,26.789,IE-SWM-SL08-8GESFP
220,29.978,26.789,2779150000
220,24.096,27.409,IE-SWM-SL04-4SC
220,29.978,27.409,2779170000
220,24.097,28.029,IE-SWM-SL04-4SCS
220,29.979,28.029,2779160000
220,24.097,28.649,IE-SWM-SL04-4ST
220,29.979,28.649,2779190000
220,24.096,29.27,IE-SWM-SL04-4STS
220,29.978,29.27,2779180000
220,24.096,29.89,IE-SWM-SL04-4GESFP
220,29.978,29.89,2779200000
220,29.978,30.51,2779210000
220,29.978,31.13,2779220000
220,2.331,34.799,Routers and 4G
220,12.284,34.02,2 x RJ45
220,11.622,35.02,RS232/422/485
220,15.591,34.151,802.11b/g/n
220,25.691,34.146,IE-SR-2TX-WL
220,29.978,34.125,2682590000
220,15.917000000000002,35.641,4G LTE
220,19.202,35.391,4G Security Router
220,25.691,35.391,IE-SR-2TX-WL-4G-EU
220,29.978,35.37,2682560000
220,12.373,44.876,2 x RJ45
220,25.336,45.121,IE-CS-MBGW-2TX-1COM
220,29.978,45.121,2682600000
221,-25.01,38.764,2 x RJ45
221,-11.692,39.009,IE-UGW-2TX-2RS232/485
221,-7.227,39.009,7940124932
221,-25.01,40.624,2 x RJ45
221,-11.692,40.874,IE-UGW-2TX-4RS232/485
221,-7.227,40.874,7940124933
221,-34.26,11.285,61850-3
221,-23.072,10.762,3xGigabit Combo
221,-19.348,11.502,IEC 61850-3
221,-13.109,9.892,IE-SW-SL10M-7TX-3GC-LV
221,-7.227,9.892,2778960000
221,-16.019,10.887,110/220 VDC
221,-16.017,11.387,110/230 VAC
221,-13.108,11.137,IE-SW-SL10M-7TX-3GC-HV
221,-7.226,11.137,2778950000
221,-13.108,12.377,IE-SW-SL20M-8GT-12GESFP-LV
221,-7.226,12.377,2778980000
221,-16.018,13.367,110/220 VDC
221,-16.017,13.867,110/230 VAC
221,-13.108,13.617,IE-SW-SL20M-8GT-12GESFP-HV
221,-7.226,13.617,2778970000
221,-23.072,15.727,2xGigabit Combo
221,-19.348,15.227,IEC 61850-3
221,-13.108,14.857,IE-SW-SL26M-24TX-2GC-LV
221,-7.226,14.857,2779000000
221,-16.018,15.847,110/220 VDC
221,-16.017,16.347,110/230 VAC
221,-13.108,16.097,IE-SW-SL26M-24TX-2GC-HV
221,-7.226,16.097,2778990000
221,-21.774,20.044,IEC 61850-3 Substation
221,-13.107,19.424,IE-SW-SL28M-LV
221,-7.225,19.424,2779020000
221,-16.017,20.419,110/220 VDC
221,-16.016,20.919,110/230 VAC
221,-13.107,20.669,IE-SW-SL28M-HV
221,-7.225,20.669,2779010000
221,-34.76,22.808,mount Layer 3
221,-13.107,21.909,IE-SW-L3-SL28M-LV
221,-7.225,21.909,2875590000
221,-16.017,22.899,110/220 VDC
221,-16.015,23.399,110/230 VAC
221,-13.106,23.149,IE-SW-L3-SL28M-HV
221,-7.224,23.149,2875580000
221,-16.966,28.895,IE-SW-SL28M series
221,-13.109,26.164,IE-SWM-SL08-8GT
221,-7.227,26.164,2779140000
221,-13.108,26.789,IE-SWM-SL08-8GESFP
221,-7.226,26.789,2779150000
221,-13.108,27.409,IE-SWM-SL04-4SC
221,-7.226,27.409,2779170000
221,-13.108,28.029,IE-SWM-SL04-4SCS
221,-7.226,28.029,2779160000
221,-13.108,28.649,IE-SWM-SL04-4ST
221,-7.226,28.649,2779190000
221,-13.109,29.27,IE-SWM-SL04-4STS
221,-7.227,29.27,2779180000
221,-13.109,29.89,IE-SWM-SL04-4GESFP
221,-7.227,29.89,2779200000
221,-7.227,30.51,2779210000
221,-7.227,31.13,2779220000
221,-34.874,34.799,Routers and 4G
221,-24.921,34.02,2 x RJ45
221,-25.583,35.02,RS232/422/485
221,-21.614,34.151,802.11b/g/n
221,-11.514,34.146,IE-SR-2TX-WL
221,-7.227,34.125,2682590000
221,-21.288,35.641,4G LTE
221,-18.003,35.391,4G Security Router
221,-11.514,35.391,IE-SR-2TX-WL-4G-EU
221,-7.227,35.37,2682560000
221,-24.832,44.876,2 x RJ45
221,-11.869,45.121,IE-CS-MBGW-2TX-1COM
221,-7.227,45.121,2682600000
221,11.914,12.067,RJ45-RJ45 Coupling
221,18.598,12.067,RJ45-RJ45 Coupling Angled
221,26.524,12.067,RJ45 Field Wireable
221,12.539,12.687,IE-TO-RJ45-C
221,19.4,12.687,IE-XM-RJ45/RJ45
221,26.889,12.687,IE-TO-RJ45-FJ-A
221,12.403,13.307,8946920000
221,19.696,13.307,8879050000
221,26.99,13.307,8946930000
221,12.268,17.027,IE-XM-RJ45/IDC
221,12.402,17.647,8808360000
221,19.696,17.647,8947010000
221,26.989,17.647,8947020000
221,12.402,21.988,8808340000
221,19.696,21.988,8946970000
221,26.989,21.988,8946980000
221,12.39,25.088,RJ45 Coupling
221,12.301,25.708,IE-TO-RJ45-C-LP
221,19.693,25.708,IE-TO-SP0-C-LP
221,12.402,26.328,2812440000
221,19.695,26.328,2870790000
221,2.335,28.837,RJ45 plugs
221,11.579,30.049,IE-PS-RJ45-FH-180-A-1.6
221,18.612,30.049,IE-PS-RJ45-FH-180-A-1.6-CG
221,26.277,30.049,IE-PS-RJ45-FH-90-A-1.6
221,12.402,30.669,1992820000
221,19.695,30.669,2703390000
221,26.989,30.669,1992870000
221,11.914,33.77,RJ45-RJ45 Coupling
221,19.258,33.77,RJ45 Field wireable
221,12.402,34.39,IE-FCM-RJ45-C
221,19.458,34.39,IE-FCM-RJ45-FJ-A
221,12.402,35.01,1018790000
221,19.696,35.01,1018810000
221,26.989,35.01,1018840000
221,19.443,38.11,USB 3.0 Coupling
221,19.236,38.73,IE-FCM-USB 3.0-A/A
221,27.087,38.73,IE-FCM-SP0-C
221,12.402,39.35,1222550000
221,19.696,39.35,1427960000
221,26.989,39.35,2870820000
221,18.429,42.451,RJ45-RJ45 Coupling bulkhead
221,11.612,43.071,IE-PS-V01M-RJ45-FH-BP
221,19.275,43.071,IE-BS-V01M-RJ45-C
221,26.331,43.071,IE-BS-V01M-RJ45-FJ-A
221,12.402,43.691,1963130000
221,19.695,43.691,1963470000
221,26.989,43.691,1963480000
221,18.429,46.791,RJ45-RJ45 Coupling bulkhead
221,11.94,47.411,IE-PS-V01P-RJ45-FH
221,19.333,47.411,IE-BS-V01P-RJ45-C
221,26.389,47.411,IE-BS-V01P-RJ45-FJ-A
221,12.401,48.031,1012490000
221,19.695,48.031,1012370000
221,26.988,48.031,1012380000
222,11.295,12.687,SAISM-4/8S-M12-4P D-COD
222,19.094,12.687,SAISP-M-4D-4/8-M12
222,26.906,12.687,IE-M12-ADAP 2
222,12.402,13.307,1892120000
222,19.696,13.307,2681680000
222,26.989,13.307,8901620000
222,11.28,17.027,SAISW-4/8S-M12-4P D-COD
222,18.911,17.027,SAISWP-M-4D-4/8-M12
222,26.061,17.027,IE-AD-M12DRJ45-MF-180
222,12.403,17.647,1160550000
222,19.696,17.647,2681690000
222,26.99,17.647,1514970000
222,12.205,21.368,IE-PS-M12X-P-FH
222,19.075,21.368,IE-AD-M12XRJ45-180
222,12.402,21.988,1324020000
222,19.696,21.988,1400620000
222,2.207,38.93,IP65 Service
222,13.343,34.191,IE-FC-SET-IPAUS01-CAB-P
222,24.216,34.191,IE-FC-SET-IPAUS01-CAB-M
222,14.221,34.811,7940127809
222,25.152,34.811,7940127810
222,11.553,24.681,1165940005
222,14.476,24.681,1165900005
222,17.399,24.681,1251610005
222,20.322,24.681,1251590005
222,23.245,24.681,1166030005
222,26.168,24.681,1201270005
222,29.091,24.681,1251580005
222,11.552,25.301,1165940010
222,14.475,25.301,1165900010
222,17.398,25.301,1251610010
222,20.321,25.301,1251590010
222,23.244,25.301,1166030010
222,26.167,25.301,1201270010
222,29.09,25.301,1251580010
222,11.55,25.921,1165940015
222,14.473,25.921,1165900015
222,17.396,25.921,1251610015
222,20.319,25.921,1251590015
222,23.242,25.921,1166030015
222,26.165,25.921,1201270015
222,29.088,25.921,1251580015
222,11.549,26.541,1165940020
222,14.472,26.541,1165900020
222,17.395,26.541,1251610020
222,20.318,26.541,1251590020
222,23.241,26.541,1166030020
222,26.164,26.541,1201270020
222,29.087,26.541,1251580020
222,11.548,27.161,1165940030
222,14.471,27.161,1165900030
222,17.394,27.161,1251610030
222,20.317,27.161,1251590030
222,23.24,27.161,1166030030
222,26.163,27.161,1201270030
222,29.086,27.161,1251580030
222,11.547,27.781,1165940050
222,14.47,27.781,1165900050
222,17.393,27.781,1251610050
222,20.316,27.781,1251590050
222,23.239,27.781,1166030050
222,26.162,27.781,1201270050
222,29.085,27.781,1251580050
222,11.546,28.401,1165940100
222,14.469,28.401,1165900100
222,17.392,28.401,1251610100
222,20.315,28.401,1251590100
222,23.238,28.401,1166030100
222,26.161,28.401,1201270100
222,29.084,28.401,1251580100
222,48.545,13.646,UR20-FBC-EIP
222,64.291,18.297,64 active I/O
222,67.004,13.641,1334920000
222,48.544,15.506,UR20-FBC-EIP-V2
222,67.005,15.507,1550550000
222,48.545,17.367,UR20-FBC-MOD-TCP-V2
222,67.005,17.367,2476450000
222,48.545,19.227,UR20-FBC-PN-IRT-V2
222,67.005,19.227,2566380000
222,48.545,21.087,UR20-FBC-PB-DP-V2
222,55.868,21.087,PROFIBUS DP-V1
222,67.005,21.087,2614380000
222,48.545,22.947,UR20-FBC-EC
222,67.005,22.947,1334910000
222,61.832,26.982,UR20-16DI-P
222,67.005,26.977,1315200000
222,61.832,27.602,UR20-16DI-P-PLC-INT
222,67.005,27.602,1315210000
222,67.005,28.222,1315180000
222,61.832,28.842,UR20-16DO-P
222,67.005,28.842,1315250000
222,61.832,29.462,UR20-16DO-P-PLC-INT
222,67.005,29.462,1315270000
222,61.832,30.082,UR20-8DO-P
222,67.005,30.082,1315240000
222,61.832,30.702,UR20-4RO-CO-255
222,67.005,30.702,1315550000
222,67.005,31.322000000000003,2456530000
222,61.832,31.942,UR20-4RO-CO-255
222,67.005,31.942,1315550000
222,61.832,32.562,UR20-4RO-SSR-255
222,67.005,32.562,1315540000
222,61.832,33.183,UR20-4AI-UI-16
222,67.005,33.183,1315620000
222,61.832,33.803,UR20-4AI-UI-16-DIAG
222,67.005,33.803,1315690000
222,61.832,34.423,UR20-4AI-I-HART-16-DIAG
222,67.005,34.423,2617520000
222,61.832,35.043,UR20-4AO-UI-16
222,67.005,35.043,1315680000
222,61.832,35.663,UR20-4AO-UI-16-DIAG
222,67.005,35.663,1315730000
222,53.86,36.283,4-wire RTD input
222,61.832,36.283,UR20-4AI-RTD-DIAG
222,67.005,36.283,1315700000
222,53.86,36.903,2-wire Thermocouple input
222,61.832,36.903,UR20-4AI-TC-DIAG
222,67.005,36.903,1315710000
222,61.832,37.523,UR20-2AI-SG-24-DIAG
222,67.005,37.523,1990070000
222,61.832,38.143,UR20-1COM-232-485-422-V2
222,67.005,38.143,2826800000
222,61.832,38.763,UR20-PF-I
222,67.005,38.763,1334710000
222,61.832,39.383,UR20-PF-O
222,67.005,39.383,1334740000
223,-25.91,12.687,SAISM-4/8S-M12-4P D-COD
223,-18.11,12.687,SAISP-M-4D-4/8-M12
223,-10.299,12.687,IE-M12-ADAP 2
223,-24.802,13.307,1892120000
223,-17.509,13.307,2681680000
223,-10.215,13.307,8901620000
223,-25.925,17.027,SAISW-4/8S-M12-4P D-COD
223,-18.294,17.027,SAISWP-M-4D-4/8-M12
223,-11.144,17.027,IE-AD-M12DRJ45-MF-180
223,-24.802,17.647,1160550000
223,-17.508,17.647,2681690000
223,-10.215,17.647,1514970000
223,-25.0,21.368,IE-PS-M12X-P-FH
223,-18.129,21.368,IE-AD-M12XRJ45-180
223,-24.802,21.988,1324020000
223,-17.509,21.988,1400620000
223,-34.998,38.929,IP65 Service
223,-23.861,34.19,IE-FC-SET-IPAUS01-CAB-P
223,-12.988,34.19,IE-FC-SET-IPAUS01-CAB-M
223,-22.983,34.81,7940127809
223,-12.052,34.81,7940127810
223,-25.652,24.68,1165940005
223,-22.729,24.68,1165900005
223,-19.806,24.68,1251610005
223,-16.883,24.68,1251590005
223,-13.96,24.68,1166030005
223,-11.037,24.68,1201270005
223,-8.114,24.68,1251580005
223,-25.653,25.3,1165940010
223,-22.73,25.3,1165900010
223,-19.807,25.3,1251610010
223,-16.884,25.3,1251590010
223,-13.961,25.3,1166030010
223,-11.038,25.3,1201270010
223,-8.115,25.3,1251580010
223,-25.654,25.92,1165940015
223,-22.731,25.92,1165900015
223,-19.808,25.92,1251610015
223,-16.885,25.92,1251590015
223,-13.962,25.92,1166030015
223,-11.039,25.92,1201270015
223,-8.116,25.92,1251580015
223,-25.655,26.54,1165940020
223,-22.732,26.54,1165900020
223,-19.809,26.54,1251610020
223,-16.886,26.54,1251590020
223,-13.963,26.54,1166030020
223,-11.04,26.54,1201270020
223,-8.117,26.54,1251580020
223,-25.656,27.16,1165940030
223,-22.733,27.16,1165900030
223,-19.81,27.16,1251610030
223,-16.887,27.16,1251590030
223,-13.964,27.16,1166030030
223,-11.041,27.16,1201270030
223,-8.118,27.16,1251580030
223,-25.657,27.78,1165940050
223,-22.734,27.78,1165900050
223,-19.811,27.78,1251610050
223,-16.888,27.78,1251590050
223,-13.965,27.78,1166030050
223,-11.042,27.78,1201270050
223,-8.119,27.78,1251580050
223,-25.659,28.4,1165940100
223,-22.736,28.4,1165900100
223,-19.813,28.4,1251610100
223,-16.89,28.4,1251590100
223,-13.967,28.4,1166030100
223,-11.044,28.4,1201270100
223,-8.121,28.4,1251580100
223,11.34,13.646,UR20-FBC-EIP
223,27.086,18.297,64 active I/O
223,29.799,13.641,1334920000
223,11.339,15.506,UR20-FBC-EIP-V2
223,29.8,15.507,1550550000
223,11.34,17.367,UR20-FBC-MOD-TCP-V2
223,29.8,17.367,2476450000
223,11.34,19.227,UR20-FBC-PN-IRT-V2
223,29.8,19.227,2566380000
223,11.34,21.087,UR20-FBC-PB-DP-V2
223,18.663,21.087,PROFIBUS DP-V1
223,29.8,21.087,2614380000
223,11.34,22.948,UR20-FBC-EC
223,29.8,22.948,1334910000
223,24.628,26.982,UR20-16DI-P
223,29.801,26.977,1315200000
223,24.628,27.602,UR20-16DI-P-PLC-INT
223,29.801,27.602,1315210000
223,29.801,28.222,1315180000
223,24.628,28.842,UR20-16DO-P
223,29.801,28.842,1315250000
223,24.628,29.462,UR20-16DO-P-PLC-INT
223,29.801,29.462,1315270000
223,24.628,30.082,UR20-8DO-P
223,29.801,30.082,1315240000
223,24.628,30.702,UR20-4RO-CO-255
223,29.801,30.702,1315550000
223,29.801,31.322000000000003,2456530000
223,24.628,31.942,UR20-4RO-CO-255
223,29.801,31.942,1315550000
223,24.628,32.562,UR20-4RO-SSR-255
223,29.801,32.562,1315540000
223,24.628,33.183,UR20-4AI-UI-16
223,29.801,33.183,1315620000
223,24.628,33.803,UR20-4AI-UI-16-DIAG
223,29.801,33.803,1315690000
223,24.628,34.423,UR20-4AI-I-HART-16-DIAG
223,29.801,34.423,2617520000
223,24.628,35.043,UR20-4AO-UI-16
223,29.801,35.043,1315680000
223,24.628,35.663,UR20-4AO-UI-16-DIAG
223,29.801,35.663,1315730000
223,16.655,36.283,4-wire RTD input
223,24.627,36.283,UR20-4AI-RTD-DIAG
223,29.8,36.283,1315700000
223,16.655,36.903,2-wire Thermocouple input
223,24.627,36.903,UR20-4AI-TC-DIAG
223,29.8,36.903,1315710000
223,24.627,37.523,UR20-2AI-SG-24-DIAG
223,29.8,37.523,1990070000
223,24.627,38.143,UR20-1COM-232-485-422-V2
223,29.8,38.143,2826800000
223,24.627,38.763,UR20-PF-I
223,29.8,38.763,1334710000
223,24.627,39.383,UR20-PF-O
223,29.8,39.383,1334740000
224,14.003,11.262,128 KB NVRAM
224,25.107,12.993,UR20 I/O
224,27.284,10.512,UC20-WL2000-AC
224,30.686,10.512,1334950000
224,14.004,13.747,128 KB NVRAM
224,19.393,13.497,1 x USB-C
224,27.286,12.997,UC20-M3000
224,30.687,12.997,2839150000
224,14.004,16.227,512 KB NVRAM
224,19.393,15.977,1 x USB-C
224,27.285,15.477,UC20-M4000
224,30.687,15.477,2839160000
224,27.285,17.958,IOT-GW30
224,30.686,17.958,2682620000
224,19.479,20.167,1 x USB-A
224,27.285,20.438,IOT-GW30-4G-NA
224,30.686,20.438,2682640000
224,23.741,24.988,UV66-ADV-7-CAP-W-V2
224,30.686,24.988,2932870000
224,23.741,25.613,UV66-ADV-10-CAP-W-V2
224,30.686,25.613,2933040000
224,23.742,26.233,UV66-ADV-15-CAP-W-V2
224,30.687,26.233,2932860000
224,23.742,26.853,UV66-ADV-21-CAP-W-V2
224,30.687,26.853,2987520000
224,15.347,29.559,500 kB
224,30.687,29.559,2924000000
224,30.687,30.184,2924020000
224,30.686,30.804,2924030000
224,30.686,31.424,2924040000
224,30.685,32.044,2924050000
224,28.713,32.664,2 Cores
224,30.685,32.664,2924060000
224,28.712,33.284,4 Cores
224,30.684,33.284,2924070000
224,28.712,33.904,4 Cores
224,30.684,33.904,2924080000
224,47.648,11.516,1-phase
224,55.223,11.512,Class 1
224,63.426,10.392,EM110-RTU-2P
224,67.891,10.392,7760051002
224,63.426,12.636,EM111-RTU-2P
224,67.89,12.636,7760051001
224,47.647,18.236,3-phase
224,55.065,15.996,Class 0.5
224,63.426,14.876,EM120-RTU-2P
224,67.89,14.876,7760051004
224,63.426,17.116,EM122-RTU-2P
224,67.89,17.116,7760051003
224,54.978,20.475,Class 0.5s
224,63.425,19.355,EM220-RTU-4DI2DO
224,67.889,19.355,7760051005
224,63.424,21.595,EM220-RTU-4DI2DO-GW
224,67.889,21.595,7760051006
224,67.891,24.066,2421380000
224,67.891,24.646,1482040000
224,67.891,25.222,1482030000
224,67.891,25.798,2420960000
224,67.891,26.374,2420950000
224,67.891,26.95,2420940000
224,67.891,27.526,2420920000
224,67.891,28.102,2420910000
224,67.891,28.678,2420900000
224,67.891,29.254,2420890000
224,67.891,31.808,2593400000
224,61.271,34.916,RCMA-B22-D70-4.5
224,67.861,34.916,2593340000
224,61.271,35.541,RCMA-B22-D125-4.5
224,67.861,35.541,2593350000
224,61.271,36.161,RCMA-B22-D175-4.5
224,67.861,36.161,2593360000
224,67.912,39.035,2866030000
224,67.913,40.764,2866040000
224,67.913,42.004,2866050000
224,67.913,43.244,2866060000
224,67.913,44.484,3010990000
224,60.94,45.813,IE-C6GO6LR0008F40F40-X-K6KV
224,67.913,45.813,2860910008
224,60.94,46.699,IE-C6GO6LR0011F40F40-X-K6KV
224,67.913,46.699,2860910011
224,60.94,47.647,IE-C6GO6LR0020F40F40-X-K6KV
224,67.913,47.647,2860910020
225,10.444,11.516,1-phase
225,18.019,11.512,Class 1
225,26.222,10.392,EM110-RTU-2P
225,30.687,10.392,7760051002
225,26.222,12.636,EM111-RTU-2P
225,30.686,12.636,7760051001
225,10.444,18.235,3-phase
225,17.862,15.996,Class 0.5
225,26.222,14.876,EM120-RTU-2P
225,30.687,14.876,7760051004
225,26.222,17.115,EM122-RTU-2P
225,30.687,17.115,7760051003
225,17.774,20.475,Class 0.5s
225,26.221,19.355,EM220-RTU-4DI2DO
225,30.686,19.355,7760051005
225,26.222,21.595,EM220-RTU-4DI2DO-GW
225,30.686,21.595,7760051006
225,30.687,24.066,2421380000
225,30.686,24.646,1482040000
225,30.686,25.222,1482030000
225,30.686,25.798,2420960000
225,30.686,26.374,2420950000
225,30.686,26.95,2420940000
225,30.686,27.526,2420920000
225,30.686,28.102,2420910000
225,30.686,28.678,2420900000
225,30.686,29.254,2420890000
225,30.686,31.808,2593400000
225,24.066,34.916,RCMA-B22-D70-4.5
225,30.656,34.916,2593340000
225,24.066,35.541,RCMA-B22-D125-4.5
225,30.656,35.541,2593350000
225,24.066,36.161,RCMA-B22-D175-4.5
225,30.656,36.161,2593360000
225,30.707,39.035,2866030000
225,30.708,40.764,2866040000
225,30.708,42.004,2866050000
225,30.708,43.244,2866060000
225,30.708,44.484,3010990000
225,23.735,45.813,IE-C6GO6LR0008F40F40-X-K6KV
225,30.708,45.813,2860910008
225,23.735,46.699,IE-C6GO6LR0011F40F40-X-K6KV
225,30.708,46.699,2860910011
225,23.735,47.647,IE-C6GO6LR0020F40F40-X-K6KV
225,30.708,47.647,2860910020
226,23.135,9.479,TRS 5VDC 1CO
226,29.726,9.479,1122740000
226,32.56,9.479,2614830000
226,6.292,12.448,TRS 1CO
226,23.135,10.097,TRS 12VDC 1CO
226,29.725,10.097,1122750000
226,32.56,10.097,2618180000
226,23.135,10.711,TRS 12VDC 2CO
226,29.725,10.711,1123480000
226,32.56,10.711,2618550000
226,23.135,11.325,TRS 24VDC 1CO
226,29.725,11.325,1122770000
226,32.56,11.325,2618000000
226,23.135,11.938,TRS 24VDC 2CO
226,29.725,11.938,1123490000
226,32.56,11.938,2618400000
226,29.726,12.552,1123000000
226,32.56,12.552,2618110000
226,6.292,15.517,TRS 2CO
226,29.725,13.166,1123730000
226,32.56,13.166,2618530000
226,23.135,13.78,TRS 24VDC ACT
226,29.725,13.78,1381900000
226,32.56,13.78,2618230000
226,29.725,14.394,1479680000
226,32.559,14.394,2618100000
226,29.725,15.008,1984540000
226,32.56,15.008,2618020000
226,29.725,15.621,1479780000
226,32.559,15.621,2618090000
226,6.012,18.586,TRS 1CO PB
226,29.725,16.236,1479810000
226,32.56,16.236,2617930000
226,29.725,16.849,2855870000
226,32.56,16.849,2855800000
226,23.134,17.463,TRS 24VUC 1CO
226,29.725,17.463,1122780000
226,32.559,17.463,2618220000
226,23.134,18.077,TRS 24VUC 2CO
226,29.725,18.077,1123500000
226,32.559,18.077,2618320000
226,29.725,18.691,2855890000
226,32.559,18.691,2855810000
226,6.298,21.655,TRP 1CO
226,29.726,19.305,1123010000
226,32.561,19.305,2618160000
226,29.726,19.918,1123740000
226,32.561,19.918,2618540000
226,23.135,20.533,TRS 48VUC 1CO
226,29.726,20.533,1122790000
226,32.56,20.533,2618240000
226,23.135,21.147,TRS 48VUC 2CO
226,29.726,21.147,1123510000
226,32.56,21.147,2618520000
226,23.135,21.76,TRS 120VUC 1CO
226,29.726,21.76,1122810000
226,32.56,21.76,2618010000
226,23.135,22.374,TRS 230VUC 1CO
226,29.725,22.374,1122820000
226,32.56,22.374,2618050000
226,23.135,22.988,TRS 230VUC 2CO
226,29.725,22.988,1123540000
226,32.56,22.988,2618440000
226,9.176,23.601,230VAC
226,29.726,23.601,1122840000
226,32.56,23.601,2618200000
226,23.135,24.215,TRS 24-230VUC 1CO
226,29.726,24.215,2662850000
226,32.56,24.215,2663010000
226,23.135,24.829,TRS 24-230VUC 2CO
226,29.726,24.829,2662880000
226,32.56,24.829,2663040000
226,29.726,25.75,2855930000
226,32.56,25.75,2855910000
226,29.725,26.671,1126930000
226,32.559,26.671,2618600000
226,29.725,27.284,1126940000
226,32.559,27.284,2618790000
226,23.135,27.898,TOS 24VDC 24VDC2A
226,29.725,27.898,1127170000
226,32.56,27.898,2618720000
226,29.725,28.512,1127630000
226,32.559,28.512,2618700000
226,23.134,29.126,TOS 24VDC 24VDC5A
226,29.725,29.126,1990960000
226,32.559,29.126,2618840000
226,29.724,29.74,1126990000
226,32.558,29.74,2618690000
226,29.724,30.353,1127020000
226,32.558,30.353,2663070000
226,23.133,30.967,TOS 24-230VUC 230VAC1A
226,29.724,30.967,1127500000
226,32.558,30.967,2663090000
226,29.725,32.502,2706290000
226,32.56,32.502,2706430000
226,19.283,35.205,0-100s
226,29.726,34.958,2639560000
226,32.56,34.958,2639730000
226,32.56,36.492,2773930000
226,23.134,37.106,TRPL 5VDC 1CO
226,32.559,37.106,2774030000
226,23.134,37.72,TRPL 24VDC 1CO
226,32.559,37.72,2773890000
226,6.21,38.355,TRPL 1CO
226,23.134,38.333,TRPL 24VUC 1CO
226,32.559,38.333,2773970000
226,5.712,40.84,TRPL 1NO FUSE
226,23.135,38.947,TRPL 12-60VUC 1CO
226,32.56,38.947,2773770000
226,23.135,39.561,TRPL 24-230VUC 1CO
226,32.56,39.561,2773860000
226,23.135,40.175,TRPL 120VAC 1CO
226,32.56,40.175,2773800000
226,23.135,40.789,TRPL 230VAC 1CO
226,32.56,40.789,2773830000
226,32.561,41.403,1463520000
226,32.56,42.016,1463550000
226,32.56,42.63,1463540000
226,32.559,43.244,2774090000
226,32.559,43.858,2774080000
226,32.559,44.471,2774100000
226,18.049,45.971,2-pole
226,20.767,45.971,10-pole
226,23.602,45.971,51-pole
226,33.08,45.971,26-pole
226,17.379,46.951,2556350000
226,20.214,46.951,2556360000
226,23.048,46.951,2556370000
226,32.526,46.951,2556380000
226,17.379,47.565,2556390000
226,20.213,47.565,2556400000
226,23.048,47.565,2556410000
226,32.526,47.565,2556420000
226,17.379,48.179,2556430000
226,20.213,48.179,2556440000
226,23.048,48.179,2556450000
226,32.526,48.179,2556460000
226,17.379,48.792,2556470000
226,20.213,48.792,2556480000
226,23.048,48.792,2556490000
226,32.526,48.792,2556500000
227,-14.07,9.479,TRS 5VDC 1CO
227,-7.479,9.479,1122740000
227,-4.645,9.479,2614830000
227,-30.912,12.448,TRS 1CO
227,-14.07,10.097,TRS 12VDC 1CO
227,-7.479,10.097,1122750000
227,-4.645,10.097,2618180000
227,-14.07,10.711,TRS 12VDC 2CO
227,-7.479,10.711,1123480000
227,-4.645,10.711,2618550000
227,-14.07,11.325,TRS 24VDC 1CO
227,-7.479,11.325,1122770000
227,-4.645,11.325,2618000000
227,-14.07,11.938,TRS 24VDC 2CO
227,-7.479,11.938,1123490000
227,-4.645,11.938,2618400000
227,-7.479,12.552,1123000000
227,-4.644,12.552,2618110000
227,-30.912,15.517,TRS 2CO
227,-7.479,13.166,1123730000
227,-4.645,13.166,2618530000
227,-14.07,13.78,TRS 24VDC ACT
227,-7.479,13.78,1381900000
227,-4.645,13.78,2618230000
227,-7.48,14.394,1479680000
227,-4.645,14.394,2618100000
227,-7.479,15.008,1984540000
227,-4.645,15.008,2618020000
227,-7.48,15.621,1479780000
227,-4.645,15.621,2618090000
227,-31.193,18.586,TRS 1CO PB
227,-7.479,16.236,1479810000
227,-4.645,16.236,2617930000
227,-7.479,16.849,2855870000
227,-4.645,16.849,2855800000
227,-14.07,17.463,TRS 24VUC 1CO
227,-7.48,17.463,1122780000
227,-4.645,17.463,2618220000
227,-14.07,18.077,TRS 24VUC 2CO
227,-7.48,18.077,1123500000
227,-4.645,18.077,2618320000
227,-7.48,18.691,2855890000
227,-4.645,18.691,2855810000
227,-30.907,21.655,TRP 1CO
227,-7.479,19.305,1123010000
227,-4.644,19.305,2618160000
227,-7.479,19.918,1123740000
227,-4.644,19.918,2618540000
227,-14.07,20.533,TRS 48VUC 1CO
227,-7.479,20.533,1122790000
227,-4.645,20.533,2618240000
227,-14.07,21.147,TRS 48VUC 2CO
227,-7.479,21.147,1123510000
227,-4.645,21.147,2618520000
227,-14.07,21.76,TRS 120VUC 1CO
227,-7.479,21.76,1122810000
227,-4.645,21.76,2618010000
227,-14.07,22.374,TRS 230VUC 1CO
227,-7.479,22.374,1122820000
227,-4.645,22.374,2618050000
227,-14.07,22.988,TRS 230VUC 2CO
227,-7.479,22.988,1123540000
227,-4.645,22.988,2618440000
227,-28.028,23.601,230VAC
227,-7.479,23.601,1122840000
227,-4.644,23.601,2618200000
227,-14.069,24.215,TRS 24-230VUC 1CO
227,-7.479,24.215,2662850000
227,-4.644,24.215,2663010000
227,-14.069,24.829,TRS 24-230VUC 2CO
227,-7.479,24.829,2662880000
227,-4.644,24.829,2663040000
227,-7.479,25.75,2855930000
227,-4.644,25.75,2855910000
227,-7.48,26.671,1126930000
227,-4.645,26.671,2618600000
227,-7.48,27.284,1126940000
227,-4.645,27.284,2618790000
227,-14.07,27.898,TOS 24VDC 24VDC2A
227,-7.479,27.898,1127170000
227,-4.645,27.898,2618720000
227,-7.48,28.512,1127630000
227,-4.645,28.512,2618700000
227,-14.07,29.126,TOS 24VDC 24VDC5A
227,-7.48,29.126,1990960000
227,-4.645,29.126,2618840000
227,-7.481,29.74,1126990000
227,-4.646,29.74,2618690000
227,-7.481,30.353,1127020000
227,-4.646,30.353,2663070000
227,-14.071,30.967,TOS 24-230VUC 230VAC1A
227,-7.481,30.967,1127500000
227,-4.646,30.967,2663090000
227,-7.479,32.502,2706290000
227,-4.645,32.502,2706430000
227,-17.921,35.205,0-100s
227,-7.479,34.958,2639560000
227,-4.644,34.958,2639730000
227,-4.645,36.492,2773930000
227,-14.07,37.106,TRPL 5VDC 1CO
227,-4.645,37.106,2774030000
227,-14.07,37.72,TRPL 24VDC 1CO
227,-4.645,37.72,2773890000
227,-30.994,38.355,TRPL 1CO
227,-14.07,38.333,TRPL 24VUC 1CO
227,-4.645,38.333,2773970000
227,-31.493,40.84,TRPL 1NO FUSE
227,-14.07,38.947,TRPL 12-60VUC 1CO
227,-4.645,38.947,2773770000
227,-14.07,39.561,TRPL 24-230VUC 1CO
227,-4.645,39.561,2773860000
227,-14.07,40.175,TRPL 120VAC 1CO
227,-4.645,40.175,2773800000
227,-14.07,40.789,TRPL 230VAC 1CO
227,-4.645,40.789,2773830000
227,-4.644,41.403,1463520000
227,-4.645,42.016,1463550000
227,-4.645,42.63,1463540000
227,-4.646,43.244,2774090000
227,-4.646,43.858,2774080000
227,-4.646,44.471,2774100000
227,-19.155,45.971,2-pole
227,-16.437,45.971,10-pole
227,-13.603,45.971,51-pole
227,-4.1240000000000006,45.971,26-pole
227,-19.825,46.951,2556350000
227,-16.991,46.951,2556360000
227,-14.156,46.951,2556370000
227,-4.678,46.951,2556380000
227,-19.826,47.565,2556390000
227,-16.991,47.565,2556400000
227,-14.157,47.565,2556410000
227,-4.678,47.565,2556420000
227,-19.826,48.179,2556430000
227,-16.991,48.179,2556440000
227,-14.157,48.179,2556450000
227,-4.678,48.179,2556460000
227,-19.826,48.792,2556470000
227,-16.991,48.792,2556480000
227,-14.157,48.792,2556490000
227,-4.678,48.792,2556500000
227,25.071,9.305,DRI 12VDC LDT/1CO
227,30.155,9.305,7760056314
227,25.071,9.913,DRI 24VDC LDT/1CO
227,30.155,9.913,7760056315
227,25.071,10.517,DRI 48VDC LDT/1CO
227,30.155,10.517,7760056316
227,25.071,11.12,DRI 110VDC LDT/1CO
227,30.155,11.12,7760056317
227,25.071,11.723,DRI 24VAC LT/1CO
227,30.155,11.723,7760056318
227,25.071,12.327,DRI 115VAC LT/1CO
227,30.155,12.327,7760056319
227,25.071,12.93,DRI 230VAC LT/1CO
227,30.155,12.93,7760056320
227,25.071,13.534,DRI 12VDC LDT/2CO
227,30.155,13.534,7760056339
227,25.071,14.137,DRI 24VDC LDT/2CO
227,30.155,14.137,7760056340
227,25.071,14.74,DRI 48VDC LDT/2CO
227,30.155,14.74,7760056341
227,25.071,15.344,DRI 110VDC LDT/2CO
227,30.155,15.344,7760056342
227,25.071,15.947,DRI 24VAC LT/2CO
227,30.155,15.947,7760056343
227,25.071,16.551,DRI 115VAC LT/2CO
227,30.155,16.551,7760056344
227,25.071,17.154,DRI 230VAC LT/2CO
227,30.155,17.154,7760056345
227,16.392,39.158,3NO1NC
227,30.155,39.158,2759070000
227,16.392,39.767,2NO2NC
227,30.155,39.767,2759080000
227,16.392,40.37,4NO2NC
227,30.155,40.37,2759090000
227,16.392,40.973,3NO3NC
227,30.155,40.973,2759100000
227,16.392,41.577,5NO1NC
227,30.155,41.577,2860020000
227,30.155,42.482,8937940000
227,30.155,43.689,8937970000
227,24.982,44.895,MOS 12-24VDC 100KHZ
227,30.155,44.895,8937990000
227,21.879,46.891,op. 0-10 h
227,30.155,46.404,2496190000
227,21.767,48.701,op. 0-100 h
227,30.155,48.214,2697250000
227,30.156,24.232,7760056068
227,30.156,24.84,7760056069
227,30.156,25.444,7760056070
227,30.156,26.047,7760056071
227,30.156,26.65,7760056073
227,30.157,27.254,7760056075
227,30.157,27.857,7760056076
227,30.156,28.461,7760056096
227,30.156,29.064,7760056097
227,30.156,29.668,7760056098
227,30.156,30.271,7760056099
227,30.156,30.874,7760056101
227,30.157,31.478,7760056103
227,30.157,32.081,7760056104
227,14.884,19.779,SDI 1CO P
227,18.285,19.779,7760056364
227,30.155,19.779,7760056366
227,14.884,20.387,SDI 1CO
227,18.285,20.387,7760056350
227,30.155,20.387,1132070000
227,14.884,20.99,SDI 2CO P
227,18.285,20.99,7760056365
227,30.155,20.99,7760056366
227,14.884,21.594,SDI 2CO
227,18.285,21.594,7760056351
227,30.155,21.594,1132070000
227,14.884,34.706,SCM 2CO P
227,18.285,34.706,7760056362
227,30.155,34.706,7760056366
227,14.884,35.315,SCM 2CO ECO
227,18.285,35.315,7760056263
227,30.155,35.315,1132080000
227,14.884,35.918,SCM 4CO P
227,18.285,35.918,7760056363
227,30.155,35.918,7760056366
227,14.884,36.521,SCM 4CO ECO
227,18.285,36.521,7760056264
227,30.155,36.521,1132080000
228,9.952,13.307,4-20mA
228,13.23,13.307,4-20mA
228,26.901,9.582,ACT20M-CI-CO-S
228,31.72,9.582,1175980000
228,26.901,10.207,ACT20M-CI-2CO-S
228,31.72,10.207,1175990000
228,5.714,15.799,ACT20M
228,26.902,10.826,ACT20P-CI-CO-S
228,31.721,10.826,7760054114
228,26.902,11.446,ACT20P-CI-2CO-S
228,31.721,11.446,7760054115
228,26.902,12.066,ACT20P-2CI-2CO-12-S
228,31.721,12.066,7760054117
228,26.902,12.686,ACT20M-CI-CO-OLP-S
228,31.721,12.686,1176040000
228,26.902,13.306,ACT20M-2CI-2CO-OLP-S
228,31.721,13.306,1176050000
228,26.902,13.926,ACT20P-CI2-CO-OLP-S
228,31.721,13.926,7760054119
228,26.902,14.546,ACT20P-CI-2CO-OLP-S
228,31.721,14.546,7760054122
228,26.902,15.166,ACT20M-CI-CO-ILP-S
228,31.721,15.166,1176070000
228,26.902,15.786,ACT20M-2CI-2CO-ILP-S
228,31.721,15.786,1176080000
228,26.902,16.406,ACT20P-CI-CO-ILP-S
228,31.721,16.406,7760054123
228,26.902,17.026,ACT20P-2CI-2CO-ILP-S
228,31.721,17.026,7760054124
228,5.388,22.93,ACT20P-PRO
228,9.953,18.828,4-20mA
228,13.23,19.138,4-20mA
228,26.901,17.648,ACT20M-AI-AO-S
228,31.72,17.648,1176000000
228,26.901,18.268,ACT20M-AI-AO-E-S
228,31.72,18.268,1176010000
228,26.901,18.888,ACT20M-AI-2AO-S
228,31.72,18.888,1176020000
228,26.901,19.508,ACT20P-AI-AO-DC-S
228,31.72,19.508,1477420000
228,26.902,20.128,ACT20M-UI-AO-S
228,31.72,20.128,1176030000
228,13.23,20.748,4-20mA
228,26.901,20.748,ACT20P-UI-AO-DO-LP-S
228,31.72,20.748,1453210000
228,26.901,21.368,ACT20P-UI-2RCO-DC-S
228,31.72,21.368,7940045760
228,9.778,22.048,0-300VDC
228,9.841,22.548,0-100mA
228,26.901,22.298,ACT20P-PRO DCDC II-S
228,31.72,22.298,1481970000
228,13.231,24.098,4-20mA
228,26.902,23.538,ACT20M-RTI-AO-S
228,31.721,23.538,1375510000
228,26.902,24.468,ACT20M-TCI-AO-S
228,31.721,24.468,1375480000
228,5.354,31.301,ACT20P-CMT
228,13.23,25.088,4-20mA
228,26.901,25.088,ACT20M-RTCI-CO-OLP-S
228,31.72,25.088,1435590000
228,26.901,26.328,ACT20P-PRO RTCI-AO-DO-S
228,31.72,26.328,2448100000
228,13.23,28.498,4-20mA
228,13.049,28.998,1CO Relay
228,26.901,27.568,ACT20P-CML-10-AO-RC-S
228,31.72,27.568,2044850000
228,26.901,28.189,ACT20P-CMT-10-AO-RC-S
228,31.72,28.189,1510470000
228,26.901,28.809,ACT20P-CMT-30-AO-RC-S
228,31.72,28.809,1510540000
228,26.901,29.429,ACT20P-CMT-60-AO-RC-S
228,31.72,29.429,1510440000
228,9.778,30.109,0-660VDC
228,9.779,30.609,0-440VAC
228,13.23,30.609,4-20mA
228,26.901,30.359,ACT20P-VM-AO-S
228,31.72,30.359,7760054306
228,9.779,31.289,0-400VAC
228,26.901,31.289,ACT20P-VMR-1PH-H-S
228,31.72,31.289,7760054164
228,9.556,31.909,200-480VAC
228,26.901,31.909,ACT20P-VMR-3PH-ILP-H-S
228,31.72,31.909,7760054165
228,26.902,33.149,ACT20M-FRQ-AO-X-S
228,31.721,33.149,2825130000
228,26.902,35.009,ACT20P-PRO-FI-AO-DO-S
228,31.721,35.009,2447940000
228,2.339,40.119,ACT20X
228,5.767,42.462,ACT20X
228,26.902,36.25,ACT20X-HDI-SDO-S
228,31.721,36.25,8965360000
228,26.902,36.87,ACT20X-HDI-SDO-RNO-S
228,31.721,36.87,8965340000
228,26.902,37.49,ACT20X-2HDI-2SDO-S
228,31.721,37.49,8965390000
228,26.902,38.11,ACT20X-2HDI-2SDO-RNO-S
228,31.721,38.11,8965370000
228,26.902,38.73,ACT20X-SDI-HDO-L-S
228,31.721,38.73,8965400000
228,26.902,39.35,ACT20X-SDI-HDO-H-S
228,31.721,39.35,8965410000
228,26.902,39.97,ACT20X-2SDI-2HDO-S
228,31.721,39.97,8965420000
228,26.902,40.59,ACT20X-HAI-SAO-S
228,31.72,40.59,8965430000
228,26.901,41.21,ACT20X-2HAI-2SAO-S
228,31.72,41.21,8965440000
228,26.901,41.83,ACT20X-SAI-HAO-S
228,31.72,41.831,8965450000
228,26.901,42.451,ACT20X-2SAI-2HAO-S
228,31.72,42.451,8965460000
228,26.901,43.071,ACT20X-HTI-SAO-S
228,31.72,43.071,8965470000
228,26.901,43.691,ACT20X-2HTI-2SAO-S
228,31.72,43.691,8965480000
228,26.901,44.621,ACT20X-HUI-SAO-S
228,31.72,44.621,8965490000
228,2.343,46.2,CBX200
228,26.901,46.171,CBX200 USB
228,31.72,46.171,8978580000
228,45.592,10.827,4-20mA
228,64.667,10.827,ACT20D-LCD-CI-ILP
228,69.309,10.822,2920000000
228,49.704,17.278,19.2-300 VDC
228,52.993,17.028,4 digit
228,64.666,13.928,ACT20D-LED-UI-AC-DC
228,69.308,13.928,2920050000
228,47.771,17.278,4xCO relay
228,64.666,16.778,ACT20D-LED-UI-AO-4RC-
228,69.308,17.028,2920060000
228,47.771,20.379,2xCO relay
228,64.667,19.879,ACT20D-LED-FI-AO-2RC-
228,69.308,20.129,2920070000
228,69.308,25.334,2964330000
228,40.844,31.748,2 wire sensor
228,44.668,29.077,ACT20D-LED-UI Series
228,61.007,29.077,ACT20D-LED-FI Series
229,-27.252,13.307,4-20mA
229,-23.975,13.307,4-20mA
229,-10.304,9.582,ACT20M-CI-CO-S
229,-5.485,9.582,1175980000
229,-10.304,10.207,ACT20M-CI-2CO-S
229,-5.485,10.207,1175990000
229,-31.491,15.8,ACT20M
229,-10.303,10.827,ACT20P-CI-CO-S
229,-5.484,10.827,7760054114
229,-10.303,11.447,ACT20P-CI-2CO-S
229,-5.484,11.447,7760054115
229,-10.304,12.067,ACT20P-2CI-2CO-12-S
229,-5.485,12.067,7760054117
229,-10.304,12.687,ACT20M-CI-CO-OLP-S
229,-5.485,12.687,1176040000
229,-10.304,13.307,ACT20M-2CI-2CO-OLP-S
229,-5.485,13.307,1176050000
229,-10.304,13.927,ACT20P-CI2-CO-OLP-S
229,-5.485,13.927,7760054119
229,-10.304,14.547,ACT20P-CI-2CO-OLP-S
229,-5.485,14.547,7760054122
229,-10.304,15.167,ACT20M-CI-CO-ILP-S
229,-5.485,15.167,1176070000
229,-10.304,15.787,ACT20M-2CI-2CO-ILP-S
229,-5.485,15.787,1176080000
229,-10.304,16.407,ACT20P-CI-CO-ILP-S
229,-5.485,16.407,7760054123
229,-10.304,17.027,ACT20P-2CI-2CO-ILP-S
229,-5.485,17.027,7760054124
229,-31.816,22.93,ACT20P-PRO
229,-27.252,18.828,4-20mA
229,-23.974,19.138,4-20mA
229,-10.303,17.648,ACT20M-AI-AO-S
229,-5.484,17.648,1176000000
229,-10.303,18.268,ACT20M-AI-AO-E-S
229,-5.484,18.268,1176010000
229,-10.303,18.888,ACT20M-AI-2AO-S
229,-5.484,18.888,1176020000
229,-10.303,19.508,ACT20P-AI-AO-DC-S
229,-5.484,19.508,1477420000
229,-10.303,20.128,ACT20M-UI-AO-S
229,-5.485,20.128,1176030000
229,-23.975,20.748,4-20mA
229,-10.304,20.748,ACT20P-UI-AO-DO-LP-S
229,-5.485,20.748,1453210000
229,-10.303,21.368,ACT20P-UI-2RCO-DC-S
229,-5.485,21.368,7940045760
229,-27.427,22.048,0-300VDC
229,-27.364,22.548,0-100mA
229,-10.303,22.298,ACT20P-PRO DCDC II-S
229,-5.484,22.298,1481970000
229,-23.974,24.098,4-20mA
229,-10.303,23.538,ACT20M-RTI-AO-S
229,-5.484,23.538,1375510000
229,-10.303,24.468,ACT20M-TCI-AO-S
229,-5.484,24.468,1375480000
229,-31.85,31.3,ACT20P-CMT
229,-23.974,25.088,4-20mA
229,-10.303,25.088,ACT20M-RTCI-CO-OLP-S
229,-5.484,25.088,1435590000
229,-10.303,26.328,ACT20P-PRO RTCI-AO-DO-S
229,-5.484,26.328,2448100000
229,-23.974,28.498,4-20mA
229,-24.155,28.998,1CO Relay
229,-10.303,27.568,ACT20P-CML-10-AO-RC-S
229,-5.484,27.568,2044850000
229,-10.303,28.188,ACT20P-CMT-10-AO-RC-S
229,-5.484,28.188,1510470000
229,-10.303,28.808,ACT20P-CMT-30-AO-RC-S
229,-5.484,28.808,1510540000
229,-10.303,29.428,ACT20P-CMT-60-AO-RC-S
229,-5.484,29.428,1510440000
229,-27.426,30.108,0-660VDC
229,-27.424,30.608,0-440VAC
229,-23.973,30.608,4-20mA
229,-10.302,30.358,ACT20P-VM-AO-S
229,-5.485,30.359,7760054306
229,-27.426,31.289,0-400VAC
229,-10.304,31.289,ACT20P-VMR-1PH-H-S
229,-5.485,31.289,7760054164
229,-27.649,31.909,200-480VAC
229,-10.304,31.909,ACT20P-VMR-3PH-ILP-H-S
229,-5.485,31.909,7760054165
229,-10.303,33.149,ACT20M-FRQ-AO-X-S
229,-5.484,33.149,2825130000
229,-10.303,35.009,ACT20P-PRO-FI-AO-DO-S
229,-5.484,35.009,2447940000
229,-34.866,40.119,ACT20X
229,-31.438,42.462,ACT20X
229,-10.303,36.25,ACT20X-HDI-SDO-S
229,-5.484,36.25,8965360000
229,-10.303,36.87,ACT20X-HDI-SDO-RNO-S
229,-5.484,36.87,8965340000
229,-10.303,37.49,ACT20X-2HDI-2SDO-S
229,-5.484,37.49,8965390000
229,-10.303,38.11,ACT20X-2HDI-2SDO-RNO-S
229,-5.484,38.11,8965370000
229,-10.303,38.73,ACT20X-SDI-HDO-L-S
229,-5.484,38.73,8965400000
229,-10.303,39.35,ACT20X-SDI-HDO-H-S
229,-5.484,39.35,8965410000
229,-10.303,39.97,ACT20X-2SDI-2HDO-S
229,-5.484,39.97,8965420000
229,-10.303,40.59,ACT20X-HAI-SAO-S
229,-5.485,40.59,8965430000
229,-10.304,41.21,ACT20X-2HAI-2SAO-S
229,-5.485,41.21,8965440000
229,-10.303,41.83,ACT20X-SAI-HAO-S
229,-5.485,41.831,8965450000
229,-10.304,42.451,ACT20X-2SAI-2HAO-S
229,-5.485,42.451,8965460000
229,-10.304,43.071,ACT20X-HTI-SAO-S
229,-5.485,43.071,8965470000
229,-10.304,43.691,ACT20X-2HTI-2SAO-S
229,-5.485,43.691,8965480000
229,-10.304,44.621,ACT20X-HUI-SAO-S
229,-5.485,44.621,8965490000
229,-34.862,46.2,CBX200
229,-10.304,46.171,CBX200 USB
229,-5.485,46.171,8978580000
229,8.388,10.827,4-20mA
229,27.463,10.827,ACT20D-LCD-CI-ILP
229,32.104,10.822,2920000000
229,12.5,17.278,19.2-300 VDC
229,15.788,17.028,4 digit
229,27.462,13.927,ACT20D-LED-UI-AC-DC
229,32.103,13.927,2920050000
229,10.566,17.278,4xCO relay
229,27.462,16.778,ACT20D-LED-UI-AO-4RC-
229,32.103,17.028,2920060000
229,10.567,20.378,2xCO relay
229,27.463,19.878,ACT20D-LED-FI-AO-2RC-
229,32.104,20.128,2920070000
229,32.104,25.332,2964330000
229,3.639,31.748,2 wire sensor
229,7.463,29.077,ACT20D-LED-UI Series
229,23.802,29.077,ACT20D-LED-FI Series
230,11.301,9.896,3-phase
230,13.386,10.146,415VAC
230,31.365,9.581,2774960000
230,31.365,10.206,2638070000
230,11.301,11.136,1-phase
230,13.335,11.136,240 VAC
230,31.365,10.826,2775000000
230,31.365,11.447,2774940000
230,11.301,12.377,3-phase
230,13.385,12.627,415VAC
230,31.365,12.067,2591170000
230,31.366,12.687,2591090000
230,11.301,14.237,1-phase
230,13.335,13.927,240 VAC
230,31.366,13.307,2591070000
230,31.365,13.927,2591030000
230,31.365,14.547,2591020000
230,13.335,15.167,120 VAC
230,31.366,15.167,1351630000
230,13.446,15.787,48 VDC
230,31.367,15.787,1351600000
230,13.446,16.407,24 VDC
230,31.367,16.407,1351580000
230,13.446,17.027,12 VDC
230,31.367,17.027,1351550000
230,11.301,18.268,1-phase
230,13.335,18.268,240 VAC
230,31.365,18.268,2859340000
230,11.301,19.818,3-phase
230,13.385,20.068,415VAC
230,31.365,19.508,2807410000
230,31.365,20.128,2807440000
230,11.3,21.058,1-phase
230,13.334,21.058,240 VAC
230,31.365,20.748,2807430000
230,31.365,21.368,2807390000
230,11.301,22.298,1-phase
230,13.335,22.918,240 VAC
230,31.365,22.298,2907940000
230,11.301,23.538,3-phase
230,31.365,23.538,2907880000
230,13.222,26.554,1000 VDC
230,31.366,26.554,2530620000
230,13.222,27.179,1500 VDC
230,31.366,27.179,2530590000
230,13.222,27.799,1000 VDC
230,31.366,27.799,2530180000
230,13.222,28.419,1500 VDC
230,31.366,28.419,2530650000
230,13.14,29.349,30 VAC/DC
230,31.366,29.039,1064170000
230,31.365,29.659,1064350000
230,13.445,30.279,15 VDC
230,20.988,30.279,RS485 2-wire
230,26.723,30.279,VSSC6 RS485
230,31.365,30.279,1064980000
230,13.444,30.899,12 VDC
230,20.988,30.899,RS232 2-wire
230,26.723,30.899,VSSC6 RS232
230,31.364,30.899,1064990000
230,13.138,31.519,24 VAC/DC
230,26.722,31.519,VSSC6 MOV 24VUC
230,31.364,31.519,1064540000
230,2.23,33.468,RJ45 Protection -
230,13.445,33.69,48 VDC
230,20.145,33.01,devices to 802.3at/af/bt
230,26.724,32.76,VDATA CAT6
230,31.366,32.76,1348590000
230,20.144,34.87,devices to 802.3at/af/bt
230,26.724,34.62,VDATA CAT5E
230,31.365,34.62,2916360000
230,46.433,10.251,1498400000
230,52.102,10.251,1498300000
230,57.772,10.251,1497600000
230,66.276,10.246,1788820000
230,69.11,10.251,1772220000
230,46.433,12.731,1200200000
230,49.267,12.731,1873520000
230,52.102,12.731,1200000000
230,54.936,12.731,1873530000
230,57.771,12.731,1202500000
230,60.605,12.731,1900360000
230,63.44,12.731,1788100000
230,66.274,12.731,1788120000
230,69.109,12.731,1772220000
230,57.703,13.971,HDC 06B ADLU
230,60.544,13.721,HDC 06B SDLU
230,63.396,13.721,HDC 06B TSLU
230,66.227,13.721,HDC 06B TOLU
230,46.433,15.212,1204100000
230,49.268,15.212,1873540000
230,52.102,15.212,1203900000
230,54.937,15.212,1873550000
230,57.771,15.212,1206500000
230,60.606,15.212,1903410000
230,63.44,15.212,1787580000
230,66.275,15.212,1787620000
230,69.109,15.212,1772230000
230,57.704,16.452,HDC 10B ADLU
230,60.544,16.202,HDC 24D SDLU
230,63.397,16.202,HDC 10B TSLU
230,66.229,16.202,HDC 10B TOLU
230,46.433,17.692,1207700000
230,49.268,17.692,1873560000
230,52.102,17.692,1207500000
230,54.937,17.692,1873570000
230,57.771,17.692,1210100000
230,60.606,17.692,1415810000
230,63.44,17.692,1788200000
230,66.275,17.692,1788230000
230,69.109,17.692,1772230000
230,57.704,18.932,HDC 16B ADLU
230,60.545,18.682,HDC 16B SDLU
230,63.397,18.682,HDC 16B TSLU
230,66.228,18.682,HDC 16B TOLU
230,46.433,20.172,1211300000
230,49.268,20.172,1873580000
230,52.102,20.172,1211100000
230,54.937,20.172,1873590000
230,57.771,20.172,1214300000
230,60.606,20.172,1904440000
230,63.44,20.172,1787790000
230,66.275,20.172,1787850000
230,69.109,20.172,1772240000
230,57.704,21.412,HDC 24B ADLU
230,60.544,21.162,HDC 64D SDLU
230,63.397,21.162,HDC 24B TSLU
230,66.229,21.162,HDC 24B TOLU
230,50.794,32.661,1428920000
230,53.806,32.661,1428940000
230,56.818,32.661,1202500000
230,59.83,32.661,1900360000
230,62.842,32.661,1788100000
230,65.854,32.657,1788120000
230,68.866,32.661,1772220000
230,50.795,33.281,1428960000
230,53.807,33.281,1428980000
230,56.819,33.281,1206500000
230,59.831,33.281,1903410000
230,62.843,33.281,1787580000
230,65.855,33.281,1787620000
230,68.867,33.281,1772230000
230,50.796,33.901,1429010000
230,53.808,33.901,1429030000
230,56.82,33.901,1210100000
230,59.832,33.901,1415810000
230,62.844,33.901,1788200000
230,65.856,33.901,1788230000
230,68.868,33.901,1772230000
230,50.797,34.521,1429050000
230,53.809,34.521,1429070000
230,56.821,34.521,1214300000
230,59.833,34.521,1904440000
230,62.845,34.521,1787790000
230,65.857,34.521,1787850000
230,68.869,34.521,1772240000
230,50.797,37.598,2772820000
230,53.632,37.598,2772830000
230,50.795,38.218,2772780000
230,53.629,38.218,2772790000
230,50.795,38.838,2772800000
230,53.629,38.838,2772810000
230,50.795,39.458,2748320000
230,53.629,39.458,2748330000
230,50.795,40.078,2748300000
230,53.629,40.078,2748310000
230,50.795,40.698,2748280000
230,53.629,40.698,2748290000
230,50.795,41.319,2748240000
230,53.629,41.319,2748250000
230,50.795,41.939,2748400000
230,53.629,41.939,2748410000
230,50.795,42.559,2748460000
230,53.629,42.559,2748470000
230,50.795,43.179,2636180000
230,53.629,43.179,2636190000
230,50.795,43.799,2748420000
230,53.629,43.799,2748430000
230,50.795,44.419,2748440000
230,53.629,44.419,2748450000
230,50.795,45.039,2592030000
230,53.629,45.039,RJ45-RJ45 Coupler Female
230,62.587,45.349,RJ45 Cat6A
230,50.794,45.659,2592210000
230,53.629,45.659,RJ45 Plug Male
230,50.794,46.279,1429040000
231,-25.903,9.896,3-phase
231,-23.819,10.146,415VAC
231,-5.84,9.581,2774960000
231,-5.84,10.206,2638070000
231,-25.904,11.136,1-phase
231,-23.87,11.136,240 VAC
231,-5.84,10.826,2775000000
231,-5.839,11.447,2774940000
231,-25.904,12.377,3-phase
231,-23.819,12.627,415VAC
231,-5.84,12.067,2591170000
231,-5.839,12.687,2591090000
231,-25.904,14.237,1-phase
231,-23.87,13.927,240 VAC
231,-5.839,13.307,2591070000
231,-5.839,13.927,2591030000
231,-5.839,14.547,2591020000
231,-23.87,15.167,120 VAC
231,-5.839,15.167,1351630000
231,-23.759,15.787,48 VDC
231,-5.838,15.787,1351600000
231,-23.759,16.407,24 VDC
231,-5.838,16.407,1351580000
231,-23.759,17.027,12 VDC
231,-5.838,17.027,1351550000
231,-25.902,18.268,1-phase
231,-23.868,18.268,240 VAC
231,-5.839,18.268,2859340000
231,-25.904,19.818,3-phase
231,-23.819,20.068,415VAC
231,-5.84,19.508,2807410000
231,-5.84,20.128,2807440000
231,-25.904,21.058,1-phase
231,-23.87,21.058,240 VAC
231,-5.84,20.748,2807430000
231,-5.839,21.368,2807390000
231,-25.903,22.298,1-phase
231,-23.869,22.918,240 VAC
231,-5.839,22.298,2907940000
231,-25.904,23.538,3-phase
231,-5.84,23.538,2907880000
231,-23.983,26.554,1000 VDC
231,-5.839,26.554,2530620000
231,-23.982,27.179,1500 VDC
231,-5.839,27.179,2530590000
231,-23.982,27.799,1000 VDC
231,-5.839,27.799,2530180000
231,-23.982,28.419,1500 VDC
231,-5.839,28.419,2530650000
231,-24.065,29.349,30 VAC/DC
231,-5.839,29.039,1064170000
231,-5.84,29.659,1064350000
231,-23.76,30.279,15 VDC
231,-16.217,30.279,RS485 2-wire
231,-10.482,30.279,VSSC6 RS485
231,-5.84,30.279,1064980000
231,-23.761,30.899,12 VDC
231,-16.217,30.899,RS232 2-wire
231,-10.482,30.899,VSSC6 RS232
231,-5.841,30.899,1064990000
231,-24.067,31.519,24 VAC/DC
231,-10.483,31.519,VSSC6 MOV 24VUC
231,-5.841,31.519,1064540000
231,-34.975,33.468,RJ45 Protection -
231,-23.759,33.69,48 VDC
231,-17.06,33.01,devices to 802.3at/af/bt
231,-10.48,32.76,VDATA CAT6
231,-5.839,32.76,1348590000
231,-17.06,34.87,devices to 802.3at/af/bt
231,-10.481,34.62,VDATA CAT5E
231,-5.839,34.62,2916360000
231,9.228,10.251,1498400000
231,14.898,10.251,1498300000
231,20.567,10.251,1497600000
231,29.071,10.246,1788820000
231,31.906,10.251,1772220000
231,9.228,12.731,1200200000
231,12.063,12.731,1873520000
231,14.897,12.731,1200000000
231,17.732,12.731,1873530000
231,20.566,12.731,1202500000
231,23.401,12.731,1900360000
231,26.235,12.731,1788100000
231,29.07,12.731,1788120000
231,31.904000000000003,12.731,1772220000
231,20.499,13.971,HDC 06B ADLU
231,23.339,13.721,HDC 06B SDLU
231,26.191,13.721,HDC 06B TSLU
231,29.023,13.721,HDC 06B TOLU
231,9.228,15.212,1204100000
231,12.063,15.212,1873540000
231,14.897,15.212,1203900000
231,17.732,15.212,1873550000
231,20.566,15.212,1206500000
231,23.401,15.212,1903410000
231,26.235,15.212,1787580000
231,29.07,15.212,1787620000
231,31.904000000000003,15.212,1772230000
231,20.499,16.452,HDC 10B ADLU
231,23.339,16.202,HDC 24D SDLU
231,26.192,16.202,HDC 10B TSLU
231,29.024,16.202,HDC 10B TOLU
231,9.228,17.692,1207700000
231,12.063,17.692,1873560000
231,14.897,17.692,1207500000
231,17.732,17.692,1873570000
231,20.566,17.692,1210100000
231,23.401,17.692,1415810000
231,26.235,17.692,1788200000
231,29.07,17.692,1788230000
231,31.904000000000003,17.692,1772230000
231,20.499,18.932,HDC 16B ADLU
231,23.34,18.682,HDC 16B SDLU
231,26.192,18.682,HDC 16B TSLU
231,29.023,18.682,HDC 16B TOLU
231,9.228,20.172,1211300000
231,12.063,20.172,1873580000
231,14.897,20.172,1211100000
231,17.732,20.172,1873590000
231,20.566,20.172,1214300000
231,23.401,20.172,1904440000
231,26.235,20.172,1787790000
231,29.07,20.172,1787850000
231,31.904000000000003,20.172,1772240000
231,20.499,21.412,HDC 24B ADLU
231,23.339,21.162,HDC 64D SDLU
231,26.192,21.162,HDC 24B TSLU
231,29.024,21.162,HDC 24B TOLU
231,13.59,32.661,1428920000
231,16.602,32.661,1428940000
231,19.614,32.661,1202500000
231,22.626,32.661,1900360000
231,25.638,32.661,1788100000
231,28.65,32.657,1788120000
231,31.662,32.661,1772220000
231,13.591,33.281,1428960000
231,16.603,33.281,1428980000
231,19.615,33.281,1206500000
231,22.627,33.281,1903410000
231,25.639,33.281,1787580000
231,28.651,33.281,1787620000
231,31.663,33.281,1772230000
231,13.592,33.901,1429010000
231,16.604,33.901,1429030000
231,19.616,33.901,1210100000
231,22.628,33.901,1415810000
231,25.64,33.901,1788200000
231,28.652,33.901,1788230000
231,31.664,33.901,1772230000
231,13.593,34.521,1429050000
231,16.605,34.521,1429070000
231,19.617,34.521,1214300000
231,22.629,34.521,1904440000
231,25.641,34.521,1787790000
231,28.653,34.521,1787850000
231,31.665,34.521,1772240000
231,13.59,37.598,2772820000
231,16.424,37.598,2772830000
231,13.59,38.218,2772780000
231,16.424,38.218,2772790000
231,13.59,38.838,2772800000
231,16.424,38.838,2772810000
231,13.59,39.458,2748320000
231,16.424,39.458,2748330000
231,13.59,40.078,2748300000
231,16.425,40.078,2748310000
231,13.59,40.698,2748280000
231,16.424,40.698,2748290000
231,13.59,41.319,2748240000
231,16.425,41.319,2748250000
231,13.59,41.939,2748400000
231,16.424,41.939,2748410000
231,13.59,42.559,2748460000
231,16.425,42.559,2748470000
231,13.59,43.179,2636180000
231,16.425,43.179,2636190000
231,13.59,43.799,2748420000
231,16.424,43.799,2748430000
231,13.59,44.419,2748440000
231,16.424,44.419,2748450000
231,13.59,45.039,2592030000
231,16.424,45.039,RJ45-RJ45 Coupler Female
231,25.382,45.349,RJ45 Cat6A
231,13.589,45.659,2592210000
231,16.424,45.659,RJ45 Plug Male
231,13.589,46.279,1429040000
232,23.003,9.582,SAIL-M8G-3-3.0U
232,27.468,9.582,1824590300
232,30.302,9.582,1857550300
232,23.003,10.207,SAIL-M8G-3-5.0U
232,27.467,10.207,1824590500
232,30.302,10.207,1857550500
232,23.003,10.827,SAIL-M8G-3-10U
232,27.467,10.827,1824591000
232,30.302,10.827,1857551000
232,23.003,11.447,SAIL-M8BG-3-3.0U
232,27.468,11.447,9457450300
232,30.302,11.447,9457380300
232,23.003,12.067,SAIL-M8BG-3-5.0U
232,27.467,12.067,9457450500
232,30.302,12.067,9457380500
232,23.003,12.687,SAIL-M8BG-3-10U
232,27.467,12.687,9457451000
232,30.302,12.687,9457381000
232,23.003,13.307,SAIL-M8G-4-3.0U
232,27.468,13.307,1906270300
232,30.302,13.307,1857560300
232,23.003,13.927,SAIL-M8G-4-5.0U
232,27.467,13.927,1906270500
232,30.302,13.927,1857560500
232,23.003,14.547,SAIL-M8G-4-10U
232,27.467,14.547,1906271000
232,30.302,14.547,1857561000
232,23.003,15.167,SAIL-M8BG-4-3.0U
232,27.468,15.167,9457850300
232,30.302,15.167,9456150300
232,23.003,15.787,SAIL-M8BG-4-5.0U
232,27.467,15.787,9457850500
232,30.302,15.787,9456150500
232,23.003,16.407,SAIL-M8BG-4-10U
232,27.467,16.407,9457851000
232,30.302,16.407,9456151000
232,23.003,17.028,SAIL-M12G-3-3.0U
232,27.468,17.028,9457810300
232,30.302,17.028,9456690300
232,23.003,17.648,SAIL-M12G-3-5.0U
232,27.467,17.648,9457810500
232,30.302,17.648,9456690500
232,23.003,18.268,SAIL-M12G-3-10U
232,27.467,18.268,9457811000
232,30.302,18.268,9456691000
232,23.003,18.888,SAIL-M12BG-3-3.0U
232,27.468,18.888,9457820300
232,30.302,18.888,1061890300
232,23.003,19.508,SAIL-M12BG-3-5.0U
232,27.467,19.508,9457820500
232,30.302,19.508,1061890500
232,23.003,20.128,SAIL-M12BG-3-10U
232,27.467,20.128,9457821000
232,30.302,20.128,1061891000
232,23.003,20.748,SAIL-M12G-4-3.0U
232,27.468,20.748,9456100300
232,30.302,20.748,1906260300
232,23.003,21.368,SAIL-M12G-4-5.0U
232,27.467,21.368,9456100500
232,30.302,21.368,1906260500
232,23.003,21.988,SAIL-M12G-4-10U
232,27.467,21.988,9456101000
232,30.302,21.988,1906261000
232,23.003,22.608,SAIL-M12BG-4-3.0U
232,27.468,22.608,9457730300
232,30.302,22.608,9457740300
232,23.003,23.228,SAIL-M12BG-4-5.0U
232,27.467,23.228,9457730500
232,30.302,23.228,9457740500
232,23.003,23.848,SAIL-M12BG-4-10U
232,27.467,23.848,9457731000
232,30.302,23.848,9457741000
232,23.003,24.469,SAIL-M12G-5-3.0U
232,27.468,24.469,9457610300
232,30.302,24.469,9457670300
232,23.003,25.089,SAIL-M12G-5-5.0U
232,27.467,25.089,9457610500
232,30.302,25.089,9457670500
232,23.003,25.709,SAIL-M12G-5-10U
232,27.467,25.709,9457611000
232,30.302,25.709,9457671000
232,23.003,26.329,SAIL-M12BG-5-3.0U
232,27.468,26.329,9457910300
232,30.302,26.329,9457690300
232,23.003,26.949,SAIL-M12BG-5-5.0U
232,27.467,26.949,9457910500
232,30.302,26.949,9457690500
232,23.003,27.569,SAIL-M12BG-5-10U
232,27.467,27.569,9457911000
232,30.302,27.569,9457691000
232,23.002,28.189,SAIL-M12GM12G-5-10U
232,27.467,28.189,9457341000
232,23.002,28.809,SAIL-M12GM12G-5-15U
232,27.467,28.809,9457341500
232,20.524,31.825000000000003,SAIB-M8-3P
232,27.469,31.825000000000003,1803860000
232,30.303,31.825000000000003,1803870000
232,20.524,33.07,SAIB-M8-4P
232,27.469,33.07,1803850000
232,30.303,33.07,1803880000
232,20.524,34.31,SAIS-5/9
232,27.469,34.31,1807350000
232,30.303,34.31,1807250000
232,20.523,35.55,SAIBW-5/9
232,27.468,35.55,1807370000
232,30.303,35.55,1807330000
232,48.148,12.067,9002650000
232,52.524,12.067,9002660000
232,56.9,12.067,1157830000
232,61.276,12.067,2993490000
232,65.652,12.067,2993500000
232,48.042,22.078,PZ 2.5 S
232,51.545,22.078,PZ 6 ROTO
232,59.003,22.078,PZ 10 HEX
232,47.614,25.549,2903690000
232,51.335,25.549,9014350000
232,55.055,25.549,9012600000
232,58.776,25.549,1445070000
232,62.496,25.549,9006450000
232,66.217,25.549,9006120000
232,56.982,15.027,STRIPAX 16
232,49.475,18.498,9005000000
232,56.916,18.498,9005610000
232,64.357,18.498,1468880000
232,56.404,29.139,STRIPAX PLUS 2.5
232,56.915,32.61,9020000000
232,48.488,39.037,8000120354
232,53.955,39.037,1542270000
232,59.423,39.037,9028700000
232,65.124,39.037,9028790000
233,-14.201,9.582,SAIL-M8G-3-3.0U
233,-9.737,9.582,1824590300
233,-6.902,9.582,1857550300
233,-14.202,10.207,SAIL-M8G-3-5.0U
233,-9.737,10.207,1824590500
233,-6.903,10.207,1857550500
233,-14.202,10.827,SAIL-M8G-3-10U
233,-9.737,10.827,1824591000
233,-6.903,10.827,1857551000
233,-14.201,11.447,SAIL-M8BG-3-3.0U
233,-9.737,11.447,9457450300
233,-6.902,11.447,9457380300
233,-14.202,12.067,SAIL-M8BG-3-5.0U
233,-9.737,12.067,9457450500
233,-6.903,12.067,9457380500
233,-14.202,12.687,SAIL-M8BG-3-10U
233,-9.737,12.687,9457451000
233,-6.903,12.687,9457381000
233,-14.201,13.307,SAIL-M8G-4-3.0U
233,-9.737,13.307,1906270300
233,-6.902,13.307,1857560300
233,-14.202,13.927,SAIL-M8G-4-5.0U
233,-9.737,13.927,1906270500
233,-6.903,13.927,1857560500
233,-14.202,14.547,SAIL-M8G-4-10U
233,-9.737,14.547,1906271000
233,-6.903,14.547,1857561000
233,-14.201,15.167,SAIL-M8BG-4-3.0U
233,-9.737,15.167,9457850300
233,-6.902,15.167,9456150300
233,-14.202,15.787,SAIL-M8BG-4-5.0U
233,-9.737,15.787,9457850500
233,-6.903,15.787,9456150500
233,-14.202,16.407,SAIL-M8BG-4-10U
233,-9.737,16.407,9457851000
233,-6.903,16.407,9456151000
233,-14.202,17.028,SAIL-M12G-3-3.0U
233,-9.737,17.028,9457810300
233,-6.903,17.028,9456690300
233,-14.202,17.648,SAIL-M12G-3-5.0U
233,-9.738,17.648,9457810500
233,-6.903,17.648,9456690500
233,-14.202,18.268,SAIL-M12G-3-10U
233,-9.738,18.268,9457811000
233,-6.903,18.268,9456691000
233,-14.201,18.888,SAIL-M12BG-3-3.0U
233,-9.737,18.888,9457820300
233,-6.902,18.888,1061890300
233,-14.202,19.508,SAIL-M12BG-3-5.0U
233,-9.737,19.508,9457820500
233,-6.903,19.508,1061890500
233,-14.202,20.128,SAIL-M12BG-3-10U
233,-9.737,20.128,9457821000
233,-6.903,20.128,1061891000
233,-14.201,20.748,SAIL-M12G-4-3.0U
233,-9.737,20.748,9456100300
233,-6.902,20.748,1906260300
233,-14.202,21.368,SAIL-M12G-4-5.0U
233,-9.737,21.368,9456100500
233,-6.903,21.368,1906260500
233,-14.202,21.988,SAIL-M12G-4-10U
233,-9.737,21.988,9456101000
233,-6.903,21.988,1906261000
233,-14.201,22.608,SAIL-M12BG-4-3.0U
233,-9.737,22.608,9457730300
233,-6.902,22.608,9457740300
233,-14.202,23.228,SAIL-M12BG-4-5.0U
233,-9.737,23.228,9457730500
233,-6.903,23.228,9457740500
233,-14.202,23.848,SAIL-M12BG-4-10U
233,-9.737,23.848,9457731000
233,-6.903,23.848,9457741000
233,-14.201,24.469,SAIL-M12G-5-3.0U
233,-9.737,24.469,9457610300
233,-6.902,24.469,9457670300
233,-14.202,25.089,SAIL-M12G-5-5.0U
233,-9.737,25.089,9457610500
233,-6.903,25.089,9457670500
233,-14.202,25.709,SAIL-M12G-5-10U
233,-9.737,25.709,9457611000
233,-6.903,25.709,9457671000
233,-14.201,26.329,SAIL-M12BG-5-3.0U
233,-9.737,26.329,9457910300
233,-6.902,26.329,9457690300
233,-14.202,26.949,SAIL-M12BG-5-5.0U
233,-9.737,26.949,9457910500
233,-6.903,26.949,9457690500
233,-14.202,27.569,SAIL-M12BG-5-10U
233,-9.737,27.569,9457911000
233,-6.903,27.569,9457691000
233,-14.202,28.189,SAIL-M12GM12G-5-10U
233,-9.738,28.189,9457341000
233,-14.202,28.809,SAIL-M12GM12G-5-15U
233,-9.738,28.809,9457341500
233,-16.682,31.825000000000003,SAIB-M8-3P
233,-9.737,31.825000000000003,1803860000
233,-6.903,31.825000000000003,1803870000
233,-16.682,33.07,SAIB-M8-4P
233,-9.737,33.07,1803850000
233,-6.903,33.07,1803880000
233,-16.681,34.31,SAIS-5/9
233,-9.736,34.31,1807350000
233,-6.902,34.31,1807250000
233,-16.682,35.55,SAIBW-5/9
233,-9.737,35.55,1807370000
233,-6.902,35.55,1807330000
233,10.944,12.067,9002650000
233,15.32,12.067,9002660000
233,19.696,12.067,1157830000
233,24.072,12.067,2993490000
233,28.448,12.067,2993500000
233,10.837,22.079,PZ 2.5 S
233,14.34,22.079,PZ 6 ROTO
233,21.799,22.079,PZ 10 HEX
233,10.409,25.549,2903690000
233,14.13,25.549,9014350000
233,17.85,25.549,9012600000
233,21.571,25.549,1445070000
233,25.291,25.549,9006450000
233,29.012,25.549,9006120000
233,19.778,15.027,STRIPAX 16
233,12.27,18.498,9005000000
233,19.711,18.498,9005610000
233,27.152,18.498,1468880000
233,19.2,29.139,STRIPAX PLUS 2.5
233,19.71,32.61,9020000000
233,11.283,39.037,8000120354
233,16.75,39.037,1542270000
233,22.218,39.037,9028700000
233,27.919,39.037,9028790000
234,20.977,8.596,TSD 35
234,28.792,8.596,TSLD 5
234,12.667,12.067,1137530000
234,20.462,12.067,1318510000
234,28.258,12.067,9918700000
234,10.696,22.079,SDI SET S2.5-5.5/PH1/2
234,22.451,22.079,SD SET S2.5-5.5/PH1/2
234,11.693,25.549,2749750000
234,17.539,25.549,2749580000
234,23.386,25.549,2749200000
234,29.232,25.549,2750160000
234,12.667,33.84,9918130000
234,20.462,33.84,1480190000
234,28.258,33.84,1480180000
234,11.108,18.498,9204350000
234,15.785,18.498,9204190000
234,20.462,18.498,9001540000
234,25.139,18.498,9001080000
234,29.816,18.498,2625720000
234,67.448,20.583,2528590000
234,67.448,21.209,2528630000
234,67.448,21.829,2528610000
234,67.448,22.449,2528620000
234,67.448,23.069,9005910000
234,67.448,10.822,2833890000
234,67.448,15.393,2797190000
234,67.448,17.258,2797200000
235,-16.227,8.596,TSD 35
235,-8.413,8.596,TSLD 5
235,-24.538,12.067,1137530000
235,-16.743,12.067,1318510000
235,-8.947,12.067,9918700000
235,-26.508,22.078,SDI SET S2.5-5.5/PH1/2
235,-14.754,22.078,SD SET S2.5-5.5/PH1/2
235,-25.512,25.549,2749750000
235,-19.666,25.549,2749580000
235,-13.819,25.549,2749200000
235,-7.973,25.549,2750160000
235,-24.538,33.84,9918130000
235,-16.743,33.84,1480190000
235,-8.947,33.84,1480180000
235,-26.097,18.498,9204350000
235,-21.42,18.498,9204190000
235,-16.743,18.498,9001540000
235,-12.066,18.498,9001080000
235,-7.389,18.498,2625720000
235,30.243,20.583,2528590000
235,30.243,21.209,2528630000
235,30.243,21.829,2528610000
235,30.243,22.449,2528620000
235,30.243,23.069,9005910000
235,30.243,10.822,2833890000
235,30.244,15.393,2797190000
235,30.244,17.258,2797200000
236,30.863,9.581,9019010000
236,30.863,10.206,9019020000
236,30.864,10.827,9021040000
236,30.863,11.447,9021060000
236,30.864,12.067,9019080000
236,30.863,12.687,9019110000
236,30.864,13.307,9019120000
236,30.863,13.927,9019130000
236,30.863,14.547,9019140000
236,30.864,15.167,9021070000
236,30.863,15.787,9021080000
236,30.863,16.407,9021090000
236,30.864,17.027,9021100000
236,30.863,17.647,9021110000
236,30.863,18.267,9021120000
236,30.864,18.888,9021130000
236,30.863,19.508,9021140000
236,30.864,20.128,9021150000
236,30.863,20.748,9021160000
236,30.863,21.368,9004590000
236,30.864,21.988,9018550000
236,30.864,22.608,9018560000
236,30.864,23.228,9025240000
236,30.863,25.903,9037380000
236,30.863,26.528,9037400000
236,30.864,27.147,9037610000
236,30.863,27.767,9037620000
236,30.864,28.388,9037440000
236,30.863,29.008,9037450000
236,30.863,29.628,9037460000
236,30.864,30.248,9037470000
236,30.863,30.868,9037480000
236,30.862,31.488,9037490000
236,30.863,32.108,9037640000
236,30.862,32.728,9037650000
236,30.862,33.348,9037660000
236,30.864,33.968,9037670000
236,30.863,34.588,9037680000
236,3.147,38.555,Plus 2.5 -
236,30.864,37.281,9004280000
236,30.864,37.906,9004310000
236,30.864,38.526,9004330000
236,30.864,39.146,9004350000
236,30.864,39.767,9004370000
236,26.931,43.701,H-BOX 0.5-2.5QMM T
236,30.864,43.701,9023090000
236,68.387,10.202,2599430000
236,68.387,12.067,2599440000
236,68.387,15.393,2005090000
236,68.387,16.018,2005070000
236,68.386,16.638,2448880000
236,68.386,17.258,1302920000
236,43.409,21.89,DEK 5/3.5
236,46.46,21.89,DEK 5/5
236,68.387,19.964,2007100000
236,68.387,20.589,2619760000
236,68.387,21.209,2007110000
236,68.387,21.829,2619770000
236,43.567,24.361,DEK 5/6
236,46.547,24.312,DEK 5/8
236,68.387,22.449,2007120000
236,68.387,23.069,2619780000
236,68.387,23.689,2007130000
236,68.387,24.309,2619790000
236,43.446,28.941,WS 8/3.5
236,46.496,28.941,WS 8/5
236,68.387,27.015,2007140000
236,68.387,27.64,2619800000
236,68.387,28.26,2007150000
236,68.387,28.88,2619810000
236,43.603,31.417,WS 8/6
236,46.496,31.417,WS 8/8
236,68.387,29.5,2007160000
236,68.387,30.12,2619820000
236,68.387,30.74,2007170000
236,68.387,31.36,2619830000
236,43.491,33.897,WS 10/5
236,46.384,33.897,WS 10/6
236,68.387,31.98,2712130000
236,68.387,32.6,2712140000
236,68.387,33.22,2007190000
236,68.387,33.84,2619850000
236,43.491,36.373,WS 12/5
236,46.384,36.373,WS 12/8
236,68.387,34.46,2007200000
236,68.387,35.08,2619860000
236,68.387,35.701,2007210000
236,68.387,36.321,2619870000
236,65.552,39.062,0523060001
236,68.387,39.062,0460660001
236,65.552,39.687,0523060011
236,68.387,39.687,0460660011
236,65.552,40.307,0523060021
236,68.387,40.307,0460660021
236,65.552,40.927,0523060031
236,68.387,40.927,0460660031
236,65.552,41.547,0523060041
236,68.387,41.547,0460660041
236,65.552,42.167,0523060051
236,68.387,42.167,0460660051
236,65.552,42.787,0523060061
236,68.387,42.787,0460660061
236,65.552,43.407,0523060071
236,68.387,43.407,0460660071
236,65.552,44.027,0523060081
236,68.387,44.027,0460660081
236,49.505,44.647,91-100
236,65.552,44.647,0523060091
236,68.387,44.647,0460660091
237,-6.341,9.581,9019010000
237,-6.342,10.206,9019020000
237,-6.341,10.827,9021040000
237,-6.341,11.447,9021060000
237,-6.341,12.067,9019080000
237,-6.341,12.687,9019110000
237,-6.341,13.307,9019120000
237,-6.341,13.927,9019130000
237,-6.342,14.547,9019140000
237,-6.341,15.167,9021070000
237,-6.341,15.787,9021080000
237,-6.342,16.407,9021090000
237,-6.341,17.027,9021100000
237,-6.341,17.647,9021110000
237,-6.342,18.267,9021120000
237,-6.341,18.888,9021130000
237,-6.341,19.508,9021140000
237,-6.341,20.128,9021150000
237,-6.341,20.748,9021160000
237,-6.341,21.368,9004590000
237,-6.341,21.988,9018550000
237,-6.341,22.608,9018560000
237,-6.341,23.228,9025240000
237,-6.341,25.903,9037380000
237,-6.342,26.528,9037400000
237,-6.341,27.147,9037610000
237,-6.341,27.767,9037620000
237,-6.341,28.388,9037440000
237,-6.341,29.008,9037450000
237,-6.342,29.628,9037460000
237,-6.341,30.248,9037470000
237,-6.341,30.868,9037480000
237,-6.342,31.488,9037490000
237,-6.341,32.108,9037640000
237,-6.342,32.728,9037650000
237,-6.343,33.348,9037660000
237,-6.341,33.968,9037670000
237,-6.341,34.588,9037680000
237,-34.057,38.555,Plus 2.5 -
237,-6.341,37.281,9004280000
237,-6.341,37.906,9004310000
237,-6.341,38.526,9004330000
237,-6.341,39.146,9004350000
237,-6.341,39.767,9004370000
237,-10.274,43.701,H-BOX 0.5-2.5QMM T
237,-6.341,43.701,9023090000
237,31.183,10.202,2599430000
237,31.183,12.067,2599440000
237,31.182,15.393,2005090000
237,31.182,16.018,2005070000
237,31.182,16.638,2448880000
237,31.181,17.258,1302920000
237,6.206,21.89,DEK 5/3.5
237,9.256,21.89,DEK 5/5
237,31.183,19.964,2007100000
237,31.183,20.589,2619760000
237,31.183,21.209,2007110000
237,31.183,21.829,2619770000
237,6.363,24.361,DEK 5/6
237,9.343,24.312,DEK 5/8
237,31.183,22.449,2007120000
237,31.183,23.069,2619780000
237,31.183,23.689,2007130000
237,31.183,24.309,2619790000
237,6.241,28.941,WS 8/3.5
237,9.292,28.941,WS 8/5
237,31.183,27.015,2007140000
237,31.183,27.64,2619800000
237,31.183,28.26,2007150000
237,31.183,28.88,2619810000
237,6.398,31.417,WS 8/6
237,9.292,31.417,WS 8/8
237,31.183,29.5,2007160000
237,31.183,30.12,2619820000
237,31.183,30.74,2007170000
237,31.183,31.36,2619830000
237,6.286,33.897,WS 10/5
237,9.18,33.897,WS 10/6
237,31.183,31.98,2712130000
237,31.183,32.6,2712140000
237,31.183,33.22,2007190000
237,31.183,33.84,2619850000
237,6.286,36.373,WS 12/5
237,9.18,36.373,WS 12/8
237,31.183,34.46,2007200000
237,31.183,35.08,2619860000
237,31.183,35.701,2007210000
237,31.183,36.321,2619870000
237,28.348,39.062,0523060001
237,31.182,39.062,0460660001
237,28.348,39.687,0523060011
237,31.182,39.687,0460660011
237,28.348,40.307,0523060021
237,31.182,40.307,0460660021
237,28.348,40.927,0523060031
237,31.182,40.927,0460660031
237,28.348,41.547,0523060041
237,31.182,41.547,0460660041
237,28.348,42.167,0523060051
237,31.182,42.167,0460660051
237,28.348,42.787,0523060061
237,31.182,42.787,0460660061
237,28.348,43.407,0523060071
237,31.182,43.407,0460660071
237,28.348,44.027,0523060081
237,31.182,44.027,0460660081
237,12.3,44.647,91-100
237,28.348,44.647,0523060091
237,31.182,44.647,0460660091
238,31.838,9.582,2005440000
238,31.838,10.207,2005450000
238,31.837000000000003,10.827,2005470000
238,31.837000000000003,11.447,2005490000
238,31.836,12.067,2005510000
238,31.836,12.687,2005530000
238,14.529,15.707,TM 201
238,17.665,15.702000000000002,1798640000
238,20.5,15.702000000000002,1798620000
238,23.334,15.702000000000002,1798600000
238,26.169,15.702000000000002,1798580000
238,29.003,15.702000000000002,1507060000
238,31.838,15.702000000000002,1874850000
238,14.529,16.327,TM 202
238,17.665,16.327,1798560000
238,20.5,16.327,1798540000
238,23.334,16.327,1798530000
238,26.169,16.327,1798520000
238,29.003,16.327,1507070000
238,31.838,16.327,1874760000
238,14.529,16.947,TM 203
238,17.665,16.947,1798510000
238,20.5,16.947,1798490000
238,23.334,16.947,1798480000
238,26.169,16.947,1798470000
238,29.003,16.947,1507080000
238,31.838,16.947,1874770000
238,14.529,17.567,TM 204
238,17.665,17.567,1806180000
238,20.5,17.567,1806240000
238,23.334,17.567,1806300000
238,26.169,17.567,1806360000
238,29.003,17.567,1507090000
238,31.838,17.567,1874780000
238,14.529,18.187,TM 205
238,17.665,18.187,1806190000
238,20.5,18.187,1806250000
238,23.334,18.187,1806310000
238,26.169,18.187,1806370000
238,29.003,18.187,1507100000
238,31.838,18.187,1874790000
238,14.529,18.807,TM 206
238,17.665,18.807,1806200000
238,20.5,18.807,1806260000
238,23.334,18.807,1806320000
238,26.169,18.807,1806380000
238,29.003,18.807,1507110000
238,31.838,18.807,1874800000
238,29.003,21.538,2526070000
238,31.838,21.538,2526080000
238,29.003,22.163,2437510000
238,31.837000000000003,22.163,2437520000
238,29.003,22.783,2437550000
238,31.838,22.783,2437560000
238,29.003,23.403,2437670000
238,31.838,23.403,2437680000
238,17.629,24.023,HSS-HF 1/8 1.8-2.8/25Y
238,31.838,24.023,1961970000
238,17.629,24.643,HSS-HF 3/16 2.8-4.2/25Y
238,31.838,24.643,1961980000
238,17.629,25.263,HSS-HF 1/4 4.2-5.8/25Y
238,31.838,25.263,1961990000
238,17.629,25.883,HSS-HF 3/8 5.8-8.0/25Y
238,31.838,25.883,1962000000
238,17.629,26.503,HSS-HF 1/2 8.0-11.0/25Y
238,31.838,26.503,1962010000
238,17.629,27.123,HSS-HF 3/4 11.0-17.0/25Y
238,31.838,27.123,1962020000
238,17.629,27.743,HSS-HF 1 17.0-23.0/25Y
238,31.838,27.743,1962030000
238,2.261,33.043,MT30X Adhesive
238,17.63,30.47,THM MT30X 15/6
238,26.169,30.47,1753231044
238,29.004,30.47,1753231687
238,31.838,30.474,1753230001
238,17.63,31.094,THM MT30X 15/9
238,26.169,31.094,1058750000
238,29.004,31.094,1058740000
238,17.63,31.714,THM MT30X 17/9
238,26.169,31.714,1968130000
238,29.004,31.714,1856650000
238,31.838,31.714,1356500000
238,17.63,32.334,THM MT30X 20/8
238,26.169,32.334,1753241044
238,29.004,32.334,1753241687
238,17.63,32.954,THM MT30X 20/10
238,26.169,32.954,2556240000
238,17.63,33.574,THM MT30X 25/12
238,26.169,33.574,1751751044
238,29.004,33.574,1751751687
238,17.63,34.194,THM MT30X 30/20
238,26.169,34.194,1753261044
238,29.004,34.194,1753261687
238,31.838,34.194,1753260001
238,17.63,34.814,THM MT30X 38/19
238,26.169,34.814,1751801044
238,29.004,34.814,1751801687
238,17.63,35.434,THM MT30X 65/35
238,26.169,35.434,1751831044
238,29.004,35.434,1751831687
238,31.838,35.434,1751830001
238,17.63,36.054,THM MT30X 101/48
238,26.169,36.054,1751821044
238,29.004,36.054,1751821687
238,31.838,36.054,1751820001
238,29.004,39.399,2005320000
238,31.838,39.399,2005380000
238,29.004,41.264,2005340000
238,31.838,41.264,2005400000
238,29.004,43.124,2005360000
238,31.838,43.124,2005420000
238,68.954,9.495,2583780000
238,68.954,10.114,2583760000
238,68.954,10.729,2583740000
238,68.954,11.344,2583720000
238,68.954,11.959,2891470000
238,68.954,12.574,2891500000
238,68.954,13.189,2891530000
238,68.954,13.803,2891560000
238,56.224,17.101,1 x small
238,68.954,16.487,2584200000
238,68.954,17.106,2584180000
238,68.954,17.721,2584160000
238,68.954,18.336,2584150000
238,68.954,18.951,2584130000
238,68.954,19.565,2584120000
238,68.954,22.264,2584780000
238,68.954,22.884,2584760000
238,68.954,23.499,2584730000
238,68.954,24.114,2584680000
238,68.954,24.728,2584710000
238,68.954,25.343,2584690000
238,68.954,25.958,2584670000
238,68.954,26.573,2584330000
238,68.954,27.188,2584080000
238,68.954,27.803,2584060000
238,68.954,28.417,2584040000
238,68.954,29.032,2584020000
238,68.954,29.647,2584000000
238,68.954,30.262,2583980000
238,68.954,30.877,2583960000
238,68.954,31.492,2583620000
238,68.954,32.107,2583610000
238,68.954,32.722,2583550000
238,68.954,33.336,2583540000
238,68.954,33.951,2652280000
238,68.954,34.566,2583590000
238,68.954,35.181,2583580000
238,68.954,35.796,2583560000
238,68.954,36.411,2584790000
238,68.954,39.094,2583880000
238,68.954,39.713,2583860000
238,68.954,40.328,2583850000
238,68.954,40.943,2583840000
238,68.954,41.558,2583830000
238,68.954,42.173,2583810000
238,68.954,42.788,2583790000
238,68.954,43.402,2583770000
238,68.954,44.017,2583750000
238,68.954,44.632,2583730000
238,68.954,45.247,2583710000
238,68.954,45.862,2583700000
238,68.954,46.477,2583690000
238,68.954,47.092,2583680000
238,68.954,47.706,2583670000
238,68.954,48.321,2583660000
239,31.749,9.495,2583780000
239,31.749,10.114,2583760000
239,31.749,10.729,2583740000
239,31.749,11.344,2583720000
239,31.749,11.959,2891470000
239,31.749,12.574,2891500000
239,31.749,13.189,2891530000
239,31.749,13.803,2891560000
239,19.02,17.101,1 x small
239,31.75,16.487,2584200000
239,31.75,17.106,2584180000
239,31.75,17.721,2584160000
239,31.75,18.336,2584150000
239,31.75,18.951,2584130000
239,31.75,19.565,2584120000
239,31.749,22.264,2584780000
239,31.749,22.884,2584760000
239,31.749,23.499,2584730000
239,31.749,24.114,2584680000
239,31.75,24.728,2584710000
239,31.75,25.343,2584690000
239,31.75,25.958,2584670000
239,31.75,26.573,2584330000
239,31.75,27.188,2584080000
239,31.75,27.803,2584060000
239,31.75,28.417,2584040000
239,31.75,29.032,2584020000
239,31.75,29.647,2584000000
239,31.75,30.262,2583980000
239,31.75,30.877,2583960000
239,31.75,31.492,2583620000
239,31.75,32.107,2583610000
239,31.75,32.722,2583550000
239,31.75,33.336,2583540000
239,31.75,33.951,2652280000
239,31.75,34.566,2583590000
239,31.75,35.181,2583580000
239,31.75,35.796,2583560000
239,31.75,36.411,2584790000
239,31.749,39.094,2583880000
239,31.749,39.713,2583860000
239,31.749,40.328,2583850000
239,31.749,40.943,2583840000
239,31.75,41.558,2583830000
239,31.75,42.173,2583810000
239,31.75,42.788,2583790000
239,31.75,43.402,2583770000
239,31.75,44.017,2583750000
239,31.75,44.632,2583730000
239,31.75,45.247,2583710000
239,31.75,45.862,2583700000
239,31.75,46.477,2583690000
239,31.75,47.092,2583680000
239,31.75,47.706,2583670000
239,31.75,48.321,2583660000
240,48.385,26.562,GUMTA06.012100
240,48.385,27.802,GUMTA12.012100
240,48.388,29.043,GOGN812.T62100
240,48.388,30.283,GOGN824.T62100
240,48.336,32.764,GUMTD06.052100
240,48.336,34.004,GUMTD12.052100
240,48.338,35.244,GOGND12.T62100
240,48.338,36.484,GOGND24.T62100
241,11.18,26.56,GUMTA06.012100
241,11.18,27.801,GUMTA12.012100
241,11.184,29.041,GOGN812.T62100
241,11.184,30.281,GOGN824.T62100
241,11.131,32.762,GUMTD06.052100
241,11.131,34.002,GUMTD12.052100
241,11.133,35.242,GOGND12.T62100
241,11.133,36.483,GOGND24.T62100
242,12.818,32.078,AP100041
242,12.818,32.964,AP101731
242,12.204,33.85,TFSLC900PR12
242,12.818,34.736,AP100066
242,13.144,35.622,SPHS40
242,12.817,36.507,AP100041
242,12.817,37.393,AP101731
242,12.203,38.279,TFSLC900PR12
242,13.143,39.165,SPHS40
242,12.816,40.051,AP100041
242,12.816,40.937,AP101409
242,12.182,41.823,TFSSC900PR12
242,12.816,42.708,AP100066
242,13.141,43.594,SPHS40
242,12.815,44.48,AP100041
242,12.815,45.366,AP101409
242,12.18,46.252,TFSSC900PR12
242,13.141,47.138,SPHS40
243,12.818,3.752,AP100041
243,12.412,4.815,AP101729AQ
243,12.184,5.878,TF3LC900PR12
243,12.818,6.941,AP100066
243,13.144,8.005,SPHS40
243,12.817,9.067,AP100041
243,12.411,10.13,AP101729AQ
243,12.183,11.193,TF3LC900PR12
243,13.143,12.257,SPHS40
243,12.816,13.319,AP100041
243,12.411,14.382,AP100098AQ
243,12.162,15.445,TF3SC900PR12
243,12.816,16.508,AP100066
243,13.142,17.572,SPHS40
243,12.815,18.634,AP100041
243,12.41,19.697,AP100098AQ
243,12.161,20.76,TF3SC900PR12
243,13.141,21.824,SPHS40
243,11.534,22.887,PF3LDLD001ML2XA
243,11.534,23.95,PF3LDLD002ML2XA
243,11.517,25.013,PF3SDSD001ML2XA
243,11.517,26.076,PF3SDSD002ML2XA
243,12.815,28.202,AP100041
243,12.474,29.265,AP101729EV
243,12.181,30.328,TF4LC900PR12
243,12.815,31.391,AP100066
243,13.141,32.454,SPHS40
243,12.814,33.517,AP100041
243,12.473,34.58,AP101729EV
243,12.18,35.643,TF4LC900PR12
243,13.14,36.706,SPHS40
243,11.533,37.769,PF4LDLD001ML2XA
243,11.533,38.832,PF4LDLD002ML2XA
244,6.44,7.855,BEL601006U305M
244,6.748,9.649,OSP6U0101000
244,7.342,11.725,AX101342
244,7.331,13.196,RA6MJ-BK
244,7.341,14.949,AX101320
244,7.187,27.061,RA56CPP24
244,7.342,29.137,AX105931
244,6.75,30.046,CABLEMNDR5R
244,6.648,36.238,7814A006A1000
244,6.292,37.428,7814ANH006A1000
244,27.057,37.709,7814ANH008A1000
244,6.747,39.504,OSP6U0101000
244,7.341,41.579,AX101342
244,7.34,43.332,AX101320
244,7.34,44.803,AX101321
244,44.574,8.582,90000005
244,44.546,10.377,AX103253
244,44.546,12.171,AX105931
244,43.954,13.08,CABLEMNDR5R
244,43.758,19.249,10GA24008305M
244,43.801,21.043,OSP6AU0101000
244,43.874,23.119,RVAMJKUEW-S1
244,43.956,24.309,RVAMJKUBK-S1
244,44.148,31.403,RVAFPUBK-S1
244,44.574,32.312,90000006
244,44.174,34.388,AX106504-AP
244,44.547,36.463,AX105931
244,43.955,37.372,CABLEMNDR5R
244,43.758,43.542,10GA25008305M
244,43.836,45.336,OSP6AF0101000
245,7.369,8.582,90000005
245,7.342,10.377,AX103253
245,7.341,12.171,AX105931
245,6.75,13.08,CABLEMNDR5R
245,6.553,19.249,10GA24008305M
245,6.596,21.043,OSP6AU0101000
245,6.669,23.119,RVAMJKUEW-S1
245,6.751,24.309,RVAMJKUBK-S1
245,6.944,31.403,RVAFPUBK-S1
245,7.37,32.312,90000006
245,6.969,34.388,AX106504-AP
245,7.342,36.463,AX105931
245,6.751,37.372,CABLEMNDR5R
245,6.553,43.542,10GA25008305M
245,6.631,45.336,OSP6AF0101000
246,7.341,3.564,AX104562
246,6.736,5.035,RVAMJKSME-S1
246,6.929,12.411,RVAFPSME-S1
246,7.369,13.32,90000006
246,6.969,15.675999999999998,AX106504-AP
246,7.342,18.033,AX105931
246,6.75,18.942,CABLEMNDR5R
246,7.341,25.415,AX100749
246,7.341,26.605,AX105566
246,7.451,27.796,RVUTT01
246,33.603,34.504,0.5mtr
247,1.167,16.844,CATEGORY 5E CABLES
247,10.807,20.208,5E cables off
248,1.875,8.437,74004E
248,1.7,9.5,74004NH
248,1.875,10.564,74005E
248,1.7,11.627,74005NH
248,1.738,12.69,74005PU
248,1.875,33.137,74001E
248,1.699,34.2,74001NH
248,1.737,35.263,74001PU
248,1.874,36.326,74002E
248,1.699,37.389,74002NH
248,1.737,38.452,74002PU
248,1.737,40.684,74003PU
248,1.737,42.417,74009PU
248,33.418,44.281,n BP02.
249,-35.329,8.437,74004E
249,-35.505,9.5,74004NH
249,-35.33,10.564,74005E
249,-35.505,11.627,74005NH
249,-35.466,12.69,74005PU
249,-35.328,33.139,74001E
249,-35.504,34.202,74001NH
249,-35.466,35.266,74001PU
249,-35.329,36.329,74002E
249,-35.504,37.392,74002NH
249,-35.466,38.455,74002PU
249,-35.466,40.686,74003PU
249,-35.466,42.419,74009PU
249,-3.787,44.281,n BP02.
249,1.167,3.393,RS-485 DATA CABLES
249,1.693,9.22,9841 0601000
249,11.23,8.995,INTERNAL 120 OHM
249,1.693,10.953,9842 0601000
249,11.23,10.728,INTERNAL 120 OHM
249,1.694,12.686,9843 0601000
249,11.231,12.461,INTERNAL 120 OHM
249,1.694,14.419,9844 0601000
249,11.231,14.194,INTERNAL 120 OHM
249,11.232,15.928,INTERNAL 120 OHM
249,11.232,17.436,INTERNAL 120 OHM
249,11.232,18.944,INTERNAL 120 OHM
249,1.433,20.902,3105DB 0101000
249,11.197,20.677,EXTERNAL 120 OHM
249,1.432,22.636,3106DB 0101000
249,11.197,22.411,EXTERNAL 120 OHM
249,1.432,24.369,3107DB 0101000
249,11.197,24.144,EXTERNAL 120 OHM
249,1.432,26.102,3108DB 0101000
249,11.196,25.877,EXTERNAL 120 OHM
249,1.431,27.835,3109DB 0101000
249,11.196,27.61,EXTERNAL 120 OHM
249,1.167,29.753,RS-422 DATA CABLES
249,1.691,42.712,8102 0601000
249,1.691,43.995,9829 0601000
249,1.69,45.279,8164 0601000
250,1.167,1.499,RS-232 DATA CABLES
250,15.913,8.289,MULTICORE RS-232 CABLES
250,1.693,9.551,9533 0601000
250,1.556,10.834,9533 060U1000
250,15.912,12.096,MULTICORE RS-232 CABLES
250,1.692,13.358,9538 0601000
250,1.555,14.641,9538 060U1000
250,1.691,15.924,9541 0601000
250,1.554,17.208,9541 060U1000
250,1.692,18.491,9542 0601000
250,1.692,21.015,9501 0601000
250,1.554,22.298,9501 060U1000
250,1.69,23.581,9502 0601000
250,1.553,24.864,9502 060U1000
250,1.69,26.148,9503 0601000
250,1.552,27.431,9503 060U1000
250,1.689,28.714,9504 0601000
250,1.551,29.997,9504 060U1000
250,1.688,31.281,9506 0601000
250,1.551,32.564,9506 060U1000
250,1.687,33.847,9510 0601000
250,1.687,36.371,9519 0601000
250,1.687,37.654,9525 0601000
250,1.687,39.162,8340 0601000
250,1.693,46.577,9182 0101000
250,5.172,46.352,TWINAX 22AWG SCREENED
250,38.942,10.496,4855R 0101000
250,38.942,11.887,4505R 0101000
250,38.942,13.278,4694R 0101000
250,38.942,14.668,4794R 0101000
250,54.129,14.668,SERIES 7
250,39.052,16.059,4731R 010100
250,39.022,24.2,8267 0101000
250,54.202,24.2,RG- 213
250,39.022,25.934,8259 0101000
250,38.885,27.667,8259 010U1000
250,39.022,29.4,9913 0101000
250,38.797,31.133,9913F7 B591000
250,39.132,32.867,9913 010100
251,1.738,10.496,4855R 0101000
251,1.738,11.887,4505R 0101000
251,1.738,13.278,4694R 0101000
251,1.738,14.668,4794R 0101000
251,16.924,14.668,SERIES 7
251,1.848,16.059,4731R 010100
251,1.818,24.2,8267 0101000
251,16.997,24.2,RG- 213
251,1.817,25.934,8259 0101000
251,1.68,27.667,8259 010U1000
251,1.817,29.4,9913 0101000
251,1.591,31.133,9913F7 B591000
251,1.926,32.867,9913 010100
252,1.703,30.162,8233 0101000
252,17.816,29.712,RG-11/U
252,1.475,31.845,1189AP 8771000
252,17.927,38.577,RG-6/U
252,17.927,40.26,RG-6/U
252,17.927,41.943,RG-6/U
252,17.927,43.626,RG-6/U
252,17.927,45.309,RG-6/U
252,17.926,46.992,RG-6/U
252,55.132,4.518,RG-6/U
252,55.132,6.201,RG-6/U
252,55.131,7.884,RG-6/U
252,55.131,9.567,RG-6/U
252,55.131,11.25,RG-6/U
252,38.795,12.933,1694F B591000
252,42.898,12.483,COAX STRND RG6
252,55.01,12.708,RG-6/U -
252,38.761,14.616,1694F G7V1000
252,42.897,14.391,COAX STRND RG6
252,55.009,14.391,RG-6/U -
252,38.693,16.299,1694F G7W1000
252,42.896,15.849,COAX STRND RG6
252,55.008,16.074,RG-6/U -
252,38.766,17.982,1694F G7X1000
252,42.896,17.757,COAX STRND RG6
252,55.007,17.757,RG-6/U -
252,38.77,19.665,1694F G7Y1000
252,42.895,19.215,COAX STRND RG6
252,55.007,19.44,RG-6/U -
252,38.786,21.348,1694F G8L1000
252,42.895,20.898,COAX STRND RG6
252,55.006,21.123,RG-6/U -
252,38.711,23.031,1694F G8M1000
252,42.894,22.581,COAX STRND RG6
252,55.006,22.806,RG-6/U -
252,38.788,24.714,1694F Z4B1000
252,42.894,24.264,COAX STRND RG6
252,55.006,24.489,RG-6/U -
252,38.683,26.397,1694SB 0101000
252,38.593,28.08,1694WB 0101000
252,42.813,27.855,DIGITAL COAX RG6
252,55.127,28.08,RG-6/U
252,54.743,29.313,5 CORE RG-
252,54.592,29.763,6/U WITH OA
252,55.086,31.446,RG59/U
252,55.086,33.129,RG59/U
252,55.085,34.812,RG59/U
252,55.085,36.495,RG59/U
252,55.085,38.178,RG59/U
252,55.084,39.861,RG59/U
252,55.083,41.544,RG59/U
252,55.083,43.227,RG59/U
252,55.093,44.912,RG59/U
252,55.092,46.595,RG59/U
253,17.927,4.518,RG-6/U
253,17.927,6.201,RG-6/U
253,17.927,7.884,RG-6/U
253,17.927,9.567,RG-6/U
253,17.927,11.25,RG-6/U
253,1.591,12.933,1694F B591000
253,5.693,12.483,COAX STRND RG6
253,17.805,12.708,RG-6/U -
253,1.557,14.616,1694F G7V1000
253,5.693,14.391,COAX STRND RG6
253,17.804,14.391,RG-6/U -
253,1.488,16.299,1694F G7W1000
253,5.692,15.849,COAX STRND RG6
253,17.804,16.074,RG-6/U -
253,1.561,17.982,1694F G7X1000
253,5.691,17.757,COAX STRND RG6
253,17.803,17.757,RG-6/U -
253,1.566,19.665,1694F G7Y1000
253,5.69,19.215,COAX STRND RG6
253,17.802,19.44,RG-6/U -
253,1.582,21.348,1694F G8L1000
253,5.69,20.898,COAX STRND RG6
253,17.802,21.123,RG-6/U -
253,1.506,23.031,1694F G8M1000
253,5.69,22.581,COAX STRND RG6
253,17.802,22.806,RG-6/U -
253,1.584,24.714,1694F Z4B1000
253,5.69,24.264,COAX STRND RG6
253,17.801,24.489,RG-6/U -
253,1.478,26.397,1694SB 0101000
253,1.388,28.08,1694WB 0101000
253,5.608,27.855,DIGITAL COAX RG6
253,17.922,28.08,RG-6/U
253,17.538,29.313,5 CORE RG-
253,17.387,29.763,6/U WITH OA
253,17.882,31.446,RG59/U
253,17.881,33.129,RG59/U
253,17.881,34.812,RG59/U
253,17.88,36.495,RG59/U
253,17.88,38.178,RG59/U
253,17.879,39.861,RG59/U
253,17.879,41.544,RG59/U
253,17.878,43.227,RG59/U
253,17.888,44.912,RG59/U
253,17.888,46.595,RG59/U
254,17.888,4.518,RG59/U
254,1.601,6.201,1505F 0041000
254,17.765,5.976,RG59/U -
254,1.59,7.884,1505F B591000
254,17.764,7.659000000000001,RG59/U -
254,1.556,9.567,1505F G7V1000
254,17.763,9.342,RG59/U -
254,1.487,11.25,1505F G7W1000
254,17.762,11.025,RG59/U -
254,1.56,12.933,1505F G7X1000
254,17.761,12.708,RG59/U -
254,1.564,14.616,1505F G7Y1000
254,17.759,14.391,RG59/U -
254,1.579,16.299,1505F G8L1000
254,17.759,16.074,RG59/U -
254,1.581,17.982,1505F Z4B1000
254,17.758,17.757,RG59/U -
254,17.809,20.115,RG-59/U
254,17.808,21.798,RG-59/U
254,17.808,23.481,RG-59/U
254,17.807,25.164,RG-59/U
254,17.807,26.847,RG-59/U
254,17.806,28.53,RG-59/U
254,17.805,30.213,RG-59/U
254,17.805,31.896,RG-59/U
254,17.804,33.579,RG-59/U
254,17.803,35.262,RG-59/U
254,1.47,36.495,543945 0091000
254,1.332,38.178,543945 009U1000
254,1.468,39.861,543945 0101000
254,1.331,41.544,543945 010U1000
254,1.704,44.927,8232 0101000
254,17.818,44.477,RG-59/U
254,1.704,46.61,8232 0102000
254,17.817,46.16,RG-59/U
254,17.816,47.843,RG-59/U
255,1.568,4.695,8241 002U1000
255,1.567,6.378,8241 003U1000
255,1.566,8.061,8241 004U1000
255,1.565,9.744,8241 005U1000
255,1.565,11.427,8241 006U1000
255,1.564,13.11,8241 009U1000
255,1.701,14.793,8241 0101000
255,1.563,16.476,8241 010U1000
255,1.58,18.159,8241B 0101000
255,1.442,19.842,8241B 010U1000
255,1.552,21.525,8241F G7V1000
255,17.91,21.3,RG-59 -
255,1.484,23.208,8241F G7W1000
255,17.909,22.983,RG-59 -
255,1.557,24.891,8241F G7X1000
255,17.909,24.666,RG-59 -
255,1.562,26.574,8241F G7Y1000
255,17.908,26.349,RG-59 -
255,1.503,28.257,8241F G8M1000
255,17.908,28.032,RG-59 -
255,1.612,29.94,8241F J5C1000
255,17.907,29.715,RG-59 -
255,1.565,31.623,8241F U901000
255,17.907,31.398000000000003,RG-59 -
256,2.051,9.298,8412 0101000
256,2.052,17.826,8471 0601000
256,2.052,18.89,8473 0601000
256,2.051,19.953,8477 0601000
256,1.914,23.142,1509C B591000
256,1.914,24.205,1510C B591000
256,1.913,25.268,1512C B591000
256,1.913,26.331,1513C B591000
256,1.931,27.395,1800B 0071000
256,1.929,28.458,1800B T5X1000
256,1.939,29.521,1800F B591000
256,1.936,30.584,1803F Z4B1000
256,2.052,31.647,9180 0601000
256,2.04,32.71,9180 Z4B1000
256,1.939,33.773,1411R 0101000
256,1.939,34.836,1502R 0101000
257,-35.153,9.298,8412 0101000
257,-35.153,17.826,8471 0601000
257,-35.153,18.89,8473 0601000
257,-35.153,19.953,8477 0601000
257,-35.291,23.142,1509C B591000
257,-35.291,24.205,1510C B591000
257,-35.291,25.268,1512C B591000
257,-35.291,26.331,1513C B591000
257,-35.273,27.395,1800B 0071000
257,-35.275,28.458,1800B T5X1000
257,-35.266,29.521,1800F B591000
257,-35.269,30.584,1803F Z4B1000
257,-35.152,31.647,9180 0601000
257,-35.165,32.71,9180 Z4B1000
257,-35.266,33.773,1411R 0101000
257,-35.266,34.836,1502R 0101000
257,1.793,10.63,9463 0011000
257,1.684,11.913,9463 00110000
257,1.794,13.196,9463 0031000
257,1.684,14.48,9463 00310000
257,1.794,15.763000000000002,9463 0071000
257,1.831,17.046,9463 J221000
257,1.694,18.329,9463 J22U1000
257,7.101,18.554,305MB BLUE
257,1.537,19.613,9463DB S8Y1000
257,1.728,20.896,9463F J221000
257,1.611,22.179,139463 J221000
257,1.691,31.028,3092F 0101000
257,1.674,34.878,3079E B021000
257,1.69,38.12,3076F 0031000
257,1.689,39.853,3076F 0061000
257,1.671,41.361,3072F C551000
257,1.665,46.494,3084F T5U1000
258,1.564,11.059,BOAP05U01R BKC1
258,1.558,12.068,BOAP05U01R BKA5
258,1.558,13.076,BOAP05U02R BKA5
258,1.565,14.084,BOAP05U02R BKC1
258,1.558,15.092,BOAP05U03R BKA5
258,1.565,16.101,BOAP05U03R BKC1
258,1.559,17.109,BOAP05U04R BKA5
258,1.566,18.117,BOAP05U04R BKC1
258,1.559,19.126,BOAP05U06R BKA5
258,1.566,20.134,BOAP05U06R BKC1
258,1.565,21.142,BOAP05U08R BKB1
258,1.56,22.15,BOAP05U10R BKA5
258,1.56,23.159,BOAP05U12R BKA5
258,1.56,24.167,BOAP05U16R BKA5
258,1.625,25.175,BOAP05U20RBKA5
258,1.625,26.184,BOAP05U24RBKA5
258,1.56,28.101,BOAP10U01R BKA5
258,1.567,29.109,BOAP10U01R BKC1
258,1.561,30.117,BOAP10U02R BKA5
258,1.568,31.126,BOAP10U02R BKC1
258,1.561,33.043,BOAP15U01R BKA5
258,1.568,34.051,BOAP15U01R BKC1
258,1.562,35.059,BOAP15U02R BKA5
258,1.569,36.068,BOAP15U02R BKC1
258,1.562,37.076,BOAP15U03R BKA5
258,1.569,38.084,BOAP15U03R BKC1
258,1.563,39.092,BOAP15U04R BKA5
258,1.57,40.101,BOAP15U04R BKC1
258,1.563,41.109,BOAP15U06R BKA5
258,1.57,42.117,BOAP15U06R BKC1
258,1.569,43.126,BOAP15U08R BKB1
258,1.564,44.134,BOAP15U10R BKA5
258,1.564,45.142,BOAP15U12R BKA5
258,1.564,46.15,BOAP15U16R BKA5
258,1.564,47.159,BOAP15U20R BKA5
258,1.564,48.167,BOAP15U24R BKA5
258,38.912,9.165,BIOP05U02RBKC1
258,38.905,10.174,BIOP05U02RBKA5
258,38.91,11.182,BIOP05U04RBKB1
258,38.911,12.19,BIOP05U04RBKC1
258,38.911,13.198,BIOP05U06RBKB1
258,38.912,14.207,BIOP05U06RBKC1
258,38.905,15.215,BIOP05U10RBKA5
258,38.912,17.232,BIOP15U02RBKC1
258,38.906,18.24,BIOP15U02RBKA5
258,38.912,19.248,BIOP15U04RBKC1
258,38.817,20.256,BOAP15U04RBKA5
258,38.911,21.265,BIOP15U04RBKB1
258,38.912,22.273,BIOP15U06RBKC1
258,38.817,23.281,BOAP15U06RBKA5
258,38.911,24.29,BIOP15U06RBKB1
258,38.822,25.298,BOAP15U08RBKB1
258,38.911,26.306,BIOP15U10RBKB1
258,38.912,27.314,BIOP15U12RBKB1
258,38.832,36.496,BOAT05U01RBKA5
258,38.832,37.504,BOAT05U01RBKA5
258,38.832,39.521,BOAT15U01RBKA5
258,38.837,40.529,BOAT15U06RBKB1
259,1.707,9.165,BIOP05U02RBKC1
259,1.7,10.174,BIOP05U02RBKA5
259,1.705,11.182,BIOP05U04RBKB1
259,1.707,12.19,BIOP05U04RBKC1
259,1.706,13.198,BIOP05U06RBKB1
259,1.707,14.207,BIOP05U06RBKC1
259,1.701,15.215,BIOP05U10RBKA5
259,1.708,17.232,BIOP15U02RBKC1
259,1.701,18.24,BIOP15U02RBKA5
259,1.708,19.248,BIOP15U04RBKC1
259,1.612,20.256,BOAP15U04RBKA5
259,1.706,21.265,BIOP15U04RBKB1
259,1.708,22.273,BIOP15U06RBKC1
259,1.612,23.281,BOAP15U06RBKA5
259,1.706,24.29,BIOP15U06RBKB1
259,1.617,25.298,BOAP15U08RBKB1
259,1.706,26.306,BIOP15U10RBKB1
259,1.707,27.314,BIOP15U12RBKB1
259,1.628,36.496,BOAT05U01RBKA5
259,1.627,37.504,BOAT05U01RBKA5
259,1.627,39.521,BOAT15U01RBKA5
259,1.632,40.529,BOAT15U06RBKB1
260,1.449,9.165,BOAP05S01LBKB1
260,1.449,10.174,BOAP05S02LBKB1
260,1.449,12.19,BOAP15S01LBKB1
260,1.449,13.198,BOAP15S01LBKB1
260,1.449,14.207,BOAP15S02LBKB1
260,1.449,15.215,BOAP15S02LBKB1
260,1.449,16.223,BOAP15S04LBKB1
260,1.449,17.232,BOAP15S04LBKB1
260,1.449,18.24,BOAP15S06LBKB1
260,1.449,19.248,BOAP15S06LBKB1
260,1.449,20.256,BOAP15S10LBKB1
260,1.449,21.265,BOAP15S12LBKB1
260,1.449,22.273,BOAP15S12LBKB1
260,1.449,23.281,BOAP15S24LBKB1
260,1.538,32.695,BIOP05S02LBKB1
260,1.538,34.166,BIOP05S02LBKB1
260,1.538,35.638,BIOP05S04LBKB1
260,1.538,37.109,BIOP05S04LBKB1
260,1.538,39.589,BIOP15S02LBKB1
260,1.538,41.06,BIOP15S04LBKB1
261,1.942,9.344,8451 01010000
261,2.052,10.177,8451 0081000
261,1.914,11.011,8451 008U1000
261,2.051,11.844,8451 0101000
261,1.913,12.677,8451 010U1000
261,2.05,13.51,8761 0601000
261,1.913,14.344,8761 060U1000
261,2.049,15.177,9302 0601000
261,1.912,16.01,9302 060U1000
261,2.049,16.843,8762 0601000
261,1.911,17.677,8762 060U1000
261,2.051,21.206,8760 0601000
261,1.914,22.04,8760 060U1000
261,1.914,22.873,9460 060U1000
261,2.051,23.706,8719 0601000
261,1.914,24.539,8719 060U1000
261,1.941,25.373,8719 06010000
261,2.051,26.206,8720 0601000
261,2.051,29.735,8772 0601000
261,1.913,30.568,8772 060U1000
261,2.05,31.402,8771 0601000
261,1.913,32.235,8771 060U1000
261,2.051,35.764,9368 0601000
261,2.051,36.597,8723 0601000
261,1.913,38.263,8723 060U1000
261,1.765,39.097,8723NH 0601000
261,1.991,39.93,8723NH.00305
261,2.049,40.763,8777 0601000
261,1.912,41.596,8777 060U1000
262,1.805,11.08,5100UE 0021000
262,1.805,12.363,5100UE 0081000
262,1.668,13.646,5100UE 008U1000
262,1.806,14.93,5100UE 0101000
262,1.669,16.213,5300UE 001U1000
262,1.669,17.496,5300UE 005U1000
262,1.807,18.779,5300UE 0081000
262,1.67,20.063,5300UE 008U1000
262,1.807,21.346,5300UE 0091000
262,1.67,22.629,5300UE 009U1000
262,1.808,23.912,5300UE 0101000
262,1.67,25.196,5300UE 010U1000
262,1.671,26.479,5500UE 005U1000
262,1.809,27.762,5500UE 0081000
262,1.672,29.045,5500UE 008U1000
262,1.815,30.329,5T00UP 0081000
262,1.815,31.612,5T00UP 0101000
262,38.758,8.086,5140U1 0101000
262,51.946,8.086,14 AWG
262,38.758,8.919,5102U1 0021000
262,51.946,8.919,14 AWG
262,38.758,9.752,5102U1 0101000
262,51.946,9.752,14 AWG
262,38.759,10.586,5240U1 0101000
262,51.947,10.586,16 AWG
262,38.76,11.419,5202UE 0081000
262,51.947,11.419,16 AWG
262,38.622,12.252,5202UE 009U1000
262,51.947,12.252,16 AWG
262,38.622,13.085,5202UE 010U1000
262,51.948,13.085,16 AWG
262,38.76,13.919,5300U1 0081000
262,51.948,13.919,18 AWG
262,38.622,14.752,5300U1 008U1000
262,51.947,14.752,18 AWG
262,38.76,15.585,5300U1 0101000
262,51.948,15.585,18 AWG
262,38.79,16.418,5303FE 0081000
262,51.948,16.418,18 AWG
262,38.653,17.252,5303FE 008U1000
262,51.947,17.252,18 AWG
262,38.758,18.085,5502G1 0081000
262,51.947,18.085,22 AWG
262,38.79,18.918,5500F1 0081000
262,51.947,18.918,22 AWG
262,38.789,19.751,5500F1 0101000
262,51.947,19.751,22 AWG
262,38.903,30.441,558GMS 000 1000
262,57.292,28.966,18 AWG
262,57.292,29.799,22 AWG
262,57.292,30.633,22 AWG
262,57.292,31.691000000000003,22 AWG
262,38.988,34.224,558AFS 000 1000
262,57.292,32.749,18 AWG
262,57.292,33.583,22 AWG
262,57.292,34.416,22 AWG
262,57.292,35.474,22 AWG
263,1.553,8.086,5140U1 0101000
263,14.741,8.086,14 AWG
263,1.554,8.919,5102U1 0021000
263,14.742,8.919,14 AWG
263,1.554,9.752,5102U1 0101000
263,14.742,9.752,14 AWG
263,1.554,10.586,5240U1 0101000
263,14.742,10.586,16 AWG
263,1.555,11.419,5202UE 0081000
263,14.743,11.419,16 AWG
263,1.418,12.252,5202UE 009U1000
263,14.743,12.252,16 AWG
263,1.418,13.085,5202UE 010U1000
263,14.744,13.085,16 AWG
263,1.556,13.919,5300U1 0081000
263,14.744,13.919,18 AWG
263,1.419,14.752,5300U1 008U1000
263,14.744,14.752,18 AWG
263,1.556,15.585,5300U1 0101000
263,14.744,15.585,18 AWG
263,1.587,16.418,5303FE 0081000
263,14.744,16.418,18 AWG
263,1.449,17.252,5303FE 008U1000
263,14.744,17.252,18 AWG
263,1.555,18.085,5502G1 0081000
263,14.744,18.085,22 AWG
263,1.587,18.918,5500F1 0081000
263,14.744,18.918,22 AWG
263,1.587,19.751,5500F1 0101000
263,14.744,19.751,22 AWG
263,1.698,30.441,558GMS 000 1000
263,20.087,28.966,18 AWG
263,20.087,29.799,22 AWG
263,20.087,30.633,22 AWG
263,20.087,31.691000000000003,22 AWG
263,1.783,34.224,558AFS 000 1000
263,20.087,32.749,18 AWG
263,20.087,33.583,22 AWG
263,20.087,34.416,22 AWG
263,20.087,35.474,22 AWG
264,16.737,9.527,0.5MM2 FLEX
264,2.134,10.348,SH00050BE100
264,7.923,10.348,0.5mm2 Flex
264,2.121,11.257,SH00050BK100
264,7.923,11.257,0.5mm2 Flex
264,2.092,12.165,SH00050BN100
264,7.922000000000001,12.165,0.5mm2 Flex
264,2.127,13.074,SH00050EA100
264,7.922000000000001,13.074,0.5mm2 Flex
264,2.108,13.983,SH00050GY100
264,7.922000000000001,13.983,0.5mm2 Flex
264,2.095,14.892,SH00050OE100
264,7.920999999999999,14.892,0.5mm2 Flex
264,2.132,15.800999999999998,SH00050PK100
264,7.920999999999999,15.800999999999998,0.5mm2 Flex
264,2.095,16.71,SH00050RD100
264,7.92,16.71,0.5mm2 Flex
264,2.126,17.619,SH00050VT100
264,7.92,17.619,0.5mm2 Flex
264,2.041,18.528,SH00050WE100
264,7.92,18.528,0.5mm2 Flex
264,16.586,19.487,0.75MM2 FLEX
264,2.131,20.447,SH00075BE100
264,7.782999999999999,20.447,0.75mm2 Flex
264,2.118,21.356,SH00075BK100
264,7.782999999999999,21.356,0.75mm2 Flex
264,2.118,22.265,SH00075BK500
264,7.782999999999999,22.265,0.75mm2 Flex
264,2.09,23.174,SH00075BN100
264,7.782999999999999,23.174,0.75mm2 Flex
264,2.029,24.083,SH00075BW100
264,7.782999999999999,24.083,0.75mm2 Flex
264,2.125,24.991,SH00075EA100
264,7.782999999999999,24.991,0.75mm2 Flex
264,2.106,25.9,SH00075GY100
264,7.782999999999999,25.9,0.75mm2 Flex
264,2.148,26.809,SH00075LB100
264,7.782999999999999,26.809,0.75mm2 Flex
264,2.093,27.718,SH00075OE100
264,7.782999999999999,27.718,0.75mm2 Flex
264,2.087,28.627,SH00075OR100
264,7.782999999999999,28.627,0.75mm2 Flex
264,2.13,29.536,SH00075PK100
264,7.782999999999999,29.536,0.75mm2 Flex
264,2.094,30.445,SH00075RD100
264,7.782999999999999,30.445,0.75mm2 Flex
264,2.094,31.354,SH00075RD500
264,7.782999999999999,31.354,0.75mm2 Flex
264,2.126,32.263,SH00075VT100
264,7.782999999999999,32.263,0.75mm2 Flex
264,2.04,33.172,SH00075WE100
264,7.782999999999999,33.172,0.75mm2 Flex
264,16.733,33.992,1.0MM2 FLEX
264,2.131,34.812,SH00100BE100
264,7.92,34.812,1.0mm2 Flex
264,2.131,35.721,SH00100BE500
264,7.92,35.721,1.0mm2 Flex
264,2.118,36.63,SH00100BK100
264,7.919,36.63,1.0mm2 Flex
264,2.117,37.539,SH00100BK500
264,7.919,37.539,1.0mm2 Flex
264,2.089,38.448,SH00100BN100
264,7.917999999999999,38.448,1.0mm2 Flex
264,2.124,39.357,SH00100EA100
264,7.917999999999999,39.357,1.0mm2 Flex
264,2.123,40.266,SH00100EA500
264,7.917999999999999,40.266,1.0mm2 Flex
264,2.104,41.175,SH00100GY100
264,7.917999999999999,41.175,1.0mm2 Flex
264,2.104,42.083,SH00100GY500
264,7.917999999999999,42.083,1.0mm2 Flex
264,2.091,42.992,SH00100OE100
264,7.917,42.992,1.0mm2 Flex
264,2.128,43.901,SH00100PK100
264,7.917,43.901,1.0mm2 Flex
264,2.091,44.81,SH00100RD100
264,7.916,44.81,1.0mm2 Flex
264,2.09,45.719,SH00100RD500
264,7.916,45.719,1.0mm2 Flex
264,2.121,46.628,SH00100VT100
264,7.916,46.628,1.0mm2 Flex
264,2.036,47.537,SH00100WE100
264,7.914999999999999,47.537,1.0mm2 Flex
264,39.249,4.587,SH00100WE500
264,45.128,4.587,1.0mm2 Flex
264,53.941,5.407,1.5MM2 FLEX
264,39.339,6.227,SH00150BE100
264,45.128,6.227,1.5mm2 Flex
264,39.339,7.136,SH00150BE500
264,45.128,7.136,1.5mm2 Flex
264,39.325,8.045,SH00150BK100
264,45.127,8.045,1.5mm2 Flex
264,39.325,8.954,SH00150BK500
264,45.127,8.954,1.5mm2 Flex
264,39.296,9.863,SH00150BN100
264,45.126,9.863,1.5mm2 Flex
264,39.235,10.772,SH00150BW100
264,45.126,10.772,1.5mm2 Flex
264,39.332,11.681,SH00150EA100
264,45.126,11.681,1.5mm2 Flex
264,39.331,12.59,SH00150EA500
264,45.125,12.59,1.5mm2 Flex
264,39.271,13.499,SH00150GN100
264,45.125,13.499,1.5mm2 Flex
264,39.312,14.408,SH00150GY100
264,45.125,14.408,1.5mm2 Flex
264,39.312,15.317,SH00150GY500
264,45.125,15.317,1.5mm2 Flex
264,39.354,16.225,SH00150LB100
264,45.125,16.225,1.5mm2 Flex
264,39.299,17.134,SH00150OE100
264,45.125,17.134,1.5mm2 Flex
264,39.292,18.043,SH00150OR100
264,45.125,18.043,1.5mm2 Flex
264,39.335,18.952,SH00150PK100
264,45.124,18.952,1.5mm2 Flex
264,39.299,19.861,SH00150RD100
264,45.124,19.861,1.5mm2 Flex
264,39.298,20.77,SH00150RD500
264,45.123,20.77,1.5mm2 Flex
264,39.329,21.679,SH00150VT100
264,45.123,21.679,1.5mm2 Flex
264,39.244,22.588,SH00150WE100
264,45.123,22.588,1.5mm2 Flex
264,39.243,23.497,SH00150WE500
264,45.122,23.497,1.5mm2 Flex
264,39.24,24.406,SH00150YW100
264,45.122,24.406,1.5mm2 Flex
264,53.936,25.226,2.5MM2 FLEX
264,39.333,26.046,SH00250BE100
264,45.122,26.046,2.5mm2 Flex
264,39.333,26.955,SH00250BE500
264,45.122,26.955,2.5mm2 Flex
264,39.32,27.864,SH00250BK100
264,45.122,27.864,2.5mm2 Flex
264,39.32,28.773,SH00250BK500
264,45.122,28.773,2.5mm2 Flex
264,39.291,29.682,SH00250BN100
264,45.121,29.682,2.5mm2 Flex
264,39.23,30.591,SH00250BW100
264,45.121,30.591,2.5mm2 Flex
264,39.326,31.5,SH00250EA100
264,45.121,31.5,2.5mm2 Flex
264,39.326,32.409,SH00250EA500
264,45.12,32.409,2.5mm2 Flex
264,39.307,33.317,SH00250GY100
264,45.12,33.317,2.5mm2 Flex
264,39.348,34.226,SH00250LB100
264,45.12,34.226,2.5mm2 Flex
264,39.294,35.135,SH00250OE100
264,45.12,35.135,2.5mm2 Flex
264,39.33,36.044,SH00250PK100
264,45.119,36.044,2.5mm2 Flex
264,39.294,36.953,SH00250RD100
264,45.119,36.953,2.5mm2 Flex
264,39.293,37.862,SH00250RD500
264,45.118,37.862,2.5mm2 Flex
264,39.324,38.771,SH00250VT100
264,45.118,38.771,2.5mm2 Flex
264,39.239,39.68,SH00250WE100
264,45.118,39.68,2.5mm2 Flex
265,-20.469,9.527,0.5MM2 FLEX
265,-35.071,10.348,SH00050BE100
265,-29.282,10.348,0.5mm2 Flex
265,-35.084,11.257,SH00050BK100
265,-29.283,11.257,0.5mm2 Flex
265,-35.113,12.165,SH00050BN100
265,-29.283,12.165,0.5mm2 Flex
265,-35.078,13.074,SH00050EA100
265,-29.283,13.074,0.5mm2 Flex
265,-35.097,13.983,SH00050GY100
265,-29.283,13.983,0.5mm2 Flex
265,-35.11,14.892,SH00050OE100
265,-29.284,14.892,0.5mm2 Flex
265,-35.073,15.800999999999998,SH00050PK100
265,-29.284,15.800999999999998,0.5mm2 Flex
265,-35.11,16.71,SH00050RD100
265,-29.285,16.71,0.5mm2 Flex
265,-35.079,17.619,SH00050VT100
265,-29.285,17.619,0.5mm2 Flex
265,-35.164,18.528,SH00050WE100
265,-29.285,18.528,0.5mm2 Flex
265,-20.62,19.487,0.75MM2 FLEX
265,-35.074,20.447,SH00075BE100
265,-29.423,20.447,0.75mm2 Flex
265,-35.088,21.356,SH00075BK100
265,-29.423,21.356,0.75mm2 Flex
265,-35.088,22.265,SH00075BK500
265,-29.423,22.265,0.75mm2 Flex
265,-35.116,23.174,SH00075BN100
265,-29.423,23.174,0.75mm2 Flex
265,-35.176,24.083,SH00075BW100
265,-29.423,24.083,0.75mm2 Flex
265,-35.08,24.991,SH00075EA100
265,-29.423,24.991,0.75mm2 Flex
265,-35.099,25.9,SH00075GY100
265,-29.423,25.9,0.75mm2 Flex
265,-35.057,26.809,SH00075LB100
265,-29.423,26.809,0.75mm2 Flex
265,-35.112,27.718,SH00075OE100
265,-29.423,27.718,0.75mm2 Flex
265,-35.118,28.627,SH00075OR100
265,-29.423,28.627,0.75mm2 Flex
265,-35.075,29.536,SH00075PK100
265,-29.423,29.536,0.75mm2 Flex
265,-35.111,30.445,SH00075RD100
265,-29.423,30.445,0.75mm2 Flex
265,-35.111,31.354,SH00075RD500
265,-29.423,31.354,0.75mm2 Flex
265,-35.08,32.263,SH00075VT100
265,-29.423,32.263,0.75mm2 Flex
265,-35.165,33.172,SH00075WE100
265,-29.423,33.172,0.75mm2 Flex
265,-20.472,33.992,1.0MM2 FLEX
265,-35.074,34.812,SH00100BE100
265,-29.285,34.812,1.0mm2 Flex
265,-35.074,35.721,SH00100BE500
265,-29.285,35.721,1.0mm2 Flex
265,-35.088,36.63,SH00100BK100
265,-29.286,36.63,1.0mm2 Flex
265,-35.088,37.539,SH00100BK500
265,-29.286,37.539,1.0mm2 Flex
265,-35.117,38.448,SH00100BN100
265,-29.287,38.448,1.0mm2 Flex
265,-35.081,39.357,SH00100EA100
265,-29.287,39.357,1.0mm2 Flex
265,-35.082,40.266,SH00100EA500
265,-29.288,40.266,1.0mm2 Flex
265,-35.101,41.175,SH00100GY100
265,-29.288,41.175,1.0mm2 Flex
265,-35.101,42.083,SH00100GY500
265,-29.288,42.083,1.0mm2 Flex
265,-35.114,42.992,SH00100OE100
265,-29.288,42.992,1.0mm2 Flex
265,-35.078,43.901,SH00100PK100
265,-29.289,43.901,1.0mm2 Flex
265,-35.114,44.81,SH00100RD100
265,-29.289,44.81,1.0mm2 Flex
265,-35.115,45.719,SH00100RD500
265,-29.29,45.719,1.0mm2 Flex
265,-35.084,46.628,SH00100VT100
265,-29.29,46.628,1.0mm2 Flex
265,-35.169,47.537,SH00100WE100
265,-29.29,47.537,1.0mm2 Flex
265,2.044,4.587,SH00100WE500
265,7.923,4.587,1.0mm2 Flex
265,16.736,5.407,1.5MM2 FLEX
265,2.134,6.227,SH00150BE100
265,7.923,6.227,1.5mm2 Flex
265,2.134,7.136,SH00150BE500
265,7.923,7.136,1.5mm2 Flex
265,2.121,8.045,SH00150BK100
265,7.922000000000001,8.045,1.5mm2 Flex
265,2.12,8.954,SH00150BK500
265,7.922000000000001,8.954,1.5mm2 Flex
265,2.092,9.863,SH00150BN100
265,7.922000000000001,9.863,1.5mm2 Flex
265,2.031,10.772,SH00150BW100
265,7.922000000000001,10.772,1.5mm2 Flex
265,2.127,11.681,SH00150EA100
265,7.920999999999999,11.681,1.5mm2 Flex
265,2.126,12.59,SH00150EA500
265,7.920999999999999,12.59,1.5mm2 Flex
265,2.066,13.499,SH00150GN100
265,7.920999999999999,13.499,1.5mm2 Flex
265,2.107,14.408,SH00150GY100
265,7.920999999999999,14.408,1.5mm2 Flex
265,2.107,15.317,SH00150GY500
265,7.920999999999999,15.317,1.5mm2 Flex
265,2.149,16.225,SH00150LB100
265,7.920999999999999,16.225,1.5mm2 Flex
265,2.094,17.134,SH00150OE100
265,7.92,17.134,1.5mm2 Flex
265,2.087,18.043,SH00150OR100
265,7.92,18.043,1.5mm2 Flex
265,2.131,18.952,SH00150PK100
265,7.92,18.952,1.5mm2 Flex
265,2.094,19.861,SH00150RD100
265,7.919,19.861,1.5mm2 Flex
265,2.094,20.77,SH00150RD500
265,7.919,20.77,1.5mm2 Flex
265,2.124,21.679,SH00150VT100
265,7.919,21.679,1.5mm2 Flex
265,2.039,22.588,SH00150WE100
265,7.917999999999999,22.588,1.5mm2 Flex
265,2.039,23.497,SH00150WE500
265,7.917999999999999,23.497,1.5mm2 Flex
265,2.035,24.406,SH00150YW100
265,7.917999999999999,24.406,1.5mm2 Flex
265,16.731,25.226,2.5MM2 FLEX
265,2.129,26.046,SH00250BE100
265,7.917999999999999,26.046,2.5mm2 Flex
265,2.129,26.955,SH00250BE500
265,7.917999999999999,26.955,2.5mm2 Flex
265,2.116,27.864,SH00250BK100
265,7.917,27.864,2.5mm2 Flex
265,2.115,28.773,SH00250BK500
265,7.917,28.773,2.5mm2 Flex
265,2.087,29.682,SH00250BN100
265,7.916,29.682,2.5mm2 Flex
265,2.026,30.591,SH00250BW100
265,7.916,30.591,2.5mm2 Flex
265,2.122,31.5,SH00250EA100
265,7.916,31.5,2.5mm2 Flex
265,2.121,32.409,SH00250EA500
265,7.914999999999999,32.409,2.5mm2 Flex
265,2.102,33.317,SH00250GY100
265,7.914999999999999,33.317,2.5mm2 Flex
265,2.144,34.226,SH00250LB100
265,7.914999999999999,34.226,2.5mm2 Flex
265,2.089,35.135,SH00250OE100
265,7.914999999999999,35.135,2.5mm2 Flex
265,2.125,36.044,SH00250PK100
265,7.914,36.044,2.5mm2 Flex
265,2.089,36.953,SH00250RD100
265,7.914,36.953,2.5mm2 Flex
265,2.088,37.862,SH00250RD500
265,7.914,37.862,2.5mm2 Flex
265,2.119,38.771,SH00250VT100
265,7.914,38.771,2.5mm2 Flex
265,2.034,39.68,SH00250WE100
265,7.913,39.68,2.5mm2 Flex
266,2.044,4.587,SH00250WE500
266,7.923,4.587,2.5mm2 Flex
266,16.966,5.407,4.0M2 FLEX
266,2.134,6.227,SH00400BE100
266,8.113,6.227,4.0m2 Flex
266,2.121,7.136,SH00400BK100
266,8.112,7.136,4.0m2 Flex
266,2.092,8.045,SH00400BN100
266,8.112,8.045,4.0m2 Flex
266,2.127,8.954,SH00400EA100
266,8.111,8.954,4.0m2 Flex
266,2.108,9.863,SH00400GY100
266,8.111,9.863,4.0m2 Flex
266,2.095,10.772,SH00400OE100
266,8.111,10.772,4.0m2 Flex
266,2.132,11.681,SH00400PK100
266,8.11,11.681,4.0m2 Flex
266,2.095,12.59,SH00400RD100
266,8.11,12.59,4.0m2 Flex
266,2.126,13.499,SH00400VT100
266,8.11,13.499,4.0m2 Flex
266,2.041,14.408,SH00400WE100
266,8.109,14.408,4.0m2 Flex
266,16.962,15.228,6.0M2 FLEX
266,2.131,16.048,SH00600BE100
266,8.109,16.048,6.0m2 Flex
266,2.117,16.957,SH00600BK100
266,8.109,16.957,6.0m2 Flex
266,2.089,17.866,SH00600BN100
266,8.109,17.866,6.0m2 Flex
266,2.124,18.775,SH00600EA100
266,8.108,18.775,6.0m2 Flex
266,2.105,19.684,SH00600GY100
266,8.108,19.684,6.0m2 Flex
266,2.092,20.593,SH00600OE100
266,8.108,20.593,6.0m2 Flex
266,2.128,21.502,SH00600PK100
266,8.107,21.502,6.0m2 Flex
266,2.092,22.411,SH00600RD100
266,8.107,22.411,6.0m2 Flex
266,2.123,23.319,SH00600VT100
266,8.107,23.319,6.0m2 Flex
267,-35.161,4.587,SH00250WE500
267,-29.282,4.587,2.5mm2 Flex
267,-20.239,5.407,4.0M2 FLEX
267,-35.071,6.227,SH00400BE100
267,-29.092,6.227,4.0m2 Flex
267,-35.084,7.136,SH00400BK100
267,-29.092,7.136,4.0m2 Flex
267,-35.113,8.045,SH00400BN100
267,-29.093,8.045,4.0m2 Flex
267,-35.077,8.954,SH00400EA100
267,-29.093,8.954,4.0m2 Flex
267,-35.097,9.863,SH00400GY100
267,-29.093,9.863,4.0m2 Flex
267,-35.11,10.772,SH00400OE100
267,-29.094,10.772,4.0m2 Flex
267,-35.073,11.681,SH00400PK100
267,-29.094,11.681,4.0m2 Flex
267,-35.11,12.59,SH00400RD100
267,-29.095,12.59,4.0m2 Flex
267,-35.079,13.499,SH00400VT100
267,-29.095,13.499,4.0m2 Flex
267,-35.164,14.408,SH00400WE100
267,-29.095,14.408,4.0m2 Flex
267,-20.242,15.228,6.0M2 FLEX
267,-35.074,16.048,SH00600BE100
267,-29.095,16.048,6.0m2 Flex
267,-35.087,16.957,SH00600BK100
267,-29.096,16.957,6.0m2 Flex
267,-35.116,17.866,SH00600BN100
267,-29.096,17.866,6.0m2 Flex
267,-35.081,18.775,SH00600EA100
267,-29.097,18.775,6.0m2 Flex
267,-35.1,19.684,SH00600GY100
267,-29.097,19.684,6.0m2 Flex
267,-35.113,20.593,SH00600OE100
267,-29.097,20.593,6.0m2 Flex
267,-35.076,21.502,SH00600PK100
267,-29.098,21.502,6.0m2 Flex
267,-35.113,22.411,SH00600RD100
267,-29.098,22.411,6.0m2 Flex
267,-35.082,23.319,SH00600VT100
267,-29.098,23.319,6.0m2 Flex
268,1.167,8.86,CONDUCTOR 0.50 MM2
268,11.045,14.599,12G0.5
268,15.236,14.599,12G0.5
268,11.045,15.432,20G0.5
268,15.236,15.432,20G0.5
268,1.167,16.764,CONDUCTOR 0.75 MM2
268,11.046,19.17,3G0.75
268,15.236,19.17,3G0.75
268,11.045,20.003,4G0.75
268,15.236,20.003,4G0.75
268,11.045,20.836,5G0.75
268,15.236,20.836,5G0.75
268,11.045,21.67,7G0.75
268,15.235,21.67,7G0.75
268,10.935,22.503,12G0.75
268,15.125,22.503,12G0.75
268,10.934,23.336,20G0.75
268,15.125,23.336,20G0.75
268,1.167,24.667,CONDUCTOR 1.00 MM2
268,11.046,27.074,3G0.75
268,15.236,27.074,3G0.75
268,11.045,27.907,4G0.75
268,15.236,27.907,4G0.75
268,11.045,28.74,5G0.75
268,15.236,28.74,5G0.75
268,11.045,29.573,7G0.75
268,15.235,29.573,7G0.75
268,10.935,30.407,12G0.75
268,15.125,30.407,12G0.75
268,10.934,31.24,20G0.75
268,15.125,31.24,20G0.75
268,1.167,32.571,CONDUCTOR 1.50 MM2
268,11.046,38.31,12G1.5
268,15.236,38.31,12G1.5
268,11.046,39.144,20G1.5
268,15.236,39.144,20G1.5
268,18.727,1.2970000000000002,CONDUCTOR 2.50 MM2
268,28.606,7.036,12G2.5
268,32.796,7.036,12G2.5
268,28.606,7.869999999999999,20G2.5
268,32.796,7.869999999999999,20G2.5
268,18.727,9.201,CONDUCTOR 4.00 MM2
268,18.727,17.105,CONDUCTOR 6.00 MM2
268,18.727,24.175,CONDUCTOR 10.00 MM2
268,18.727,31.246,CONDUCTOR 16.00 MM2
268,18.727,37.483,CONDUCTOR 25.00 MM2
268,38.372,11.114,CONDUCTOR 0.50 MM2
268,38.372,19.018,CONDUCTOR 0.75 MM2
268,38.372,26.922,CONDUCTOR 1.00 MM2
268,38.372,34.826,CONDUCTOR 1.50 MM2
268,55.932,1.2839999999999998,CONDUCTOR 2.50 MM2
268,55.932,9.188,CONDUCTOR 4.00 MM2
268,55.932,17.092,CONDUCTOR 6.00 MM2
268,55.932,24.162,CONDUCTOR 10.00 MM2
268,55.932,31.232,CONDUCTOR 16.00 MM2
268,55.932,37.469,CONDUCTOR 25.00 MM2
269,-36.037,8.86,CONDUCTOR 0.50 MM2
269,-26.159,14.599,12G0.5
269,-21.969,14.599,12G0.5
269,-26.159,15.432,20G0.5
269,-21.969,15.432,20G0.5
269,-36.037,16.764,CONDUCTOR 0.75 MM2
269,-26.159,19.17,3G0.75
269,-21.968,19.17,3G0.75
269,-26.159,20.003,4G0.75
269,-21.969,20.003,4G0.75
269,-26.16,20.836,5G0.75
269,-21.969,20.836,5G0.75
269,-26.16,21.67,7G0.75
269,-21.969,21.67,7G0.75
269,-26.27,22.503,12G0.75
269,-22.079,22.503,12G0.75
269,-26.27,23.336,20G0.75
269,-22.08,23.336,20G0.75
269,-36.037,24.667,CONDUCTOR 1.00 MM2
269,-26.159,27.074,3G0.75
269,-21.968,27.074,3G0.75
269,-26.159,27.907,4G0.75
269,-21.969,27.907,4G0.75
269,-26.16,28.74,5G0.75
269,-21.969,28.74,5G0.75
269,-26.16,29.573,7G0.75
269,-21.969,29.573,7G0.75
269,-26.27,30.407,12G0.75
269,-22.079,30.407,12G0.75
269,-26.27,31.24,20G0.75
269,-22.08,31.24,20G0.75
269,-36.037,32.571,CONDUCTOR 1.50 MM2
269,-26.159,38.31,12G1.5
269,-21.968,38.31,12G1.5
269,-26.159,39.144,20G1.5
269,-21.968,39.144,20G1.5
269,-18.477,1.2970000000000002,CONDUCTOR 2.50 MM2
269,-8.599,7.036,12G2.5
269,-4.409,7.036,12G2.5
269,-8.599,7.869999999999999,20G2.5
269,-4.409,7.869999999999999,20G2.5
269,-18.477,9.201,CONDUCTOR 4.00 MM2
269,-18.477,17.105,CONDUCTOR 6.00 MM2
269,-18.477,24.175,CONDUCTOR 10.00 MM2
269,-18.477,31.246,CONDUCTOR 16.00 MM2
269,-18.477,37.483,CONDUCTOR 25.00 MM2
269,1.167,11.114,CONDUCTOR 0.50 MM2
269,1.167,19.018,CONDUCTOR 0.75 MM2
269,1.167,26.922,CONDUCTOR 1.00 MM2
269,1.167,34.826,CONDUCTOR 1.50 MM2
269,18.727,1.2839999999999998,CONDUCTOR 2.50 MM2
269,18.727,9.188,CONDUCTOR 4.00 MM2
269,18.727,17.092,CONDUCTOR 6.00 MM2
269,18.727,24.162,CONDUCTOR 10.00 MM2
269,18.727,31.232,CONDUCTOR 16.00 MM2
269,18.727,37.469,CONDUCTOR 25.00 MM2
270,1.876,15.208,DIN EN 50525-2-51
270,38.372,11.997,CONDUCTOR 0.50 MM2
270,52.318,14.403,3G0.5CY
270,52.319,15.237,4G0.5CY
270,52.319,16.07,5G0.5CY
270,52.319,16.903,7G0.5CY
270,48.252,17.736,12G0.5
270,52.21,17.736,12G0.5CY
270,48.252,18.57,20G0.5
270,52.21,18.57,20G0.5CY
270,38.372,19.901,CONDUCTOR 0.75 MM2
270,48.251,22.307,3G0.75
270,52.208,22.307,3G0.75CY
270,48.251,23.141,4G0.75
270,52.208,23.141,4G0.75CY
270,48.251,23.974,5G0.75
270,52.208,23.974,5G0.75CY
270,48.251,24.807,7G0.75
270,52.208,24.807,7G0.75CY
270,48.141,25.64,12G0.75
270,52.099,25.64,12G0.75CY
270,48.141,26.474,20G0.75
270,52.099,26.474,20G0.75CY
270,38.372,27.805,CONDUCTOR 1.00 MM2
270,52.318,30.211,3G1.0CY
270,52.319,31.044,4G1.0CY
270,52.319,31.878,5G1.0CY
270,52.319,32.711,7G1.0CY
270,48.252,33.544,12G1.0
270,52.209,33.544,12G1.0CY
270,48.252,34.377,20G1.0
270,52.21,34.377,20G1.0CY
270,38.372,35.709,CONDUCTOR 1.50 MM2
270,52.318,38.115,3G1.5CY
270,52.319,38.948,4G1.5CY
270,52.319,39.781,5G1.5CY
270,52.319,40.615,7G1.5CY
270,48.251,41.448,12G1.5
270,52.209,41.448,12G1.5CY
270,48.252,42.281,20G1.5
270,52.209,42.281,20G1.5CY
270,55.932,1.2839999999999998,CONDUCTOR 2.50 MM2
270,69.878,3.69,3G2.5CY
270,69.878,4.523,4G2.5CY
270,69.878,5.357,5G2.5CY
270,69.878,6.19,7G2.5CY
270,65.811,7.023,12G2.5
270,69.768,7.023,12G2.5CY
270,65.811,7.856,20G2.5
270,69.769,7.856,20G2.5CY
270,55.932,9.188,CONDUCTOR 4.00 MM2
270,69.923,15.760000000000002,12G4CY
270,55.932,17.092,CONDUCTOR 6.00 MM2
270,55.932,24.162,CONDUCTOR 10.00 MM2
270,69.923,26.568,3G10CY
270,69.923,27.401,4G10CY
270,69.923,28.235,5G10CY
270,69.923,29.068,7G10CY
270,69.923,29.901,9G10CY
270,55.932,31.232,CONDUCTOR 16.00 MM2
270,69.923,33.639,3G16CY
270,69.923,34.472,4G16CY
270,69.923,35.305,5G16CY
270,69.923,36.138,7G16CY
270,55.932,37.469,CONDUCTOR 25.00 MM2
270,69.923,39.876,3G25CY
270,69.923,40.709,4G25CY
270,69.923,41.542,5G25CY
270,69.923,42.375,7G25CY
271,-35.329,15.208,DIN EN 50525-2-51
271,1.167,11.997,CONDUCTOR 0.50 MM2
271,15.113,14.403,3G0.5CY
271,15.114,15.237,4G0.5CY
271,15.114,16.07,5G0.5CY
271,15.115,16.903,7G0.5CY
271,11.047,17.736,12G0.5
271,15.005,17.736,12G0.5CY
271,11.048,18.57,20G0.5
271,15.005,18.57,20G0.5CY
271,1.167,19.901,CONDUCTOR 0.75 MM2
271,11.046,22.307,3G0.75
271,15.004,22.307,3G0.75CY
271,11.046,23.141,4G0.75
271,15.004,23.141,4G0.75CY
271,11.046,23.974,5G0.75
271,15.004,23.974,5G0.75CY
271,11.046,24.807,7G0.75
271,15.004,24.807,7G0.75CY
271,10.936,25.64,12G0.75
271,14.894,25.64,12G0.75CY
271,10.936,26.474,20G0.75
271,14.894,26.474,20G0.75CY
271,1.167,27.805,CONDUCTOR 1.00 MM2
271,15.113,30.211,3G1.0CY
271,15.114,31.044,4G1.0CY
271,15.114,31.878,5G1.0CY
271,15.114,32.711,7G1.0CY
271,11.047,33.544,12G1.0
271,15.005,33.544,12G1.0CY
271,11.047,34.377,20G1.0
271,15.005,34.377,20G1.0CY
271,1.167,35.709,CONDUCTOR 1.50 MM2
271,15.113,38.115,3G1.5CY
271,15.114,38.948,4G1.5CY
271,15.114,39.781,5G1.5CY
271,15.114,40.615,7G1.5CY
271,11.047,41.448,12G1.5
271,15.004,41.448,12G1.5CY
271,11.047,42.281,20G1.5
271,15.005,42.281,20G1.5CY
271,18.727,1.2839999999999998,CONDUCTOR 2.50 MM2
271,32.674,3.69,3G2.5CY
271,32.674,4.523,4G2.5CY
271,32.674,5.357,5G2.5CY
271,32.674,6.19,7G2.5CY
271,28.606,7.023,12G2.5
271,32.564,7.023,12G2.5CY
271,28.607,7.856,20G2.5
271,32.564,7.856,20G2.5CY
271,18.727,9.188,CONDUCTOR 4.00 MM2
271,32.719,15.760000000000002,12G4CY
271,18.727,17.092,CONDUCTOR 6.00 MM2
271,18.727,24.162,CONDUCTOR 10.00 MM2
271,32.719,26.568,3G10CY
271,32.719,27.401,4G10CY
271,32.719,28.235,5G10CY
271,32.719,29.068,7G10CY
271,32.719,29.901,9G10CY
271,18.727,31.232,CONDUCTOR 16.00 MM2
271,32.719,33.639,3G16CY
271,32.719,34.472,4G16CY
271,32.719,35.305,5G16CY
271,32.719,36.138,7G16CY
271,18.727,37.469,CONDUCTOR 25.00 MM2
271,32.719,39.876,3G25CY
271,32.719,40.709,4G25CY
271,32.719,41.542,5G25CY
271,32.719,42.375,7G25CY
272,1.167,12.672,CONDUCTOR 0.50 MM2
272,1.167,20.576,CONDUCTOR 0.75 MM2
272,1.167,28.48,CONDUCTOR 1.00 MM2
272,1.167,36.384,CONDUCTOR 1.50 MM2
272,18.727,1.2839999999999998,CONDUCTOR 2.50 MM2
272,18.727,9.188,CONDUCTOR 4.00 MM2
272,18.727,17.092,CONDUCTOR 6.00 MM2
272,18.727,24.162,CONDUCTOR 10.00 MM2
272,18.727,31.232,CONDUCTOR 16.00 MM2
272,18.727,37.469,CONDUCTOR 25.00 MM2
272,39.081,15.208,DIN EN 50525-2-51
273,-36.037,12.672,CONDUCTOR 0.50 MM2
273,-36.037,20.576,CONDUCTOR 0.75 MM2
273,-36.037,28.48,CONDUCTOR 1.00 MM2
273,-36.037,36.384,CONDUCTOR 1.50 MM2
273,-18.477,1.2839999999999998,CONDUCTOR 2.50 MM2
273,-18.477,9.188,CONDUCTOR 4.00 MM2
273,-18.477,17.092,CONDUCTOR 6.00 MM2
273,-18.477,24.162,CONDUCTOR 10.00 MM2
273,-18.477,31.232,CONDUCTOR 16.00 MM2
273,-18.477,37.469,CONDUCTOR 25.00 MM2
273,1.876,15.208,DIN EN 50525-2-51
274,1.167,13.252,CONDUCTOR 0.50 MM2
274,15.142,15.658,3G0.5SY
274,15.142,16.491,4G0.5SY
274,15.142,17.324,5G0.5SY
274,15.142,18.158,7G0.5SY
274,11.046,18.991,12G0.5
274,15.032,18.991,12G0.5SY
274,11.046,19.824,20G0.5
274,15.032,19.824,20G0.5SY
274,1.167,21.155,CONDUCTOR 0.75 MM2
274,11.046,23.562,3G0.75
274,15.032,23.562,3G0.75SY
274,11.046,24.395,4G0.75
274,15.032,24.395,4G0.75SY
274,11.046,25.228,5G0.75
274,15.032,25.228,5G0.75SY
274,11.046,26.061,7G0.75
274,15.032,26.061,7G0.75SY
274,10.936,26.895,12G0.75
274,14.922,26.895,12G0.75SY
274,10.936,27.728,20G0.75
274,14.922,27.728,20G0.75SY
274,1.167,29.059,CONDUCTOR 1.00 MM2
274,15.142,31.465000000000003,3G1.0SY
274,15.142,32.299,4G1.0SY
274,15.142,33.132,5G1.0SY
274,15.142,33.965,7G1.0SY
274,11.046,34.798,12G1.0
274,15.032,34.798,12G1.0SY
274,11.046,35.632,20G1.0
274,15.032,35.632,20G1.0SY
274,1.167,36.963,CONDUCTOR 1.50 MM2
274,15.142,39.369,3G1.5SY
274,15.142,40.202,4G1.5SY
274,15.142,41.036,5G1.5SY
274,15.141,41.869,7G1.5SY
274,11.045,42.702,12G1.5
274,15.032,42.702,12G1.5SY
274,11.045,43.535,20G1.5
274,15.032,43.535,20G1.5SY
274,18.727,1.2839999999999998,CONDUCTOR 2.50 MM2
274,32.702,3.69,3G2.5SY
274,32.702,4.523,4G2.5SY
274,32.701,5.357,5G2.5SY
274,32.701,6.19,7G2.5SY
274,28.605,7.023,12G2.5
274,32.591,7.023,12G2.5SY
274,28.605,7.856,20G2.5
274,32.591,7.856,20G2.5SY
274,18.727,9.188,CONDUCTOR 4.00 MM2
274,32.746,15.760000000000002,12G4SY
274,18.727,17.092,CONDUCTOR 6.00 MM2
274,18.727,24.162,CONDUCTOR 10.00 MM2
274,32.747,26.568,3G10SY
274,32.747,27.401,4G10SY
274,32.747,28.235,5G10SY
274,32.747,29.068,7G10SY
274,32.747,29.901,9G10SY
274,18.727,31.232,CONDUCTOR 16.00 MM2
274,32.747,33.639,3G16SY
274,32.747,34.472,4G16SY
274,32.747,35.305,5G16SY
274,32.747,36.138,7G16SY
274,18.727,37.469,CONDUCTOR 25.00 MM2
274,32.747,39.876,3G25SY
274,32.747,40.709,4G25SY
274,32.747,41.542,5G25SY
274,32.747,42.375,7G25SY
274,38.372,13.265,CONDUCTOR 0.50 MM2
274,38.372,21.169,CONDUCTOR 0.75 MM2
274,38.372,29.073,CONDUCTOR 1.00 MM2
274,38.372,36.976,CONDUCTOR 1.50 MM2
274,55.932,1.2970000000000002,CONDUCTOR 2.50 MM2
274,55.932,9.201,CONDUCTOR 4.00 MM2
274,55.932,17.105,CONDUCTOR 6.00 MM2
274,55.932,24.175,CONDUCTOR 10.00 MM2
274,55.932,31.246,CONDUCTOR 16.00 MM2
274,55.932,37.483,CONDUCTOR 25.00 MM2
275,-36.037,13.252,CONDUCTOR 0.50 MM2
275,-22.063,15.658,3G0.5SY
275,-22.063,16.491,4G0.5SY
275,-22.063,17.324,5G0.5SY
275,-22.063,18.158,7G0.5SY
275,-26.158,18.991,12G0.5
275,-22.172,18.991,12G0.5SY
275,-26.158,19.824,20G0.5
275,-22.172,19.824,20G0.5SY
275,-36.037,21.155,CONDUCTOR 0.75 MM2
275,-26.159,23.562,3G0.75
275,-22.173,23.562,3G0.75SY
275,-26.159,24.395,4G0.75
275,-22.173,24.395,4G0.75SY
275,-26.159,25.228,5G0.75
275,-22.173,25.228,5G0.75SY
275,-26.159,26.061,7G0.75
275,-22.173,26.061,7G0.75SY
275,-26.269,26.895,12G0.75
275,-22.282,26.895,12G0.75SY
275,-26.269,27.728,20G0.75
275,-22.282,27.728,20G0.75SY
275,-36.037,29.059,CONDUCTOR 1.00 MM2
275,-22.063,31.465000000000003,3G1.0SY
275,-22.063,32.299,4G1.0SY
275,-22.063,33.132,5G1.0SY
275,-22.063,33.965,7G1.0SY
275,-26.159,34.798,12G1.0
275,-22.173,34.798,12G1.0SY
275,-26.159,35.632,20G1.0
275,-22.173,35.632,20G1.0SY
275,-36.037,36.963,CONDUCTOR 1.50 MM2
275,-22.063,39.369,3G1.5SY
275,-22.063,40.202,4G1.5SY
275,-22.063,41.036,5G1.5SY
275,-22.063,41.869,7G1.5SY
275,-26.159,42.702,12G1.5
275,-22.173,42.702,12G1.5SY
275,-26.159,43.535,20G1.5
275,-22.173,43.535,20G1.5SY
275,-18.477,1.2839999999999998,CONDUCTOR 2.50 MM2
275,-4.503,3.69,3G2.5SY
275,-4.503,4.523,4G2.5SY
275,-4.503,5.357,5G2.5SY
275,-4.504,6.19,7G2.5SY
275,-8.6,7.023,12G2.5
275,-4.613,7.023,12G2.5SY
275,-8.6,7.856,20G2.5
275,-4.613,7.856,20G2.5SY
275,-18.477,9.188,CONDUCTOR 4.00 MM2
275,-4.459,15.760000000000002,12G4SY
275,-18.477,17.092,CONDUCTOR 6.00 MM2
275,-18.477,24.162,CONDUCTOR 10.00 MM2
275,-4.458,26.568,3G10SY
275,-4.458,27.401,4G10SY
275,-4.458,28.235,5G10SY
275,-4.458,29.068,7G10SY
275,-4.458,29.901,9G10SY
275,-18.477,31.232,CONDUCTOR 16.00 MM2
275,-4.458,33.639,3G16SY
275,-4.458,34.472,4G16SY
275,-4.458,35.305,5G16SY
275,-4.458,36.138,7G16SY
275,-18.477,37.469,CONDUCTOR 25.00 MM2
275,-4.458,39.876,3G25SY
275,-4.458,40.709,4G25SY
275,-4.458,41.542,5G25SY
275,-4.458,42.375,7G25SY
275,1.167,13.265,CONDUCTOR 0.50 MM2
275,1.167,21.169,CONDUCTOR 0.75 MM2
275,1.167,29.073,CONDUCTOR 1.00 MM2
275,1.167,36.976,CONDUCTOR 1.50 MM2
275,18.727,1.2970000000000002,CONDUCTOR 2.50 MM2
275,18.727,9.201,CONDUCTOR 4.00 MM2
275,18.727,17.105,CONDUCTOR 6.00 MM2
275,18.727,24.175,CONDUCTOR 10.00 MM2
275,18.727,31.246,CONDUCTOR 16.00 MM2
275,18.727,37.483,CONDUCTOR 25.00 MM2
276,11.584,28.063,IEC 60811-404
276,38.372,11.127,CONDUCTOR 0.50 MM2
276,52.461,13.534,3G0.5L
276,52.461,14.367,4G0.5L
276,52.462,15.2,5G0.5L
276,52.462,16.033,7G0.5L
276,48.252,16.867,12G0.5
276,52.352,16.867,12G0.5L
276,48.252,17.7,20G0.5
276,52.353,17.7,20G0.5L
276,38.372,19.031,CONDUCTOR 0.75 MM2
276,48.251,21.437,3G0.75
276,52.351,21.437,3G0.75L
276,48.251,22.271,4G0.75
276,52.351,22.271,4G0.75L
276,48.251,23.104,5G0.75
276,52.351,23.104,5G0.75L
276,48.251,23.937,7G0.75
276,52.351,23.937,7G0.75L
276,48.141,24.77,12G0.75
276,52.242,24.77,12G0.75L
276,48.141,25.604,20G0.75
276,52.242,25.604,20G0.75L
276,38.372,26.935,CONDUCTOR 1.00 MM2
276,48.309,29.341,3 G1.0
276,52.461,29.341,3G1.0L
276,48.309,30.174,4 G1.0
276,52.461,30.174,4G1.0L
276,48.309,31.008,5 G1.0
276,52.462,31.008,5G1.0L
276,48.31,31.841,7 G1.0
276,52.462,31.841,7G1.0L
276,48.252,32.674,12G1.0
276,52.353,32.674,12G1.0L
276,48.252,33.507,20G1.0
276,52.353,33.507,20G1.0L
276,38.372,34.839,CONDUCTOR 1.50 MM2
276,48.309,37.245,3 G1.5
276,52.461,37.245,3G1.5L
276,48.309,38.078,4 G1.5
276,52.461,38.078,4G1.5L
276,48.309,38.911,5 G1.5
276,52.462,38.911,5G1.5L
276,48.31,39.745,7 G1.5
276,52.462,39.745,7G1.5L
276,48.2,40.578,12 G1.5
276,52.353,40.578,12G1.5L
276,48.201,41.411,20 G1.5
276,52.353,41.411,20G1.5L
276,55.932,1.2970000000000002,CONDUCTOR 2.50 MM2
276,65.869,3.703,3 G2.5
276,70.021,3.703,3G2.5L
276,65.869,4.537,4 G2.5
276,70.021,4.537,4G2.5L
276,65.869,5.37,5 G2.5
276,70.021,5.37,5G2.5L
276,65.869,6.203,7 G2.5
276,70.021,6.203,7G2.5L
276,65.869,7.036,9 G2.5
276,70.021,7.036,9G2.5L
276,65.76,7.869999999999999,12 G2.5
276,69.912,7.869999999999999,12G2.5L
276,55.932,9.201,CONDUCTOR 4.00 MM2
276,55.932,17.105,CONDUCTOR 6.00 MM2
276,55.932,22.509,CONDUCTOR 10.00 MM2
277,-25.62,28.064,IEC 60811-404
277,1.167,11.127,CONDUCTOR 0.50 MM2
277,15.256,13.534,3G0.5L
277,15.257,14.367,4G0.5L
277,15.257,15.2,5G0.5L
277,15.257,16.033,7G0.5L
277,11.047,16.867,12G0.5
277,15.148,16.867,12G0.5L
277,11.047,17.7,20G0.5
277,15.148,17.7,20G0.5L
277,1.167,19.031,CONDUCTOR 0.75 MM2
277,11.046,21.437,3G0.75
277,15.146,21.437,3G0.75L
277,11.046,22.271,4G0.75
277,15.146,22.271,4G0.75L
277,11.046,23.104,5G0.75
277,15.146,23.104,5G0.75L
277,11.046,23.937,7G0.75
277,15.146,23.937,7G0.75L
277,10.936,24.77,12G0.75
277,15.037,24.77,12G0.75L
277,10.936,25.604,20G0.75
277,15.037,25.604,20G0.75L
277,1.167,26.935,CONDUCTOR 1.00 MM2
277,11.104,29.341,3 G1.0
277,15.256,29.341,3G1.0L
277,11.104,30.174,4 G1.0
277,15.257,30.174,4G1.0L
277,11.105,31.008,5 G1.0
277,15.257,31.008,5G1.0L
277,11.105,31.841,7 G1.0
277,15.257,31.841,7G1.0L
277,11.047,32.674,12G1.0
277,15.148,32.674,12G1.0L
277,11.048,33.507,20G1.0
277,15.148,33.507,20G1.0L
277,1.167,34.839,CONDUCTOR 1.50 MM2
277,11.104,37.245,3 G1.5
277,15.256,37.245,3G1.5L
277,11.104,38.078,4 G1.5
277,15.257,38.078,4G1.5L
277,11.105,38.911,5 G1.5
277,15.257,38.911,5G1.5L
277,11.105,39.745,7 G1.5
277,15.257,39.745,7G1.5L
277,10.996,40.578,12 G1.5
277,15.148,40.578,12G1.5L
277,10.996,41.411,20 G1.5
277,15.148,41.411,20G1.5L
277,18.727,1.2970000000000002,CONDUCTOR 2.50 MM2
277,28.664,3.703,3 G2.5
277,32.817,3.703,3G2.5L
277,28.665,4.537,4 G2.5
277,32.817,4.537,4G2.5L
277,28.665,5.37,5 G2.5
277,32.817,5.37,5G2.5L
277,28.665,6.203,7 G2.5
277,32.817,6.203,7G2.5L
277,28.665,7.036,9 G2.5
277,32.817,7.036,9G2.5L
277,28.555,7.869999999999999,12 G2.5
277,32.708,7.869999999999999,12G2.5L
277,18.727,9.201,CONDUCTOR 4.00 MM2
277,18.727,17.105,CONDUCTOR 6.00 MM2
277,18.727,22.509,CONDUCTOR 10.00 MM2
278,1.167,11.127,CONDUCTOR 0.50 MM2
278,1.167,19.031,CONDUCTOR 0.75 MM2
278,1.167,26.935,CONDUCTOR 1.00 MM2
278,1.167,34.839,CONDUCTOR 1.50 MM2
278,18.727,1.2970000000000002,CONDUCTOR 2.50 MM2
278,18.727,9.201,CONDUCTOR 4.00 MM2
278,18.727,17.105,CONDUCTOR 6.00 MM2
278,18.727,22.509,CONDUCTOR 10.00 MM2
278,48.789,31.318,IEC 60811-404
279,-36.037,11.127,CONDUCTOR 0.50 MM2
279,-36.037,19.031,CONDUCTOR 0.75 MM2
279,-36.037,26.935,CONDUCTOR 1.00 MM2
279,-36.037,34.839,CONDUCTOR 1.50 MM2
279,-18.477,1.2970000000000002,CONDUCTOR 2.50 MM2
279,-18.477,9.201,CONDUCTOR 4.00 MM2
279,-18.477,17.105,CONDUCTOR 6.00 MM2
279,-18.477,22.509,CONDUCTOR 10.00 MM2
279,11.584,31.317,IEC 60811-404
280,1.167,12.011,CONDUCTOR 0.50 MM2
280,15.076,14.771,3G0.5CH
280,15.076,15.604,4G0.5CH
280,15.076,16.438,5G0.5CH
280,15.076,17.271,7G0.5CH
280,11.046,18.104,12G0.5
280,14.967,18.104,12G0.5CH
280,11.046,18.937,20G0.5
280,14.967,18.937,20G0.5CH
280,1.167,20.269,CONDUCTOR 0.75 MM2
280,11.046,23.029,3G0.75
280,14.966,23.029,3G0.75CH
280,11.046,23.862,4G0.75
280,14.966,23.862,4G0.75CH
280,11.046,24.696,5G0.75
280,14.966,24.696,5G0.75CH
280,11.046,25.529,7G0.75
280,14.966,25.529,7G0.75CH
280,10.936,26.362,12G0.75
280,14.857,26.362,12G0.75CH
280,10.936,27.195,20G0.75
280,14.857,27.195,20G0.75CH
280,1.167,28.527,CONDUCTOR 1.00 MM2
280,15.076,31.287,3G1.0CH
280,15.076,32.121,4G1.0CH
280,15.076,32.954,5G1.0CH
280,15.076,33.787,7G1.0CH
280,11.046,34.62,12G1.0
280,14.966,34.62,12G1.0CH
280,11.046,35.454,20G1.0
280,14.966,35.454,20G1.0CH
280,1.167,36.785,CONDUCTOR 1.50 MM2
280,15.076,39.545,3G1.5CH
280,15.076,40.379,4G1.5CH
280,15.076,41.212,5G1.5CH
280,15.076,42.045,7G1.5CH
280,11.045,42.878,12G1.5
280,14.966,42.878,12G1.5CH
280,11.045,43.712,20G1.5
280,14.966,43.712,20G1.5CH
280,18.727,1.2970000000000002,CONDUCTOR 2.50 MM2
280,28.664,4.058,3 G2.5
280,32.636,4.058,3G2.5CH
280,28.664,4.891,4 G2.5
280,32.636,4.891,4G2.5CH
280,28.663,5.724,5 G2.5
280,32.636,5.724,5G2.5CH
280,28.663,6.557,7 G2.5
280,32.635,6.557,7G2.5CH
280,18.727,7.888999999999999,CONDUCTOR 4.00 MM2
280,18.727,14.48,CONDUCTOR 6.00 MM2
280,18.727,18.571,CONDUCTOR 10.00 MM2
280,32.681,21.332,3G10CH
280,38.372,13.265,CONDUCTOR 0.50 MM2
280,38.372,21.523,CONDUCTOR 0.75 MM2
280,38.372,29.781,CONDUCTOR 1.00 MM2
280,38.372,38.039,CONDUCTOR 1.50 MM2
280,55.932,1.2970000000000002,CONDUCTOR 2.50 MM2
280,55.932,7.888999999999999,CONDUCTOR 4.00 MM2
280,55.932,14.48,CONDUCTOR 6.00 MM2
280,55.932,18.571,CONDUCTOR 10.00 MM2
281,-36.037,12.01,CONDUCTOR 0.50 MM2
281,-22.128,14.771,3G0.5CH
281,-22.128,15.604,4G0.5CH
281,-22.128,16.438,5G0.5CH
281,-22.128,17.271,7G0.5CH
281,-26.158,18.104,12G0.5
281,-22.238,18.104,12G0.5CH
281,-26.158,18.937,20G0.5
281,-22.238,18.937,20G0.5CH
281,-36.037,20.269,CONDUCTOR 0.75 MM2
281,-26.159,23.029,3G0.75
281,-22.238,23.029,3G0.75CH
281,-26.159,23.862,4G0.75
281,-22.238,23.862,4G0.75CH
281,-26.159,24.696,5G0.75
281,-22.238,24.696,5G0.75CH
281,-26.159,25.529,7G0.75
281,-22.238,25.529,7G0.75CH
281,-26.269,26.362,12G0.75
281,-22.348,26.362,12G0.75CH
281,-26.269,27.195,20G0.75
281,-22.348,27.195,20G0.75CH
281,-36.037,28.527,CONDUCTOR 1.00 MM2
281,-22.128,31.287,3G1.0CH
281,-22.128,32.121,4G1.0CH
281,-22.128,32.954,5G1.0CH
281,-22.129,33.787,7G1.0CH
281,-26.159,34.62,12G1.0
281,-22.238,34.62,12G1.0CH
281,-26.159,35.454,20G1.0
281,-22.238,35.454,20G1.0CH
281,-36.037,36.785,CONDUCTOR 1.50 MM2
281,-22.128,39.545,3G1.5CH
281,-22.128,40.379,4G1.5CH
281,-22.129,41.212,5G1.5CH
281,-22.129,42.045,7G1.5CH
281,-26.159,42.878,12G1.5
281,-22.239,42.878,12G1.5CH
281,-26.159,43.712,20G1.5
281,-22.239,43.712,20G1.5CH
281,-18.477,1.2970000000000002,CONDUCTOR 2.50 MM2
281,-8.541,4.058,3 G2.5
281,-4.568,4.058,3G2.5CH
281,-8.541,4.891,4 G2.5
281,-4.569,4.891,4G2.5CH
281,-8.541,5.724,5 G2.5
281,-4.569,5.724,5G2.5CH
281,-8.542,6.557,7 G2.5
281,-4.569,6.557,7G2.5CH
281,-18.477,7.888999999999999,CONDUCTOR 4.00 MM2
281,-18.477,14.48,CONDUCTOR 6.00 MM2
281,-18.477,18.571,CONDUCTOR 10.00 MM2
281,-4.523,21.332,3G10CH
281,1.167,13.265,CONDUCTOR 0.50 MM2
281,1.167,21.523,CONDUCTOR 0.75 MM2
281,1.167,29.781,CONDUCTOR 1.00 MM2
281,1.167,38.039,CONDUCTOR 1.50 MM2
281,18.727,1.2970000000000002,CONDUCTOR 2.50 MM2
281,18.727,7.888999999999999,CONDUCTOR 4.00 MM2
281,18.727,14.48,CONDUCTOR 6.00 MM2
281,18.727,18.571,CONDUCTOR 10.00 MM2
282,11.584,31.684,IEC 60811-404
282,38.372,12.553,CONDUCTOR 0.50 MM2
282,52.307,15.313,3G0.5SH
282,52.307,16.146,4G0.5SH
282,52.307,16.98,5G0.5SH
282,52.307,17.813,7G0.5SH
282,48.251,18.646,12G0.5
282,52.197,18.646,12G0.5SH
282,48.251,19.479,20G0.5
282,52.197,19.479,20G0.5SH
282,38.372,20.811,CONDUCTOR 0.75 MM2
282,48.251,23.571,3G0.75
282,52.197,23.571,3G0.75SH
282,48.25,24.405,4G0.75
282,52.197,24.405,4G0.75SH
282,48.25,25.238,5G0.75
282,52.197,25.238,5G0.75SH
282,48.249,26.071,7G0.75
282,52.196,26.071,7G0.75SH
282,48.14,26.904,12G0.75
282,52.086,26.904,12G0.75SH
282,48.139,27.738,20G0.75
282,52.086,27.738,20G0.75SH
282,38.372,29.069,CONDUCTOR 1.00 MM2
282,52.307,31.829,3G1.0SH
282,52.307,32.663,4G1.0SH
282,52.307,33.496,5G1.0SH
282,52.307,34.329,7G1.0SH
282,48.25,35.162,12G1.0
282,52.197,35.162,12G1.0SH
282,48.25,35.996,20G1.0
282,52.197,35.996,20G1.0SH
282,38.372,37.327,CONDUCTOR 1.50 MM2
282,52.307,40.088,3G1.5SH
282,52.307,40.921,4G1.5SH
282,52.307,41.754,5G1.5SH
282,52.307,42.587,7G1.5SH
282,48.25,43.421,12G1.5
282,52.197,43.421,12G1.5SH
282,48.25,44.254,20G1.5
282,52.197,44.254,20G1.5SH
282,55.932,1.3730000000000002,CONDUCTOR 2.50 MM2
282,65.868,4.133,3 G2.5
282,69.867,4.133,3G2.5SH
282,65.868,4.966,4 G2.5
282,69.867,4.966,4G2.5SH
282,65.868,5.8,5 G2.5
282,69.867,5.8,5G2.5SH
282,65.868,6.633,7 G2.5
282,69.867,6.633,7G2.5SH
282,55.932,9.631,CONDUCTOR 4.00 MM2
282,55.932,16.222,CONDUCTOR 6.00 MM2
282,55.932,20.313,CONDUCTOR 10.00 MM2
282,69.912,23.074,3G10SH
283,-25.62,31.684,IEC 60811-404
283,1.167,12.553,CONDUCTOR 0.50 MM2
283,15.103,15.313,3G0.5SH
283,15.103,16.146,4G0.5SH
283,15.103,16.98,5G0.5SH
283,15.103,17.813,7G0.5SH
283,11.046,18.646,12G0.5
283,14.993,18.646,12G0.5SH
283,11.046,19.479,20G0.5
283,14.993,19.479,20G0.5SH
283,1.167,20.811,CONDUCTOR 0.75 MM2
283,11.046,23.571,3G0.75
283,14.993,23.571,3G0.75SH
283,11.045,24.405,4G0.75
283,14.992,24.405,4G0.75SH
283,11.045,25.238,5G0.75
283,14.992,25.238,5G0.75SH
283,11.045,26.071,7G0.75
283,14.992,26.071,7G0.75SH
283,10.935,26.904,12G0.75
283,14.882,26.904,12G0.75SH
283,10.934,27.738,20G0.75
283,14.881,27.738,20G0.75SH
283,1.167,29.069,CONDUCTOR 1.00 MM2
283,15.103,31.829,3G1.0SH
283,15.103,32.663,4G1.0SH
283,15.103,33.496,5G1.0SH
283,15.102,34.329,7G1.0SH
283,11.045,35.162,12G1.0
283,14.992,35.162,12G1.0SH
283,11.045,35.996,20G1.0
283,14.992,35.996,20G1.0SH
283,1.167,37.327,CONDUCTOR 1.50 MM2
283,15.103,40.088,3G1.5SH
283,15.103,40.921,4G1.5SH
283,15.102,41.754,5G1.5SH
283,15.102,42.587,7G1.5SH
283,11.045,43.421,12G1.5
283,14.992,43.421,12G1.5SH
283,11.045,44.254,20G1.5
283,14.992,44.254,20G1.5SH
283,18.727,1.3730000000000002,CONDUCTOR 2.50 MM2
283,28.664,4.133,3 G2.5
283,32.663,4.133,3G2.5SH
283,28.664,4.966,4 G2.5
283,32.663,4.966,4G2.5SH
283,28.664,5.8,5 G2.5
283,32.663,5.8,5G2.5SH
283,28.664,6.633,7 G2.5
283,32.663,6.633,7G2.5SH
283,18.727,9.631,CONDUCTOR 4.00 MM2
283,18.727,16.222,CONDUCTOR 6.00 MM2
283,18.727,20.313,CONDUCTOR 10.00 MM2
283,32.708,23.074,3G10SH
284,1.167,13.265,CONDUCTOR 0.50 MM2
284,1.167,21.523,CONDUCTOR 0.75 MM2
284,1.167,29.781,CONDUCTOR 1.00 MM2
284,1.167,38.039,CONDUCTOR 1.50 MM2
284,18.727,1.2970000000000002,CONDUCTOR 2.50 MM2
284,18.727,7.888999999999999,CONDUCTOR 4.00 MM2
284,18.727,14.48,CONDUCTOR 6.00 MM2
284,18.727,18.571,CONDUCTOR 10.00 MM2
285,-36.037,13.265,CONDUCTOR 0.50 MM2
285,-36.037,21.523,CONDUCTOR 0.75 MM2
285,-36.037,29.781,CONDUCTOR 1.00 MM2
285,-36.037,38.039,CONDUCTOR 1.50 MM2
285,-18.477,1.2970000000000002,CONDUCTOR 2.50 MM2
285,-18.477,7.888999999999999,CONDUCTOR 4.00 MM2
285,-18.477,14.48,CONDUCTOR 6.00 MM2
285,-18.477,18.571,CONDUCTOR 10.00 MM2
286,1.167,11.127,CONDUCTOR 0.75 MM2
286,11.046,13.888,3G0.75
286,15.094,13.888,H3G0.75
286,11.045,14.721,4G0.75
286,15.094,14.721,H4G0.75
286,11.045,15.553999999999998,5G0.75
286,15.093,15.553999999999998,H5G0.75
286,11.045,16.388,7G0.75
286,15.093,16.388,H7G0.75
286,10.935,17.221,12G0.75
286,14.983,17.221,H12G0.75
286,10.934,18.054,20G0.75
286,14.983,18.054,H20G0.75
286,1.167,19.386,CONDUCTOR 1.00 MM2
286,15.204,22.146,H3G1.0
286,15.203,22.979,H4G1.0
286,15.203,23.813,H5G1.0
286,15.203,24.646,H7G1.0
286,11.045,25.479,12G1.0
286,15.093,25.479,H12G1.0
286,11.045,26.312,20G1.0
286,15.093,26.312,H20G1.0
286,1.167,27.644,CONDUCTOR 1.50 MM2
286,15.203,30.404,H3G1.5
286,15.203,31.237,H4G1.5
286,15.203,32.071,H5G1.5
286,15.202,32.904,H7G1.5
286,11.044,33.737,12G1.5
286,15.092,33.737,H12G1.5
286,11.044,34.57,20G1.5
286,15.092,34.57,H20G1.5
286,1.167,35.902,CONDUCTOR 2.50 MM2
286,15.203,38.662,H3G2.5
286,15.203,39.496,H4G2.5
286,15.203,40.329,H5G2.5
286,15.202,41.162,H7G2.5
286,11.044,41.995,12G2.5
286,15.092,41.995,H12G2.5
286,11.044,42.829,20G2.5
286,15.092,42.829,H20G2.5
286,18.727,1.2970000000000002,CONDUCTOR 4.00 MM2
286,18.727,8.722,CONDUCTOR 6.00 MM2
286,18.727,16.147,CONDUCTOR 10.00 MM2
286,18.727,22.738,CONDUCTOR 16.00 MM2
286,38.372,11.127,CONDUCTOR 0.75 MM2
286,52.32,13.888,H3X0.75
286,52.319,14.721,H4X0.75
286,52.319,15.553999999999998,H5X0.75
286,52.319,16.388,H7X0.75
286,52.209,17.221,H12X0.75
286,52.208,18.054,H20X0.75
286,38.372,19.386,CONDUCTOR 1.00 MM2
286,52.43,22.146,H3X1.0
286,52.429,22.979,H4X1.0
286,52.429,23.813,H5X1.0
286,52.428,24.646,H7X1.0
286,52.319,25.479,H12X1.0
286,52.319,26.312,H20X1.0
286,38.372,27.644,CONDUCTOR 1.50 MM2
286,52.429,30.404,H3X1.5
286,52.429,31.237,H4X1.5
286,52.428,32.071,H5X1.5
286,52.428,32.904,H7X1.5
286,52.318,33.737,H12X1.5
286,52.318,34.57,H20X1.5
286,38.372,35.902,CONDUCTOR 2.50 MM2
286,52.429,38.662,H3X2.5
286,52.429,39.496,H4X2.5
286,52.428,40.329,H5X2.5
286,52.428,41.162,H7X2.5
286,52.318,41.995,H12X2.5
286,52.318,42.829,H20X2.5
286,55.932,1.2970000000000002,CONDUCTOR 4.00 MM2
286,55.932,8.722,CONDUCTOR 6.00 MM2
286,55.932,16.147,CONDUCTOR 10.00 MM2
286,55.932,22.738,CONDUCTOR 16.00 MM2
287,-36.037,11.127,CONDUCTOR 0.75 MM2
287,-26.159,13.888,3G0.75
287,-22.111,13.888,H3G0.75
287,-26.159,14.721,4G0.75
287,-22.111,14.721,H4G0.75
287,-26.16,15.553999999999998,5G0.75
287,-22.111,15.553999999999998,H5G0.75
287,-26.16,16.388,7G0.75
287,-22.112,16.388,H7G0.75
287,-26.27,17.221,12G0.75
287,-22.222,17.221,H12G0.75
287,-26.27,18.054,20G0.75
287,-22.222,18.054,H20G0.75
287,-36.037,19.386,CONDUCTOR 1.00 MM2
287,-22.001,22.146,H3G1.0
287,-22.001,22.979,H4G1.0
287,-22.002,23.813,H5G1.0
287,-22.002,24.646,H7G1.0
287,-26.16,25.479,12G1.0
287,-22.112,25.479,H12G1.0
287,-26.16,26.312,20G1.0
287,-22.112,26.312,H20G1.0
287,-36.037,27.644,CONDUCTOR 1.50 MM2
287,-22.001,30.404,H3G1.5
287,-22.002,31.237,H4G1.5
287,-22.002,32.071,H5G1.5
287,-22.002,32.904,H7G1.5
287,-26.16,33.737,12G1.5
287,-22.112,33.737,H12G1.5
287,-26.16,34.57,20G1.5
287,-22.112,34.57,H20G1.5
287,-36.037,35.902,CONDUCTOR 2.50 MM2
287,-22.001,38.662,H3G2.5
287,-22.002,39.496,H4G2.5
287,-22.002,40.329,H5G2.5
287,-22.002,41.162,H7G2.5
287,-26.16,41.995,12G2.5
287,-22.112,41.995,H12G2.5
287,-26.16,42.829,20G2.5
287,-22.112,42.829,H20G2.5
287,-18.477,1.2970000000000002,CONDUCTOR 4.00 MM2
287,-18.477,8.722,CONDUCTOR 6.00 MM2
287,-18.477,16.147,CONDUCTOR 10.00 MM2
287,-18.477,22.738,CONDUCTOR 16.00 MM2
287,1.167,11.127,CONDUCTOR 0.75 MM2
287,15.115,13.888,H3X0.75
287,15.115,14.721,H4X0.75
287,15.114,15.553999999999998,H5X0.75
287,15.114,16.388,H7X0.75
287,15.004,17.221,H12X0.75
287,15.004,18.054,H20X0.75
287,1.167,19.386,CONDUCTOR 1.00 MM2
287,15.225,22.146,H3X1.0
287,15.224,22.979,H4X1.0
287,15.224,23.813,H5X1.0
287,15.224,24.646,H7X1.0
287,15.114,25.479,H12X1.0
287,15.114,26.312,H20X1.0
287,1.167,27.644,CONDUCTOR 1.50 MM2
287,15.224,30.404,H3X1.5
287,15.224,31.237,H4X1.5
287,15.224,32.071,H5X1.5
287,15.223,32.904,H7X1.5
287,15.113,33.737,H12X1.5
287,15.113,34.57,H20X1.5
287,1.167,35.902,CONDUCTOR 2.50 MM2
287,15.224,38.662,H3X2.5
287,15.224,39.496,H4X2.5
287,15.224,40.329,H5X2.5
287,15.223,41.162,H7X2.5
287,15.113,41.995,H12X2.5
287,15.113,42.829,H20X2.5
287,18.727,1.2970000000000002,CONDUCTOR 4.00 MM2
287,18.727,8.722,CONDUCTOR 6.00 MM2
287,18.727,16.147,CONDUCTOR 10.00 MM2
287,18.727,22.738,CONDUCTOR 16.00 MM2
289,1.167,13.265,CONDUCTOR 0.75 MM2
289,11.046,16.025,3G0.75
289,14.861,16.025,H3G0.75CY
289,11.046,16.859,4G0.75
289,14.861,16.859,H4G0.75CY
289,11.046,17.692,5G0.75
289,14.861,17.692,H5G0.75CY
289,11.046,18.525,7G0.75
289,14.861,18.525,H7G0.75CY
289,10.936,19.358,12G0.75
289,14.752,19.358,H12G0.75CY
289,10.936,20.192,20G0.75
289,14.752,20.192,H20G0.75CY
289,1.167,21.523,CONDUCTOR 1.00 MM2
289,14.971,24.284,H3G1.0CY
289,14.971,25.117,H4G1.0CY
289,14.971,25.95,H5G1.0CY
289,14.971,26.783,H7G1.0CY
289,11.046,27.617,12G1.0
289,14.861,27.617,H12G1.0CY
289,11.046,28.45,20G1.0
289,14.861,28.45,H20G1.0CY
289,1.167,29.781,CONDUCTOR 1.50 MM2
289,14.971,32.542,H3G1.5CY
289,14.971,33.375,H4G1.5CY
289,14.971,34.208,H5G1.5CY
289,14.971,35.041,H7G1.5CY
289,11.046,35.875,12G1.5
289,14.861,35.875,H12G1.5CY
289,11.046,36.708,20G1.5
289,14.861,36.708,H20G1.5CY
289,1.167,38.039,CONDUCTOR 2.50 MM2
289,14.971,40.8,H3G2.5CY
289,14.971,41.633,H4G2.5CY
289,14.971,42.466,H5G2.5CY
289,14.971,43.3,H7G2.5CY
289,11.046,44.133,12G2.5
289,14.861,44.133,H12G2.5CY
289,11.046,44.966,20G2.5
289,14.861,44.966,H20G2.5CY
289,18.727,1.2970000000000002,CONDUCTOR 4.00 MM2
289,32.686,4.058,H3G4CY
289,32.686,4.891,H4G4CY
289,32.686,5.724,H5G4CY
289,32.686,6.557,H7G4CY
289,32.686,7.391,H9G4CY
289,18.727,8.722,CONDUCTOR 6.00 MM2
289,32.686,11.482,H3G6CY
289,32.686,12.316,H4G6CY
289,32.686,13.149,H5G6CY
289,32.686,13.982,H7G6CY
289,32.686,14.815,H9G6CY
289,18.727,16.147,CONDUCTOR 10.00 MM2
289,32.576,18.907,H3G10CY
289,32.576,19.74,H4G10CY
289,32.576,20.574,H5G10CY
289,32.576,21.407,H7G10CY
289,18.727,22.738,CONDUCTOR 16.00 MM2
289,32.576,25.499,H3G16CY
289,32.576,26.332,H4G16CY
289,32.576,27.165,H5G16CY
289,32.576,27.998,H7G16CY
290,1.167,13.265,CONDUCTOR 0.75 MM2
290,14.882,16.025,H3X0.75CY
290,14.882,16.859,H4X0.75CY
290,14.882,17.692,H5X0.75CY
290,14.882,18.525,H7X0.75CY
290,14.773,19.358,H12X0.75CY
290,14.773,20.192,H20X0.75CY
290,1.167,21.523,CONDUCTOR 1.00 MM2
290,14.992,24.284,H3X1.0CY
290,14.992,25.117,H4X1.0CY
290,14.992,25.95,H5X1.0CY
290,14.992,26.783,H7X1.0CY
290,14.882,27.617,H12X1.0CY
290,14.882,28.45,H20X1.0CY
290,1.167,29.781,CONDUCTOR 1.50 MM2
290,14.992,32.542,H3X1.5CY
290,14.992,33.375,H4X1.5CY
290,14.992,34.208,H5X1.5CY
290,14.992,35.041,H7X1.5CY
290,14.882,35.875,H12X1.5CY
290,14.882,36.708,H20X1.5CY
290,1.167,38.039,CONDUCTOR 2.50 MM2
290,14.992,40.8,H3X2.5CY
290,14.992,41.633,H4X2.5CY
290,14.992,42.466,H5X2.5CY
290,14.992,43.3,H7X2.5CY
290,14.882,44.133,H12X2.5CY
290,14.882,44.966,H20X2.5CY
290,18.727,1.2970000000000002,CONDUCTOR 4.00 MM2
290,32.707,4.058,H3X4CY
290,32.707,4.891,H4X4CY
290,32.707,5.724,H5X4CY
290,32.707,6.557,H7X4CY
290,32.707,7.391,H9X4CY
290,18.727,8.722,CONDUCTOR 6.00 MM2
290,32.707,11.482,H3X6CY
290,32.707,12.316,H4X6CY
290,32.707,13.149,H5X6CY
290,32.707,13.982,H7X6CY
290,32.707,14.815,H9X6CY
290,18.727,16.147,CONDUCTOR 10.00 MM2
290,32.597,18.907,H3X10CY
290,32.597,19.74,H4X10CY
290,32.597,20.574,H5X10CY
290,32.597,21.407,H7X10CY
290,18.727,22.738,CONDUCTOR 16.00 MM2
290,32.597,25.499,H3X16CY
290,32.597,26.332,H4X16CY
290,32.597,27.165,H5X16CY
290,32.597,27.998,H7X16CY
291,-36.037,13.265,CONDUCTOR 0.75 MM2
291,-22.323,16.025,H3X0.75CY
291,-22.323,16.859,H4X0.75CY
291,-22.323,17.692,H5X0.75CY
291,-22.323,18.525,H7X0.75CY
291,-22.432,19.358,H12X0.75CY
291,-22.432,20.192,H20X0.75CY
291,-36.037,21.523,CONDUCTOR 1.00 MM2
291,-22.213,24.284,H3X1.0CY
291,-22.213,25.117,H4X1.0CY
291,-22.213,25.95,H5X1.0CY
291,-22.213,26.783,H7X1.0CY
291,-22.323,27.617,H12X1.0CY
291,-22.322,28.45,H20X1.0CY
291,-36.037,29.781,CONDUCTOR 1.50 MM2
291,-22.213,32.542,H3X1.5CY
291,-22.213,33.375,H4X1.5CY
291,-22.213,34.208,H5X1.5CY
291,-22.213,35.041,H7X1.5CY
291,-22.323,35.875,H12X1.5CY
291,-22.322,36.708,H20X1.5CY
291,-36.037,38.039,CONDUCTOR 2.50 MM2
291,-22.213,40.8,H3X2.5CY
291,-22.213,41.633,H4X2.5CY
291,-22.213,42.466,H5X2.5CY
291,-22.213,43.3,H7X2.5CY
291,-22.323,44.133,H12X2.5CY
291,-22.322,44.966,H20X2.5CY
291,-18.477,1.2970000000000002,CONDUCTOR 4.00 MM2
291,-4.498,4.058,H3X4CY
291,-4.498,4.891,H4X4CY
291,-4.498,5.724,H5X4CY
291,-4.498,6.557,H7X4CY
291,-4.498,7.391,H9X4CY
291,-18.477,8.722,CONDUCTOR 6.00 MM2
291,-4.498,11.482,H3X6CY
291,-4.498,12.316,H4X6CY
291,-4.498,13.149,H5X6CY
291,-4.498,13.982,H7X6CY
291,-4.498,14.815,H9X6CY
291,-18.477,16.147,CONDUCTOR 10.00 MM2
291,-4.608,18.907,H3X10CY
291,-4.608,19.74,H4X10CY
291,-4.608,20.574,H5X10CY
291,-4.608,21.407,H7X10CY
291,-18.477,22.738,CONDUCTOR 16.00 MM2
291,-4.608,25.499,H3X16CY
291,-4.608,26.332,H4X16CY
291,-4.608,27.165,H5X16CY
291,-4.608,27.998,H7X16CY
292,1.167,12.686,CONDUCTOR 0.75 MM2
292,11.046,15.446000000000002,3G0.75
292,14.89,15.446000000000002,H3G0.75SY
292,11.046,16.279,4G0.75
292,14.89,16.279,H4G0.75SY
292,11.046,17.113,5G0.75
292,14.89,17.113,H5G0.75SY
292,11.046,17.946,7G0.75
292,14.89,17.946,H7G0.75SY
292,10.936,18.779,12G0.75
292,14.78,18.779,H12G0.75SY
292,10.936,19.612,20G0.75
292,14.78,19.612,H20G0.75SY
292,1.167,20.944,CONDUCTOR 1.00 MM2
292,14.999,23.704,H3G1.0SY
292,14.999,24.537,H4G1.0SY
292,14.998,25.371,H5G1.0SY
292,14.998,26.204,H7G1.0SY
292,11.045,27.037,12G1.0
292,14.888,27.037,H12G1.0SY
292,11.045,27.87,20G1.0
292,14.888,27.87,H20G1.0SY
292,1.167,29.202,CONDUCTOR 1.50 MM2
292,14.999,31.962000000000003,H3G1.5SY
292,14.999,32.796,H4G1.5SY
292,14.998,33.629,H5G1.5SY
292,14.998,34.462,H7G1.5SY
292,11.045,35.295,12G1.5
292,14.888,35.295,H12G1.5SY
292,11.045,36.129,20G1.5
292,14.888,36.129,H20G1.5SY
292,1.167,37.46,CONDUCTOR 2.50 MM2
292,14.999,40.22,H3G2.5SY
292,14.999,41.054,H4G2.5SY
292,14.998,41.887,H5G2.5SY
292,14.998,42.72,H7G2.5SY
292,11.045,43.553,12G2.5
292,14.888,43.553,H12G2.5SY
292,11.045,44.387,20G2.5
292,14.888,44.387,H20G2.5SY
292,18.727,1.2970000000000002,CONDUCTOR 4.00 MM2
292,32.714,4.058,H3G4SY
292,32.714,4.891,H4G4SY
292,32.713,5.724,H5G4SY
292,32.713,6.557,H7G4SY
292,32.713,7.391,H9G4SY
292,18.727,8.722,CONDUCTOR 6.00 MM2
292,32.714,11.482,H3G6SY
292,32.714,12.316,H4G6SY
292,32.713,13.149,H5G6SY
292,32.713,13.982,H7G6SY
292,32.713,14.815,H9G6SY
292,18.727,16.147,CONDUCTOR 10.00 MM2
292,32.605,18.907,H3G10SY
292,32.605,19.74,H4G10SY
292,32.605,20.574,H5G10SY
292,32.605,21.407,H7G10SY
292,18.727,22.738,CONDUCTOR 16.00 MM2
292,32.605,25.499,H3G16SY
292,32.605,26.332,H4G16SY
292,32.605,27.165,H5G16SY
292,32.605,27.998,H7G16SY
292,38.372,13.265,CONDUCTOR 0.75 MM2
292,52.115,16.025,H3X0.75SY
292,52.115,16.859,H4X0.75SY
292,52.115,17.692,H5X0.75SY
292,52.115,18.525,H7X0.75SY
292,52.005,19.358,H12X0.75SY
292,52.005,20.192,H20X0.75SY
292,38.372,21.523,CONDUCTOR 1.00 MM2
292,52.225,24.284,H3X1.0SY
292,52.224,25.117,H4X1.0SY
292,52.224,25.95,H5X1.0SY
292,52.224,26.783,H7X1.0SY
292,52.114,27.617,H12X1.0SY
292,52.114,28.45,H20X1.0SY
292,38.372,29.781,CONDUCTOR 1.50 MM2
292,52.225,32.542,H3X1.5SY
292,52.224,33.375,H4X1.5SY
292,52.224,34.208,H5X1.5SY
292,52.224,35.041,H7X1.5SY
292,52.114,35.875,H12X1.5SY
292,52.114,36.708,H20X1.5SY
292,38.372,38.039,CONDUCTOR 2.50 MM2
292,52.225,40.8,H3X2.5SY
292,52.224,41.633,H4X2.5SY
292,52.224,42.466,H5X2.5SY
292,52.224,43.3,H7X2.5SY
292,52.114,44.133,H12X2.5SY
292,52.114,44.966,H20X2.5SY
292,55.932,1.2970000000000002,CONDUCTOR 4.00 MM2
292,69.939,4.058,H3X4SY
292,69.939,4.891,H4X4SY
292,69.939,5.724,H5X4SY
292,69.938,6.557,H7X4SY
292,69.938,7.391,H9X4SY
292,55.932,8.722,CONDUCTOR 6.00 MM2
292,69.939,11.482,H3X6SY
292,69.939,12.316,H4X6SY
292,69.939,13.149,H5X6SY
292,69.938,13.982,H7X6SY
292,69.938,14.815,H9X6SY
292,55.932,16.147,CONDUCTOR 10.00 MM2
292,69.83,18.907,H3X10SY
292,69.83,19.74,H4X10SY
292,69.83,20.574,H5X10SY
292,69.83,21.407,H7X10SY
292,55.932,22.738,CONDUCTOR 16.00 MM2
292,69.83,25.499,H3X16SY
292,69.83,26.332,H4X16SY
292,69.83,27.165,H5X16SY
292,69.83,27.998,H7X16SY
293,-36.037,12.685,CONDUCTOR 0.75 MM2
293,-26.159,15.446000000000002,3G0.75
293,-22.315,15.446000000000002,H3G0.75SY
293,-26.159,16.279,4G0.75
293,-22.315,16.279,H4G0.75SY
293,-26.159,17.113,5G0.75
293,-22.315,17.113,H5G0.75SY
293,-26.159,17.946,7G0.75
293,-22.315,17.946,H7G0.75SY
293,-26.269,18.779,12G0.75
293,-22.425,18.779,H12G0.75SY
293,-26.269,19.612,20G0.75
293,-22.425,19.612,H20G0.75SY
293,-36.037,20.944,CONDUCTOR 1.00 MM2
293,-22.206,23.704,H3G1.0SY
293,-22.206,24.537,H4G1.0SY
293,-22.206,25.371,H5G1.0SY
293,-22.207,26.204,H7G1.0SY
293,-26.16,27.037,12G1.0
293,-22.316,27.037,H12G1.0SY
293,-26.16,27.87,20G1.0
293,-22.316,27.87,H20G1.0SY
293,-36.037,29.202,CONDUCTOR 1.50 MM2
293,-22.206,31.962000000000003,H3G1.5SY
293,-22.206,32.796,H4G1.5SY
293,-22.206,33.629,H5G1.5SY
293,-22.207,34.462,H7G1.5SY
293,-26.16,35.295,12G1.5
293,-22.316,35.295,H12G1.5SY
293,-26.16,36.129,20G1.5
293,-22.316,36.129,H20G1.5SY
293,-36.037,37.46,CONDUCTOR 2.50 MM2
293,-22.206,40.22,H3G2.5SY
293,-22.206,41.054,H4G2.5SY
293,-22.206,41.887,H5G2.5SY
293,-22.207,42.72,H7G2.5SY
293,-26.16,43.553,12G2.5
293,-22.316,43.553,H12G2.5SY
293,-26.16,44.387,20G2.5
293,-22.316,44.387,H20G2.5SY
293,-18.477,1.2970000000000002,CONDUCTOR 4.00 MM2
293,-4.491,4.058,H3G4SY
293,-4.491,4.891,H4G4SY
293,-4.491,5.724,H5G4SY
293,-4.492,6.557,H7G4SY
293,-4.492,7.391,H9G4SY
293,-18.477,8.722,CONDUCTOR 6.00 MM2
293,-4.491,11.482,H3G6SY
293,-4.491,12.316,H4G6SY
293,-4.491,13.149,H5G6SY
293,-4.492,13.982,H7G6SY
293,-4.492,14.815,H9G6SY
293,-18.477,16.147,CONDUCTOR 10.00 MM2
293,-4.6,18.907,H3G10SY
293,-4.6,19.74,H4G10SY
293,-4.6,20.574,H5G10SY
293,-4.6,21.407,H7G10SY
293,-18.477,22.738,CONDUCTOR 16.00 MM2
293,-4.6,25.499,H3G16SY
293,-4.6,26.332,H4G16SY
293,-4.6,27.165,H5G16SY
293,-4.6,27.998,H7G16SY
293,1.167,13.265,CONDUCTOR 0.75 MM2
293,14.911,16.025,H3X0.75SY
293,14.911,16.859,H4X0.75SY
293,14.911,17.692,H5X0.75SY
293,14.911,18.525,H7X0.75SY
293,14.801,19.358,H12X0.75SY
293,14.801,20.192,H20X0.75SY
293,1.167,21.523,CONDUCTOR 1.00 MM2
293,15.02,24.284,H3X1.0SY
293,15.02,25.117,H4X1.0SY
293,15.019,25.95,H5X1.0SY
293,15.019,26.783,H7X1.0SY
293,14.909,27.617,H12X1.0SY
293,14.909,28.45,H20X1.0SY
293,1.167,29.781,CONDUCTOR 1.50 MM2
293,15.02,32.542,H3X1.5SY
293,15.02,33.375,H4X1.5SY
293,15.019,34.208,H5X1.5SY
293,15.019,35.041,H7X1.5SY
293,14.909,35.875,H12X1.5SY
293,14.909,36.708,H20X1.5SY
293,1.167,38.039,CONDUCTOR 2.50 MM2
293,15.02,40.8,H3X2.5SY
293,15.02,41.633,H4X2.5SY
293,15.019,42.466,H5X2.5SY
293,15.019,43.3,H7X2.5SY
293,14.909,44.133,H12X2.5SY
293,14.909,44.966,H20X2.5SY
293,18.727,1.2970000000000002,CONDUCTOR 4.00 MM2
293,32.735,4.058,H3X4SY
293,32.735,4.891,H4X4SY
293,32.734,5.724,H5X4SY
293,32.734,6.557,H7X4SY
293,32.734,7.391,H9X4SY
293,18.727,8.722,CONDUCTOR 6.00 MM2
293,32.735,11.482,H3X6SY
293,32.735,12.316,H4X6SY
293,32.734,13.149,H5X6SY
293,32.734,13.982,H7X6SY
293,32.734,14.815,H9X6SY
293,18.727,16.147,CONDUCTOR 10.00 MM2
293,32.626,18.907,H3X10SY
293,32.626,19.74,H4X10SY
293,32.626,20.574,H5X10SY
293,32.626,21.407,H7X10SY
293,18.727,22.738,CONDUCTOR 16.00 MM2
293,32.626,25.499,H3X16SY
293,32.626,26.332,H4X16SY
293,32.626,27.165,H5X16SY
293,32.626,27.998,H7X16SY
295,1.167,11.127,CONDUCTOR 0.50 MM2
295,15.219,13.888,C3G0.5
295,15.219,14.721,C4G0.5
295,15.219,15.553999999999998,C5G0.5
295,15.219,16.388,C7G0.5
295,11.046,17.221,12G0.5
295,15.109,17.221,C12G0.5
295,11.046,18.054,20G0.5
295,15.109,18.054,C20G0.5
295,1.167,19.386,CONDUCTOR 0.75 MM2
295,11.046,22.146,3G0.75
295,15.109,22.146,C3G0.75
295,11.046,22.979,4G0.75
295,15.109,22.979,C4G0.75
295,11.046,23.813,5G0.75
295,15.109,23.813,C5G0.75
295,11.046,24.646,7G0.75
295,15.109,24.646,C7G0.75
295,10.936,25.479,12G0.75
295,14.999,25.479,C12G0.75
295,10.936,26.312,20G0.75
295,14.999,26.312,C20G0.75
295,1.167,27.644,CONDUCTOR 1.00 MM2
295,15.219,30.404,C3G1.0
295,15.219,31.237,C4G1.0
295,15.219,32.071,C5G1.0
295,15.219,32.904,C7G1.0
295,11.046,33.737,12G1.0
295,15.109,33.737,C12G1.0
295,11.046,34.57,20G1.0
295,15.109,34.57,C20G1.0
295,1.167,35.902,CONDUCTOR 1.50 MM2
295,15.219,38.662,C3G1.5
295,15.219,39.496,C4G1.5
295,15.219,40.329,C5G1.5
295,15.219,41.162,C7G1.5
295,11.046,41.995,12G1.5
295,15.109,41.995,C12G1.5
295,11.046,42.829,20G1.5
295,15.109,42.829,C20G1.5
295,18.727,1.2970000000000002,CONDUCTOR 2.50 MM2
295,32.779,4.058,C3G2.5
295,32.779,4.891,C4G2.5
295,32.779,5.724,C5G2.5
295,32.778,6.557,C7G2.5
295,32.778,7.391,C9G2.5
295,28.605,8.224,12G2.5
295,32.668,8.224,C12G2.5
295,18.727,9.555,CONDUCTOR 4.00 MM2
295,18.727,17.814,CONDUCTOR 6.00 MM2
295,18.727,25.238,CONDUCTOR 10.00 MM2
295,18.727,32.663,CONDUCTOR 16.00 MM2
295,18.727,38.421,CONDUCTOR 25.00 MM2
296,1.167,11.127,CONDUCTOR 0.50 MM2
296,15.24,13.888,C3X0.5
296,15.24,14.721,C4X0.5
296,15.24,16.388,C5X0.5
296,15.24,17.221,C7X0.5
296,15.13,18.055,C12X0.5
296,15.13,18.888,C20X0.5
296,1.167,20.219,CONDUCTOR 0.75 MM2
296,15.13,22.979,C3X0.75
296,15.13,23.813,C4X0.75
296,15.13,24.646,C5X0.75
296,15.13,25.479,C7X0.75
296,15.02,26.312,C12X0.75
296,15.02,27.146,C20X0.75
296,1.167,28.477,CONDUCTOR 1.00 MM2
296,15.24,31.238,C3X1.0
296,15.24,32.071,C4X1.0
296,15.24,32.904,C5X1.0
296,15.24,33.737,C7X1.0
296,15.13,34.571,C12X1.0
296,15.13,35.404,C20X1.0
296,1.167,36.735,CONDUCTOR 1.50 MM2
296,15.24,39.496,C3X1.5
296,15.24,40.329,C4X1.5
296,15.24,41.162,C5X1.5
296,15.24,41.995,C7X1.5
296,15.13,42.829,C12X1.5
296,15.13,43.662,C20X1.5
296,18.727,1.2970000000000002,CONDUCTOR 2.50 MM2
296,32.8,4.058,C3X2.5
296,32.8,4.891,C4X2.5
296,32.8,5.724,C5X2.5
296,32.799,6.557,C7X2.5
296,32.799,7.391,C9X2.5
296,32.689,8.224,C12X2.5
296,18.727,9.555,CONDUCTOR 4.00 MM2
296,18.727,17.814,CONDUCTOR 6.00 MM2
296,18.727,25.238,CONDUCTOR 10.00 MM2
296,18.727,32.663,CONDUCTOR 16.00 MM2
296,18.727,38.421,CONDUCTOR 25.00 MM2
297,-36.037,11.127,CONDUCTOR 0.50 MM2
297,-21.965,13.888,C3X0.5
297,-21.965,14.721,C4X0.5
297,-21.965,16.388,C5X0.5
297,-21.965,17.221,C7X0.5
297,-22.075,18.055,C12X0.5
297,-22.075,18.888,C20X0.5
297,-36.037,20.219,CONDUCTOR 0.75 MM2
297,-22.075,22.979,C3X0.75
297,-22.075,23.813,C4X0.75
297,-22.075,24.646,C5X0.75
297,-22.075,25.479,C7X0.75
297,-22.185,26.312,C12X0.75
297,-22.185,27.146,C20X0.75
297,-36.037,28.477,CONDUCTOR 1.00 MM2
297,-21.965,31.238,C3X1.0
297,-21.965,32.071,C4X1.0
297,-21.965,32.904,C5X1.0
297,-21.965,33.737,C7X1.0
297,-22.074,34.571,C12X1.0
297,-22.074,35.404,C20X1.0
297,-36.037,36.735,CONDUCTOR 1.50 MM2
297,-21.965,39.496,C3X1.5
297,-21.965,40.329,C4X1.5
297,-21.965,41.162,C5X1.5
297,-21.965,41.995,C7X1.5
297,-22.074,42.829,C12X1.5
297,-22.074,43.662,C20X1.5
297,-18.477,1.2970000000000002,CONDUCTOR 2.50 MM2
297,-4.404,4.058,C3X2.5
297,-4.405,4.891,C4X2.5
297,-4.405,5.724,C5X2.5
297,-4.406,6.557,C7X2.5
297,-4.406,7.391,C9X2.5
297,-4.515,8.224,C12X2.5
297,-18.477,9.555,CONDUCTOR 4.00 MM2
297,-18.477,17.814,CONDUCTOR 6.00 MM2
297,-18.477,25.238,CONDUCTOR 10.00 MM2
297,-18.477,32.663,CONDUCTOR 16.00 MM2
297,-18.477,38.421,CONDUCTOR 25.00 MM2
298,1.167,13.265,CONDUCTOR 0.50 MM2
298,14.986,16.025,C3G0.5CY
298,14.986,16.859,C4G0.5CY
298,14.986,17.692,C5G0.5CY
298,14.986,18.525,C7G0.5CY
298,11.046,19.358,12G0.5
298,14.876,19.358,C12G0.5CY
298,11.046,20.192,20G0.5
298,14.876,20.192,C20G0.5CY
298,1.167,21.523,CONDUCTOR 0.75 MM2
298,11.046,24.284,3G0.75
298,14.876,24.284,C3G0.75CY
298,11.046,25.117,4G0.75
298,14.876,25.117,C4G0.75CY
298,11.046,25.95,5G0.75
298,14.876,25.95,C5G0.75CY
298,11.046,26.783,7G0.75
298,14.876,26.783,C7G0.75CY
298,10.936,27.617,12G0.75
298,14.766,27.617,C12G0.75CY
298,10.936,28.45,20G0.75
298,14.766,28.45,C20G0.75CY
298,1.167,29.781,CONDUCTOR 1.00 MM2
298,11.045,35.875,12G1.0
298,15.236,35.875,12G1.0
298,11.045,36.708,20G1.0
298,15.236,36.708,20G1.0
298,1.167,38.039,CONDUCTOR 1.50 MM2
298,14.986,40.8,C3G1.5CY
298,14.986,41.633,C4G1.5CY
298,14.985,42.466,C5G1.5CY
298,14.985,43.3,C7G1.5CY
298,11.045,44.133,12G1.5
298,14.875,44.133,C12G1.5CY
298,11.045,44.966,20G1.5
298,14.875,44.966,C20G1.5CY
298,18.727,1.2970000000000002,CONDUCTOR 2.50 MM2
298,32.546,4.058,C3G2.5CY
298,32.545,4.891,C4G2.5CY
298,32.545,5.724,C5G2.5CY
298,32.545,6.557,C7G2.5CY
298,32.544,7.391,C9G2.5CY
298,28.605,8.224,12G2.5
298,32.435,8.224,C12G2.5CY
298,18.727,9.555,CONDUCTOR 4.00 MM2
298,32.7,12.316,C3G4CY
298,32.7,13.149,C4G4CY
298,32.699,13.982,C5G4CY
298,32.699,14.816,C7G4CY
298,32.699,15.649,C9G4CY
298,32.59,16.482,C12G4CY
298,18.727,17.814,CONDUCTOR 6.00 MM2
298,32.7,20.574,C3G6CY
298,32.7,21.407,C4G6CY
298,32.699,22.24,C5G6CY
298,32.699,23.074,C7G6CY
298,32.699,23.907,C9G6CY
298,18.727,25.238,CONDUCTOR 10.00 MM2
298,32.591,27.999,C3G10CY
298,32.591,28.832,C4G10CY
298,32.591,29.665,C5G10CY
298,32.591,30.498,C7G10CY
298,32.591,31.332,C9G10CY
298,18.727,32.663,CONDUCTOR 16.00 MM2
298,32.591,35.423,C3G16CY
298,32.591,36.257,C4G16CY
298,32.591,37.09,C5G16CY
298,18.727,38.421,CONDUCTOR 25.00 MM2
298,32.591,41.181,C3G25CY
298,32.591,42.015,C4G25CY
298,32.591,42.848,C5G25CY
298,38.372,13.265,CONDUCTOR 0.50 MM2
298,52.211,16.025,C3X0.5CY
298,52.211,16.859,C4X0.5CY
298,52.211,17.692,C5X0.5CY
298,52.211,18.525,C7X0.5CY
298,52.102,19.358,C12X0.5CY
298,52.102,20.192,C20X0.5CY
298,38.372,21.523,CONDUCTOR 0.75 MM2
298,52.101,24.284,C3X0.75CY
298,52.101,25.117,C4X0.75CY
298,52.101,25.95,C5X0.75CY
298,52.101,26.783,C7X0.75CY
298,51.992,27.617,C12X0.75CY
298,51.992,28.45,C20X0.75CY
298,38.372,29.781,CONDUCTOR 1.00 MM2
298,52.211,32.542,C3X1.0CY
298,52.211,33.375,C4X1.0CY
298,52.211,34.208,C5X1.0CY
298,52.211,35.041,C7X1.0CY
298,52.101,35.875,C12X1.0CY
298,52.101,36.708,C20X1.0CY
298,38.372,38.039,CONDUCTOR 1.50 MM2
298,52.211,40.8,C3X1.5CY
298,52.211,41.633,C4X1.5CY
298,52.211,42.466,C5X1.5CY
298,52.211,43.3,C7X1.5CY
298,52.101,44.133,C12X1.5CY
298,52.101,44.966,C20X1.5CY
298,55.932,1.2970000000000002,CONDUCTOR 2.50 MM2
298,69.771,4.058,C3X2.5CY
298,69.771,4.891,C4X2.5CY
298,69.77,5.724,C5X2.5CY
298,69.77,6.557,C7X2.5CY
298,69.769,7.391,C9X2.5CY
298,69.66,8.224,C12X2.5CY
298,55.932,9.555,CONDUCTOR 4.00 MM2
298,69.925,12.316,C3X4CY
298,69.925,13.149,C4X4CY
298,69.925,13.982,C5X4CY
298,69.924,14.816,C7X4CY
298,69.924,15.649,C9X4CY
298,69.814,16.482,C12X4CY
298,55.932,17.814,CONDUCTOR 6.00 MM2
298,69.926,20.574,C3X6CY
298,69.925,21.407,C4X6CY
298,69.925,22.24,C5X6CY
298,69.924,23.074,C7X6CY
298,69.924,23.907,C9X6CY
298,55.932,25.238,CONDUCTOR 10.00 MM2
298,69.816,27.999,C3X10CY
298,69.816,28.832,C4X10CY
298,69.816,29.665,C5X10CY
298,69.816,30.498,C7X10CY
298,69.816,31.332,C9X10CY
298,55.932,32.663,CONDUCTOR 16.00 MM2
298,69.816,35.423,C3X16CY
298,69.816,36.257,C4X16CY
298,69.816,37.09,C5X16CY
298,55.932,38.421,CONDUCTOR 25.00 MM2
298,69.816,41.181,C3X25CY
298,69.816,42.015,C4X25CY
298,69.816,42.848,C5X25CY
299,-36.037,13.265,CONDUCTOR 0.50 MM2
299,-22.219,16.025,C3G0.5CY
299,-22.219,16.859,C4G0.5CY
299,-22.219,17.692,C5G0.5CY
299,-22.219,18.525,C7G0.5CY
299,-26.158,19.358,12G0.5
299,-22.329,19.358,C12G0.5CY
299,-26.158,20.192,20G0.5
299,-22.329,20.192,C20G0.5CY
299,-36.037,21.523,CONDUCTOR 0.75 MM2
299,-26.159,24.284,3G0.75
299,-22.329,24.284,C3G0.75CY
299,-26.159,25.117,4G0.75
299,-22.329,25.117,C4G0.75CY
299,-26.159,25.95,5G0.75
299,-22.329,25.95,C5G0.75CY
299,-26.159,26.783,7G0.75
299,-22.329,26.783,C7G0.75CY
299,-26.269,27.617,12G0.75
299,-22.439,27.617,C12G0.75CY
299,-26.269,28.45,20G0.75
299,-22.439,28.45,C20G0.75CY
299,-36.037,29.781,CONDUCTOR 1.00 MM2
299,-26.159,35.875,12G1.0
299,-21.969,35.875,12G1.0
299,-26.159,36.708,20G1.0
299,-21.969,36.708,20G1.0
299,-36.037,38.039,CONDUCTOR 1.50 MM2
299,-22.219,40.8,C3G1.5CY
299,-22.219,41.633,C4G1.5CY
299,-22.219,42.466,C5G1.5CY
299,-22.22,43.3,C7G1.5CY
299,-26.159,44.133,12G1.5
299,-22.329,44.133,C12G1.5CY
299,-26.159,44.966,20G1.5
299,-22.329,44.966,C20G1.5CY
299,-18.477,1.2970000000000002,CONDUCTOR 2.50 MM2
299,-4.659,4.058,C3G2.5CY
299,-4.659,4.891,C4G2.5CY
299,-4.66,5.724,C5G2.5CY
299,-4.66,6.557,C7G2.5CY
299,-4.661,7.391,C9G2.5CY
299,-8.6,8.224,12G2.5
299,-4.77,8.224,C12G2.5CY
299,-18.477,9.555,CONDUCTOR 4.00 MM2
299,-4.505,12.316,C3G4CY
299,-4.505,13.149,C4G4CY
299,-4.505,13.982,C5G4CY
299,-4.506,14.816,C7G4CY
299,-4.506,15.649,C9G4CY
299,-4.615,16.482,C12G4CY
299,-18.477,17.814,CONDUCTOR 6.00 MM2
299,-4.505,20.574,C3G6CY
299,-4.505,21.407,C4G6CY
299,-4.505,22.24,C5G6CY
299,-4.506,23.074,C7G6CY
299,-4.506,23.907,C9G6CY
299,-18.477,25.238,CONDUCTOR 10.00 MM2
299,-4.614,27.999,C3G10CY
299,-4.614,28.832,C4G10CY
299,-4.614,29.665,C5G10CY
299,-4.614,30.498,C7G10CY
299,-4.614,31.332,C9G10CY
299,-18.477,32.663,CONDUCTOR 16.00 MM2
299,-4.614,35.423,C3G16CY
299,-4.614,36.257,C4G16CY
299,-4.614,37.09,C5G16CY
299,-18.477,38.421,CONDUCTOR 25.00 MM2
299,-4.614,41.181,C3G25CY
299,-4.614,42.015,C4G25CY
299,-4.614,42.848,C5G25CY
299,1.167,13.265,CONDUCTOR 0.50 MM2
299,15.007,16.025,C3X0.5CY
299,15.007,16.859,C4X0.5CY
299,15.007,17.692,C5X0.5CY
299,15.007,18.525,C7X0.5CY
299,14.897,19.358,C12X0.5CY
299,14.897,20.192,C20X0.5CY
299,1.167,21.523,CONDUCTOR 0.75 MM2
299,14.897,24.284,C3X0.75CY
299,14.897,25.117,C4X0.75CY
299,14.897,25.95,C5X0.75CY
299,14.897,26.783,C7X0.75CY
299,14.787,27.617,C12X0.75CY
299,14.787,28.45,C20X0.75CY
299,1.167,29.781,CONDUCTOR 1.00 MM2
299,15.007,32.542,C3X1.0CY
299,15.007,33.375,C4X1.0CY
299,15.007,34.208,C5X1.0CY
299,15.006,35.041,C7X1.0CY
299,14.897,35.875,C12X1.0CY
299,14.897,36.708,C20X1.0CY
299,1.167,38.039,CONDUCTOR 1.50 MM2
299,15.007,40.8,C3X1.5CY
299,15.007,41.633,C4X1.5CY
299,15.006,42.466,C5X1.5CY
299,15.006,43.3,C7X1.5CY
299,14.896,44.133,C12X1.5CY
299,14.896,44.966,C20X1.5CY
299,18.727,1.2970000000000002,CONDUCTOR 2.50 MM2
299,32.567,4.058,C3X2.5CY
299,32.566,4.891,C4X2.5CY
299,32.566,5.724,C5X2.5CY
299,32.566,6.557,C7X2.5CY
299,32.565,7.391,C9X2.5CY
299,32.456,8.224,C12X2.5CY
299,18.727,9.555,CONDUCTOR 4.00 MM2
299,32.721,12.316,C3X4CY
299,32.721,13.149,C4X4CY
299,32.72,13.982,C5X4CY
299,32.72,14.816,C7X4CY
299,32.72,15.649,C9X4CY
299,32.61,16.482,C12X4CY
299,18.727,17.814,CONDUCTOR 6.00 MM2
299,32.721,20.574,C3X6CY
299,32.721,21.407,C4X6CY
299,32.72,22.24,C5X6CY
299,32.72,23.074,C7X6CY
299,32.72,23.907,C9X6CY
299,18.727,25.238,CONDUCTOR 10.00 MM2
299,32.612,27.999,C3X10CY
299,32.612,28.832,C4X10CY
299,32.612,29.665,C5X10CY
299,32.612,30.498,C7X10CY
299,32.612,31.332,C9X10CY
299,18.727,32.663,CONDUCTOR 16.00 MM2
299,32.612,35.423,C3X16CY
299,32.612,36.257,C4X16CY
299,32.612,37.09,C5X16CY
299,18.727,38.421,CONDUCTOR 25.00 MM2
299,32.612,41.181,C3X25CY
299,32.612,42.015,C4X25CY
299,32.612,42.848,C5X25CY
300,38.372,13.265,CONDUCTOR 0.50 MM2
300,52.219,16.025,C3G0.5SY
300,52.22,16.859,C4G0.5SY
300,52.22,17.692,C5G0.5SY
300,52.22,18.525,C7G0.5SY
300,48.252,19.358,12G0.5
300,52.111,19.358,C12G0.5SY
300,48.252,20.192,20G0.5
300,52.111,20.192,C20G0.5SY
300,38.372,21.523,CONDUCTOR 0.75 MM2
300,48.251,24.284,3G0.75
300,52.109,24.284,C3G0.75SY
300,48.251,25.117,4G0.75
300,52.109,25.117,C4G0.75SY
300,48.251,25.95,5G0.75
300,52.109,25.95,C5G0.75SY
300,48.251,26.783,7G0.75
300,52.109,26.783,C7G0.75SY
300,48.141,27.617,12G0.75
300,52.0,27.617,C12G0.75SY
300,48.141,28.45,20G0.75
300,52.0,28.45,C20G0.75SY
300,38.372,29.781,CONDUCTOR 1.00 MM2
300,52.219,32.542,C3G1.0SY
300,52.22,33.375,C4G1.0SY
300,52.22,34.208,C5G1.0SY
300,52.22,35.041,C7G1.0SY
300,48.251,35.875,12G1.0
300,52.11,35.875,C12G1.0SY
300,48.252,36.708,20G1.0
300,52.11,36.708,C20G1.0SY
300,38.372,38.039,CONDUCTOR 1.50 MM2
300,52.219,40.8,C3G1.5SY
300,52.219,41.633,C4G1.5SY
300,52.219,42.466,C5G1.5SY
300,52.219,43.3,C7G1.5SY
300,48.251,44.133,12G1.5
300,52.11,44.133,C12G1.5SY
300,48.251,44.966,20G1.5
300,52.11,44.966,C20G1.5SY
300,55.932,1.2970000000000002,CONDUCTOR 2.50 MM2
300,69.779,4.058,C3G2.5SY
300,69.779,4.891,C4G2.5SY
300,69.779,5.724,C5G2.5SY
300,69.779,6.557,C7G2.5SY
300,69.779,7.391,C9G2.5SY
300,65.811,8.224,12G2.5
300,69.669,8.224,C12G2.5SY
300,55.932,9.555,CONDUCTOR 4.00 MM2
300,69.933,12.316,C3G4SY
300,69.933,13.149,C4G4SY
300,69.933,13.982,C5G4SY
300,69.933,14.816,C7G4SY
300,69.933,15.649,C9G4SY
300,69.823,16.482,C12G4SY
300,55.932,17.814,CONDUCTOR 6.00 MM2
300,69.933,20.574,C3G6SY
300,69.933,21.407,C4G6SY
300,69.933,22.24,C5G6SY
300,69.933,23.074,C7G6SY
300,69.933,23.907,C9G6SY
300,55.932,25.238,CONDUCTOR 10.00 MM2
300,69.824,27.999,C3G10SY
300,69.824,28.832,C4G10SY
300,69.824,29.665,C5G10SY
300,69.824,30.498,C7G10SY
300,69.824,31.332,C9G10SY
300,55.932,32.663,CONDUCTOR 16.00 MM2
300,69.824,35.423,C3G16SY
300,69.824,36.257,C4G16SY
300,69.824,37.09,C5G16SY
300,55.932,38.421,CONDUCTOR 25.00 MM2
300,69.824,41.181,C3G25SY
300,69.824,42.015,C4G25SY
300,69.824,42.848,C5G25SY
301,1.167,13.265,CONDUCTOR 0.50 MM2
301,15.014,16.025,C3G0.5SY
301,15.015,16.859,C4G0.5SY
301,15.015,17.692,C5G0.5SY
301,15.016,18.525,C7G0.5SY
301,11.047,19.358,12G0.5
301,14.906,19.358,C12G0.5SY
301,11.048,20.192,20G0.5
301,14.906,20.192,C20G0.5SY
301,1.167,21.523,CONDUCTOR 0.75 MM2
301,11.046,24.284,3G0.75
301,14.905,24.284,C3G0.75SY
301,11.046,25.117,4G0.75
301,14.905,25.117,C4G0.75SY
301,11.046,25.95,5G0.75
301,14.905,25.95,C5G0.75SY
301,11.046,26.783,7G0.75
301,14.905,26.783,C7G0.75SY
301,10.936,27.617,12G0.75
301,14.795,27.617,C12G0.75SY
301,10.936,28.45,20G0.75
301,14.795,28.45,C20G0.75SY
301,1.167,29.781,CONDUCTOR 1.00 MM2
301,15.014,32.542,C3G1.0SY
301,15.015,33.375,C4G1.0SY
301,15.015,34.208,C5G1.0SY
301,15.015,35.041,C7G1.0SY
301,11.047,35.875,12G1.0
301,14.905,35.875,C12G1.0SY
301,11.047,36.708,20G1.0
301,14.906,36.708,C20G1.0SY
301,1.167,38.039,CONDUCTOR 1.50 MM2
301,15.014,40.8,C3G1.5SY
301,15.014,41.633,C4G1.5SY
301,15.014,42.466,C5G1.5SY
301,15.014,43.3,C7G1.5SY
301,11.046,44.133,12G1.5
301,14.905,44.133,C12G1.5SY
301,11.047,44.966,20G1.5
301,14.905,44.966,C20G1.5SY
301,18.727,1.2970000000000002,CONDUCTOR 2.50 MM2
301,32.575,4.058,C3G2.5SY
301,32.575,4.891,C4G2.5SY
301,32.575,5.724,C5G2.5SY
301,32.575,6.557,C7G2.5SY
301,32.575,7.391,C9G2.5SY
301,28.606,8.224,12G2.5
301,32.465,8.224,C12G2.5SY
301,18.727,9.555,CONDUCTOR 4.00 MM2
301,32.729,12.316,C3G4SY
301,32.729,13.149,C4G4SY
301,32.729,13.982,C5G4SY
301,32.729,14.816,C7G4SY
301,32.729,15.649,C9G4SY
301,32.619,16.482,C12G4SY
301,18.727,17.814,CONDUCTOR 6.00 MM2
301,32.729,20.574,C3G6SY
301,32.729,21.407,C4G6SY
301,32.729,22.24,C5G6SY
301,32.729,23.074,C7G6SY
301,32.729,23.907,C9G6SY
301,18.727,25.238,CONDUCTOR 10.00 MM2
301,32.62,27.999,C3G10SY
301,32.62,28.832,C4G10SY
301,32.62,29.665,C5G10SY
301,32.62,30.498,C7G10SY
301,32.62,31.332,C9G10SY
301,18.727,32.663,CONDUCTOR 16.00 MM2
301,32.62,35.423,C3G16SY
301,32.62,36.257,C4G16SY
301,32.62,37.09,C5G16SY
301,18.727,38.421,CONDUCTOR 25.00 MM2
301,32.62,41.181,C3G25SY
301,32.62,42.015,C4G25SY
301,32.62,42.848,C5G25SY
302,1.167,13.265,CONDUCTOR 0.50 MM2
302,15.035,16.025,C3X0.5SY
302,15.036,16.859,C4X0.5SY
302,15.036,17.692,C5X0.5SY
302,15.037,18.525,C7X0.5SY
302,14.927,19.358,C12X0.5SY
302,14.927,20.192,C20X0.5SY
302,1.167,21.523,CONDUCTOR 0.75 MM2
302,14.926,24.284,C3X0.75SY
302,14.926,25.117,C4X0.75SY
302,14.926,25.95,C5X0.75SY
302,14.926,26.783,C7X0.75SY
302,14.816,27.617,C12X0.75SY
302,14.816,28.45,C20X0.75SY
302,1.167,29.781,CONDUCTOR 1.00 MM2
302,15.035,32.542,C3X1.0SY
302,15.036,33.375,C4X1.0SY
302,15.036,34.208,C5X1.0SY
302,15.036,35.041,C7X1.0SY
302,14.926,35.875,C12X1.0SY
302,14.927,36.708,C20X1.0SY
302,1.167,38.039,CONDUCTOR 1.50 MM2
302,15.035,40.8,C3X1.5SY
302,15.035,41.633,C4X1.5SY
302,15.035,42.466,C5X1.5SY
302,15.035,43.3,C7X1.5SY
302,14.926,44.133,C12X1.5SY
302,14.926,44.966,C20X1.5SY
302,18.727,1.2970000000000002,CONDUCTOR 2.50 MM2
302,32.596,4.058,C3X2.5SY
302,32.596,4.891,C4X2.5SY
302,32.596,5.724,C5X2.5SY
302,32.596,6.557,C7X2.5SY
302,32.596,7.391,C9X2.5SY
302,32.486,8.224,C12X2.5SY
302,18.727,9.555,CONDUCTOR 4.00 MM2
302,32.75,12.316,C3X4SY
302,32.75,13.149,C4X4SY
302,32.75,13.982,C5X4SY
302,32.75,14.816,C7X4SY
302,32.75,15.649,C9X4SY
302,32.641,16.482,C12X4SY
302,18.727,17.814,CONDUCTOR 6.00 MM2
302,32.75,20.574,C3X6SY
302,32.75,21.407,C4X6SY
302,32.75,22.24,C5X6SY
302,32.75,23.074,C7X6SY
302,32.75,23.907,C9X6SY
302,18.727,25.238,CONDUCTOR 10.00 MM2
302,32.641,27.999,C3X10SY
302,32.641,28.832,C4X10SY
302,32.641,29.665,C5X10SY
302,32.641,30.498,C7X10SY
302,32.641,31.332,C9X10SY
302,18.727,32.663,CONDUCTOR 16.00 MM2
302,32.641,35.423,C3X25SY
302,32.641,36.257,C4X25SY
302,32.641,37.09,C5X25SY
302,18.727,38.421,CONDUCTOR 25.00 MM2
302,32.641,41.181,C3X25SY
302,32.641,42.015,C4X25SY
302,32.641,42.848,C5X25SY
302,48.789,32.898,120 nF/km
302,48.789,34.768,0.50 mH/km
303,-36.037,13.265,CONDUCTOR 0.50 MM2
303,-22.169,16.025,C3X0.5SY
303,-22.169,16.859,C4X0.5SY
303,-22.168,17.692,C5X0.5SY
303,-22.168,18.525,C7X0.5SY
303,-22.278,19.358,C12X0.5SY
303,-22.277,20.192,C20X0.5SY
303,-36.037,21.523,CONDUCTOR 0.75 MM2
303,-22.279,24.284,C3X0.75SY
303,-22.279,25.117,C4X0.75SY
303,-22.279,25.95,C5X0.75SY
303,-22.279,26.783,C7X0.75SY
303,-22.389,27.617,C12X0.75SY
303,-22.389,28.45,C20X0.75SY
303,-36.037,29.781,CONDUCTOR 1.00 MM2
303,-22.169,32.542,C3X1.0SY
303,-22.169,33.375,C4X1.0SY
303,-22.169,34.208,C5X1.0SY
303,-22.169,35.041,C7X1.0SY
303,-22.278,35.875,C12X1.0SY
303,-22.278,36.708,C20X1.0SY
303,-36.037,38.039,CONDUCTOR 1.50 MM2
303,-22.169,40.8,C3X1.5SY
303,-22.169,41.633,C4X1.5SY
303,-22.169,42.466,C5X1.5SY
303,-22.169,43.3,C7X1.5SY
303,-22.279,44.133,C12X1.5SY
303,-22.278,44.966,C20X1.5SY
303,-18.477,1.2970000000000002,CONDUCTOR 2.50 MM2
303,-4.609,4.058,C3X2.5SY
303,-4.609,4.891,C4X2.5SY
303,-4.609,5.724,C5X2.5SY
303,-4.609,6.557,C7X2.5SY
303,-4.609,7.391,C9X2.5SY
303,-4.719,8.224,C12X2.5SY
303,-18.477,9.555,CONDUCTOR 4.00 MM2
303,-4.455,12.316,C3X4SY
303,-4.455,13.149,C4X4SY
303,-4.455,13.982,C5X4SY
303,-4.455,14.816,C7X4SY
303,-4.455,15.649,C9X4SY
303,-4.564,16.482,C12X4SY
303,-18.477,17.814,CONDUCTOR 6.00 MM2
303,-4.455,20.574,C3X6SY
303,-4.455,21.407,C4X6SY
303,-4.455,22.24,C5X6SY
303,-4.455,23.074,C7X6SY
303,-4.455,23.907,C9X6SY
303,-18.477,25.238,CONDUCTOR 10.00 MM2
303,-4.564,27.999,C3X10SY
303,-4.564,28.832,C4X10SY
303,-4.564,29.665,C5X10SY
303,-4.564,30.498,C7X10SY
303,-4.564,31.332,C9X10SY
303,-18.477,32.663,CONDUCTOR 16.00 MM2
303,-4.564,35.423,C3X25SY
303,-4.564,36.257,C4X25SY
303,-4.564,37.09,C5X25SY
303,-18.477,38.421,CONDUCTOR 25.00 MM2
303,-4.564,41.181,C3X25SY
303,-4.564,42.015,C4X25SY
303,-4.564,42.848,C5X25SY
303,11.584,32.897,120 nF/km
303,11.584,34.768,0.50 mH/km
304,1.167,11.915,CONDUCTOR 0.14 MM2
304,15.03,14.675,3C0.14YY
304,15.03,15.509,4C0.14YY
304,15.03,16.342,5C0.14YY
304,15.03,17.175,7C0.14YY
304,14.92,18.008,12C0.14YY
304,14.92,18.842,20C0.14YY
304,1.167,20.173,CONDUCTOR 0.25 MM2
304,15.03,22.934,3C0.25YY
304,15.03,23.767,4C0.25YY
304,15.03,24.6,5C0.25YY
304,15.03,25.433,7C0.25YY
304,14.92,26.267,12C0.25YY
304,14.92,27.1,20C0.25YY
304,1.167,28.431,CONDUCTOR 0.34 MM2
304,15.03,31.192,3C0.34YY
304,15.03,32.025,4C0.34YY
304,15.03,32.858,5C0.34YY
304,15.03,33.691,7C0.34YY
304,14.92,34.525,12C0.34YY
304,14.92,35.358,20C0.34YY
304,1.167,36.689,CONDUCTOR 0.50 MM2
304,15.14,39.45,3C0.5YY
304,15.14,40.283,4C0.5YY
304,15.14,41.116,5C0.5YY
304,15.141,41.95,7C0.5YY
304,15.031,42.783,12C0.5YY
304,15.031,43.616,20C0.5YY
304,18.727,1.2970000000000002,CONDUCTOR 0.75 MM2
304,32.59,4.058,3C0.75YY
304,32.59,4.891,4C0.75YY
304,32.59,5.724,5C0.75YY
304,32.59,6.557,7C0.75YY
304,32.59,7.391,9C0.75YY
304,32.481,8.224,20C0.75YY
304,18.727,9.555,CONDUCTOR 1.00 MM2
304,32.7,12.316,3C1.0YY
304,32.7,13.149,4C1.0YY
304,32.7,13.982,5C1.0YY
304,32.7,14.816,7C1.0YY
304,32.7,15.649,9C1.0YY
304,32.59,16.482,20C1.0YY
304,18.727,17.814,CONDUCTOR 1.50 MM2
304,32.7,20.574,3C1.5YY
304,32.701,21.407,4C1.5YY
304,32.701,22.24,5C1.5YY
304,32.701,23.074,7C1.5YY
304,32.701,23.907,9C1.5YY
304,32.592,24.74,20C1.5YY
304,18.727,26.072,CONDUCTOR 2.50 MM2
304,32.7,28.832,3C2.5YY
304,32.701,29.665,4C2.5YY
304,32.701,30.499,5C2.5YY
304,32.701,31.332,7C2.5YY
304,32.701,32.165,9C2.5YY
304,32.591,32.998,20C2.5YY
304,48.789,35.984,120 nF/km
304,48.789,37.854,0.50 mH/km
305,-36.037,11.915,CONDUCTOR 0.14 MM2
305,-22.175,14.675,3C0.14YY
305,-22.175,15.509,4C0.14YY
305,-22.175,16.342,5C0.14YY
305,-22.175,17.175,7C0.14YY
305,-22.284,18.008,12C0.14YY
305,-22.284,18.842,20C0.14YY
305,-36.037,20.173,CONDUCTOR 0.25 MM2
305,-22.175,22.934,3C0.25YY
305,-22.175,23.767,4C0.25YY
305,-22.175,24.6,5C0.25YY
305,-22.175,25.433,7C0.25YY
305,-22.284,26.267,12C0.25YY
305,-22.284,27.1,20C0.25YY
305,-36.037,28.431,CONDUCTOR 0.34 MM2
305,-22.175,31.192,3C0.34YY
305,-22.175,32.025,4C0.34YY
305,-22.175,32.858,5C0.34YY
305,-22.175,33.691,7C0.34YY
305,-22.284,34.525,12C0.34YY
305,-22.284,35.358,20C0.34YY
305,-36.037,36.689,CONDUCTOR 0.50 MM2
305,-22.065,39.45,3C0.5YY
305,-22.065,40.283,4C0.5YY
305,-22.064,41.116,5C0.5YY
305,-22.064,41.95,7C0.5YY
305,-22.174,42.783,12C0.5YY
305,-22.173,43.616,20C0.5YY
305,-18.477,1.2970000000000002,CONDUCTOR 0.75 MM2
305,-4.614,4.058,3C0.75YY
305,-4.614,4.891,4C0.75YY
305,-4.614,5.724,5C0.75YY
305,-4.614,6.557,7C0.75YY
305,-4.614,7.391,9C0.75YY
305,-4.724,8.224,20C0.75YY
305,-18.477,9.555,CONDUCTOR 1.00 MM2
305,-4.505,12.316,3C1.0YY
305,-4.505,13.149,4C1.0YY
305,-4.505,13.982,5C1.0YY
305,-4.505,14.816,7C1.0YY
305,-4.505,15.649,9C1.0YY
305,-4.615,16.482,20C1.0YY
305,-18.477,17.814,CONDUCTOR 1.50 MM2
305,-4.505,20.574,3C1.5YY
305,-4.504,21.407,4C1.5YY
305,-4.504,22.24,5C1.5YY
305,-4.503,23.074,7C1.5YY
305,-4.503,23.907,9C1.5YY
305,-4.613,24.74,20C1.5YY
305,-18.477,26.072,CONDUCTOR 2.50 MM2
305,-4.505,28.832,3C2.5YY
305,-4.504,29.665,4C2.5YY
305,-4.504,30.499,5C2.5YY
305,-4.504,31.332,7C2.5YY
305,-4.504,32.165,9C2.5YY
305,-4.613,32.998,20C2.5YY
305,11.584,35.984,120 nF/km
305,11.584,37.854,0.50 mH/km
306,1.167,10.306,CONDUCTOR 0.14 MM2
306,14.908,13.067,3C0.14YCY
306,14.908,13.9,4C0.14YCY
306,14.908,14.733,5C0.14YCY
306,14.908,15.567,7C0.14YCY
306,14.799,16.4,12C0.14YCY
306,14.799,17.233,20C0.14YCY
306,1.167,18.564,CONDUCTOR 0.25 MM2
306,14.908,21.325,3C0.25YCY
306,14.908,22.158,4C0.25YCY
306,14.908,22.991,5C0.25YCY
306,14.908,23.825,7C0.25YCY
306,14.799,24.658,12C0.25YCY
306,14.799,25.491,20C0.25YCY
306,1.167,26.823,CONDUCTOR 0.34 MM2
306,14.908,29.583,3C0.34YCY
306,14.908,30.416,4C0.34YCY
306,14.908,31.249,5C0.34YCY
306,14.908,32.083,7C0.34YCY
306,14.799,32.916,12C0.34YCY
306,14.799,33.749,20C0.34YCY
306,1.167,35.081,CONDUCTOR 0.50 MM2
306,15.018,37.841,3C0.5YCY
306,15.019,38.674,4C0.5YCY
306,15.019,39.508,5C0.5YCY
306,15.019,40.341,7C0.5YCY
306,14.909,41.174,12C0.5YCY
306,14.91,42.007,20C0.5YCY
306,18.727,2.339,CONDUCTOR 0.75 MM2
306,32.469,5.1,3C0.75YCY
306,32.469,5.933,4C0.75YCY
306,32.469,6.766,5C0.75YCY
306,32.469,7.599,7C0.75YCY
306,32.469,8.433,9C0.75YCY
306,32.359,9.266,20C0.75YCY
306,18.727,10.597,CONDUCTOR 1.00 MM2
306,32.579,13.358,3C1.0YCY
306,32.579,14.191,4C1.0YCY
306,32.579,15.024,5C1.0YCY
306,32.58,15.857,7C1.0YCY
306,32.58,16.691,9C1.0YCY
306,32.47,17.524,20C1.0YCY
306,18.727,18.855,CONDUCTOR 1.50 MM2
306,32.579,21.616,3C1.5YCY
306,32.579,22.449,4C1.5YCY
306,32.579,23.282,5C1.5YCY
306,32.58,24.116,7C1.5YCY
306,32.58,24.949,9C1.5YCY
306,32.47,25.782,20C1.5YCY
306,18.727,27.113,CONDUCTOR 2.50 MM2
306,32.579,29.874,3C2.5YCY
306,32.579,30.707,4C2.5YCY
306,32.579,31.54,5C2.5YCY
306,32.579,32.374,7C2.5YCY
306,32.579,33.207,9C2.5YCY
306,32.47,34.04,20C2.5YCY
306,48.789,27.287,IEC 60811-404
306,48.789,32.898,80 nF/km
306,48.789,34.768,0.65 mH/km
307,-36.037,10.306,CONDUCTOR 0.14 MM2
307,-22.296,13.067,3C0.14YCY
307,-22.296,13.9,4C0.14YCY
307,-22.296,14.733,5C0.14YCY
307,-22.296,15.567,7C0.14YCY
307,-22.406,16.4,12C0.14YCY
307,-22.406,17.233,20C0.14YCY
307,-36.037,18.564,CONDUCTOR 0.25 MM2
307,-22.296,21.325,3C0.25YCY
307,-22.296,22.158,4C0.25YCY
307,-22.296,22.991,5C0.25YCY
307,-22.296,23.825,7C0.25YCY
307,-22.406,24.658,12C0.25YCY
307,-22.406,25.491,20C0.25YCY
307,-36.037,26.823,CONDUCTOR 0.34 MM2
307,-22.296,29.583,3C0.34YCY
307,-22.296,30.416,4C0.34YCY
307,-22.296,31.249,5C0.34YCY
307,-22.296,32.083,7C0.34YCY
307,-22.406,32.916,12C0.34YCY
307,-22.406,33.749,20C0.34YCY
307,-36.037,35.081,CONDUCTOR 0.50 MM2
307,-22.186,37.841,3C0.5YCY
307,-22.186,38.674,4C0.5YCY
307,-22.186,39.508,5C0.5YCY
307,-22.185,40.341,7C0.5YCY
307,-22.295,41.174,12C0.5YCY
307,-22.295,42.007,20C0.5YCY
307,-18.477,2.339,CONDUCTOR 0.75 MM2
307,-4.736,5.1,3C0.75YCY
307,-4.736,5.933,4C0.75YCY
307,-4.736,6.766,5C0.75YCY
307,-4.736,7.599,7C0.75YCY
307,-4.736,8.433,9C0.75YCY
307,-4.845,9.266,20C0.75YCY
307,-18.477,10.597,CONDUCTOR 1.00 MM2
307,-4.626,13.358,3C1.0YCY
307,-4.626,14.191,4C1.0YCY
307,-4.625,15.024,5C1.0YCY
307,-4.625,15.857,7C1.0YCY
307,-4.625,16.691,9C1.0YCY
307,-4.734,17.524,20C1.0YCY
307,-18.477,18.855,CONDUCTOR 1.50 MM2
307,-4.626,21.616,3C1.5YCY
307,-4.626,22.449,4C1.5YCY
307,-4.625,23.282,5C1.5YCY
307,-4.625,24.116,7C1.5YCY
307,-4.625,24.949,9C1.5YCY
307,-4.734,25.782,20C1.5YCY
307,-18.477,27.113,CONDUCTOR 2.50 MM2
307,-4.626,29.874,3C2.5YCY
307,-4.626,30.707,4C2.5YCY
307,-4.626,31.54,5C2.5YCY
307,-4.626,32.374,7C2.5YCY
307,-4.626,33.207,9C2.5YCY
307,-4.735,34.04,20C2.5YCY
307,11.584,27.286,IEC 60811-404
307,11.584,32.897,80 nF/km
307,11.584,34.768,0.65 mH/km
308,1.167,9.631,CONDUCTOR 0.14 MM2
308,14.963,12.392,3C0.14HH
308,14.963,13.225,4C0.14HH
308,14.963,14.058,5C0.14HH
308,14.963,14.892,7C0.14HH
308,14.853,15.725,12C0.14HH
308,14.853,16.558,20C0.14HH
308,1.167,17.889,CONDUCTOR 0.25 MM2
308,14.963,20.65,3C0.25HH
308,14.963,21.483,4C0.25HH
308,14.963,22.316,5C0.25HH
308,14.963,23.15,7C0.25HH
308,14.853,23.983,12C0.25HH
308,14.853,24.816,20C0.25HH
308,1.167,26.148,CONDUCTOR 0.34 MM2
308,14.963,28.908,3C0.34HH
308,14.963,29.741,4C0.34HH
308,14.963,30.574,5C0.34HH
308,14.963,31.408,7C0.34HH
308,14.853,32.241,12C0.34HH
308,14.853,33.074,20C0.34HH
308,1.167,34.406,CONDUCTOR 0.50 MM2
308,15.073,37.166,3C0.5HH
308,15.073,37.999,4C0.5HH
308,15.073,38.833,5C0.5HH
308,15.073,39.666,7C0.5HH
308,14.963,40.499,12C0.5HH
308,14.963,41.332,20C0.5HH
308,18.727,1.2970000000000002,CONDUCTOR 0.75 MM2
308,32.523,4.058,3C0.75HH
308,32.523,4.891,4C0.75HH
308,32.523,5.724,5C0.75HH
308,32.523,6.557,7C0.75HH
308,32.523,7.391,9C0.75HH
308,32.413,8.224,20C0.75HH
308,18.727,9.555,CONDUCTOR 1.00 MM2
308,32.633,12.316,3C1.0HH
308,32.633,13.149,4C1.0HH
308,32.633,13.982,5C1.0HH
308,32.633,14.816,7C1.0HH
308,32.633,15.649,9C1.0HH
308,32.523,16.482,20C1.0HH
308,18.727,17.814,CONDUCTOR 1.50 MM2
308,32.633,20.574,3C1.5HH
308,32.633,21.407,4C1.5HH
308,32.633,22.24,5C1.5HH
308,32.633,23.074,7C1.5HH
308,32.633,23.907,9C1.5HH
308,32.523,24.74,20C1.5HH
308,18.727,26.072,CONDUCTOR 2.50 MM2
308,32.633,28.832,3C2.5HH
308,32.633,29.665,4C2.5HH
308,32.633,30.499,5C2.5HH
308,32.633,31.332,7C2.5HH
308,32.632,32.165,9C2.5HH
308,32.523,32.998,12C2.5HH
308,48.789,30.186,IEC 60811-404
308,48.789,35.797,80 nF/km
308,48.789,37.668,0.65mH/km
309,-36.037,9.631,CONDUCTOR 0.14 MM2
309,-22.242,12.392,3C0.14HH
309,-22.242,13.225,4C0.14HH
309,-22.242,14.058,5C0.14HH
309,-22.242,14.892,7C0.14HH
309,-22.352,15.725,12C0.14HH
309,-22.352,16.558,20C0.14HH
309,-36.037,17.889,CONDUCTOR 0.25 MM2
309,-22.242,20.65,3C0.25HH
309,-22.242,21.483,4C0.25HH
309,-22.242,22.316,5C0.25HH
309,-22.242,23.15,7C0.25HH
309,-22.352,23.983,12C0.25HH
309,-22.352,24.816,20C0.25HH
309,-36.037,26.148,CONDUCTOR 0.34 MM2
309,-22.242,28.908,3C0.34HH
309,-22.242,29.741,4C0.34HH
309,-22.242,30.574,5C0.34HH
309,-22.242,31.408,7C0.34HH
309,-22.352,32.241,12C0.34HH
309,-22.352,33.074,20C0.34HH
309,-36.037,34.406,CONDUCTOR 0.50 MM2
309,-22.132,37.166,3C0.5HH
309,-22.132,37.999,4C0.5HH
309,-22.132,38.833,5C0.5HH
309,-22.132,39.666,7C0.5HH
309,-22.242,40.499,12C0.5HH
309,-22.242,41.332,20C0.5HH
309,-18.477,1.2970000000000002,CONDUCTOR 0.75 MM2
309,-4.682,4.058,3C0.75HH
309,-4.682,4.891,4C0.75HH
309,-4.682,5.724,5C0.75HH
309,-4.682,6.557,7C0.75HH
309,-4.682,7.391,9C0.75HH
309,-4.791,8.224,20C0.75HH
309,-18.477,9.555,CONDUCTOR 1.00 MM2
309,-4.572,12.316,3C1.0HH
309,-4.572,13.149,4C1.0HH
309,-4.572,13.982,5C1.0HH
309,-4.572,14.816,7C1.0HH
309,-4.572,15.649,9C1.0HH
309,-4.682,16.482,20C1.0HH
309,-18.477,17.814,CONDUCTOR 1.50 MM2
309,-4.572,20.574,3C1.5HH
309,-4.572,21.407,4C1.5HH
309,-4.572,22.24,5C1.5HH
309,-4.572,23.074,7C1.5HH
309,-4.572,23.907,9C1.5HH
309,-4.682,24.74,20C1.5HH
309,-18.477,26.072,CONDUCTOR 2.50 MM2
309,-4.572,28.832,3C2.5HH
309,-4.572,29.665,4C2.5HH
309,-4.572,30.499,5C2.5HH
309,-4.572,31.332,7C2.5HH
309,-4.572,32.165,9C2.5HH
309,-4.682,32.998,12C2.5HH
309,11.584,30.186,IEC 60811-404
309,11.584,35.797,80 nF/km
309,11.584,37.667,0.65mH/km
310,1.167,11.802,CONDUCTOR 0.14 MM2
310,14.835,14.563,3C0.14HCH
310,14.834,15.396,4C0.14HCH
310,14.834,16.229,5C0.14HCH
310,14.834,17.063,7C0.14HCH
310,14.724,17.896,12C0.14HCH
310,14.723,18.729,20C0.14HCH
310,1.167,20.061,CONDUCTOR 0.25 MM2
310,14.835,22.821,3C0.25HCH
310,14.834,23.654,4C0.25HCH
310,14.834,24.488,5C0.25HCH
310,14.834,25.321,7C0.25HCH
310,14.724,26.154,12C0.25HCH
310,14.723,26.987,20C0.25HCH
310,1.167,28.319,CONDUCTOR 0.34 MM2
310,14.835,31.079,3C0.34HCH
310,14.834,31.912,4C0.34HCH
310,14.834,32.746,5C0.34HCH
310,14.834,33.579,7C0.34HCH
310,14.724,34.412,12C0.34HCH
310,14.723,35.245,20C0.34HCH
310,1.167,36.577,CONDUCTOR 0.50 MM2
310,14.945,39.337,3C0.5HCH
310,14.945,40.171,4C0.5HCH
310,14.945,41.004,5C0.5HCH
310,14.945,41.837,7C0.5HCH
310,14.834,42.67,12C0.5HCH
310,14.834,43.504,20C0.5HCH
310,18.727,1.2970000000000002,CONDUCTOR 0.75 MM2
310,32.395,4.058,3C0.75HCH
310,32.395,4.891,4C0.75HCH
310,32.395,5.724,5C0.75HCH
310,32.394,6.557,7C0.75HCH
310,32.394,7.391,9C0.75HCH
310,32.284,8.224,20C0.75HCH
310,18.727,9.555,CONDUCTOR 1.00 MM2
310,32.505,12.316,3C1.0HCH
310,32.505,13.149,4C1.0HCH
310,32.505,13.982,5C1.0HCH
310,32.505,14.816,7C1.0HCH
310,32.505,15.649,9C1.0HCH
310,32.395,16.482,20C1.0HCH
310,18.727,17.814,CONDUCTOR 1.50 MM2
310,32.505,20.574,3C1.5HCH
310,32.505,21.407,4C1.5HCH
310,32.505,22.24,5C1.5HCH
310,32.505,23.074,7C1.5HCH
310,32.505,23.907,9C1.5HCH
310,32.395,24.74,20C1.5HCH
310,18.727,26.072,CONDUCTOR 2.50 MM2
310,32.505,28.832,3C2.5HCH
310,32.505,29.665,4C2.5HCH
310,32.505,30.499,5C2.5HCH
310,32.504,31.332,7C2.5HCH
310,32.504,32.165,9C2.5HCH
310,32.394,32.998,12C2.5HCH
311,-36.037,11.802,CONDUCTOR 0.14 MM2
311,-22.37,14.563,3C0.14HCH
311,-22.37,15.396,4C0.14HCH
311,-22.371,16.229,5C0.14HCH
311,-22.371,17.063,7C0.14HCH
311,-22.481,17.896,12C0.14HCH
311,-22.481,18.729,20C0.14HCH
311,-36.037,20.061,CONDUCTOR 0.25 MM2
311,-22.37,22.821,3C0.25HCH
311,-22.37,23.654,4C0.25HCH
311,-22.371,24.488,5C0.25HCH
311,-22.371,25.321,7C0.25HCH
311,-22.481,26.154,12C0.25HCH
311,-22.481,26.987,20C0.25HCH
311,-36.037,28.319,CONDUCTOR 0.34 MM2
311,-22.37,31.079,3C0.34HCH
311,-22.37,31.912,4C0.34HCH
311,-22.371,32.746,5C0.34HCH
311,-22.371,33.579,7C0.34HCH
311,-22.481,34.412,12C0.34HCH
311,-22.481,35.245,20C0.34HCH
311,-36.037,36.577,CONDUCTOR 0.50 MM2
311,-22.26,39.337,3C0.5HCH
311,-22.26,40.171,4C0.5HCH
311,-22.26,41.004,5C0.5HCH
311,-22.26,41.837,7C0.5HCH
311,-22.37,42.67,12C0.5HCH
311,-22.37,43.504,20C0.5HCH
311,-18.477,1.2970000000000002,CONDUCTOR 0.75 MM2
311,-4.809,4.058,3C0.75HCH
311,-4.81,4.891,4C0.75HCH
311,-4.81,5.724,5C0.75HCH
311,-4.811,6.557,7C0.75HCH
311,-4.811,7.391,9C0.75HCH
311,-4.921,8.224,20C0.75HCH
311,-18.477,9.555,CONDUCTOR 1.00 MM2
311,-4.7,12.316,3C1.0HCH
311,-4.7,13.149,4C1.0HCH
311,-4.7,13.982,5C1.0HCH
311,-4.7,14.816,7C1.0HCH
311,-4.7,15.649,9C1.0HCH
311,-4.81,16.482,20C1.0HCH
311,-18.477,17.814,CONDUCTOR 1.50 MM2
311,-4.7,20.574,3C1.5HCH
311,-4.7,21.407,4C1.5HCH
311,-4.7,22.24,5C1.5HCH
311,-4.7,23.074,7C1.5HCH
311,-4.7,23.907,9C1.5HCH
311,-4.81,24.74,20C1.5HCH
311,-18.477,26.072,CONDUCTOR 2.50 MM2
311,-4.7,28.832,3C2.5HCH
311,-4.7,29.665,4C2.5HCH
311,-4.7,30.499,5C2.5HCH
311,-4.7,31.332,7C2.5HCH
311,-4.701,32.165,9C2.5HCH
311,-4.811,32.998,12C2.5HCH
311,11.584,32.897,120 nF/km
311,11.584,34.768,0.50 mH/km
312,1.167,9.631,CONDUCTOR 0.14 MM2
312,15.048,12.392,3P0.14YY
312,15.048,13.225,4P0.14YY
312,15.048,14.058,5P0.14YY
312,15.048,14.892,7P0.14YY
312,14.939,15.725,12P0.14YY
312,14.939,16.558,20P0.14YY
312,1.167,17.889,CONDUCTOR 0.25 MM2
312,15.048,20.65,3P0.25YY
312,15.048,21.483,4P0.25YY
312,15.048,22.316,5P0.25YY
312,15.048,23.15,7P0.25YY
312,14.939,23.983,12P0.25YY
312,14.939,24.816,20P0.25YY
312,1.167,26.148,CONDUCTOR 0.34 MM2
312,15.048,28.908,3P0.34YY
312,15.048,29.741,4P0.34YY
312,15.048,30.574,5P0.34YY
312,15.048,31.408,7P0.34YY
312,14.939,32.241,12P0.34YY
312,14.939,33.074,20P0.34YY
312,1.167,34.406,CONDUCTOR 0.50 MM2
312,15.158,37.166,3P0.5YY
312,15.158,37.999,4P0.5YY
312,15.158,38.833,5P0.5YY
312,15.158,39.666,7P0.5YY
312,15.048,40.499,12P0.5YY
312,15.048,41.332,20P0.5YY
312,18.727,1.2970000000000002,CONDUCTOR 0.75 MM2
312,32.609,4.058,3P0.75YY
312,32.609,4.891,4P0.75YY
312,32.608,5.724,5P0.75YY
312,32.608,6.557,7P0.75YY
312,32.608,7.391,9P0.75YY
312,32.498,8.224,20P0.75YY
312,18.727,9.555,CONDUCTOR 1.00 MM2
312,32.718,12.316,3P1.0YY
312,32.718,13.149,4P1.0YY
312,32.718,13.982,5P1.0YY
312,32.718,14.816,7P1.0YY
312,32.718,15.649,9P1.0YY
312,32.608,16.482,20P1.0YY
312,18.727,17.814,CONDUCTOR 1.50 MM2
312,32.718,20.574,3P1.5YY
312,32.718,21.407,4P1.5YY
312,32.718,22.24,5P1.5YY
312,32.718,23.074,7P1.5YY
312,32.718,23.907,9P1.5YY
312,32.608,24.74,20P1.5YY
312,18.727,26.072,CONDUCTOR 2.50 MM2
312,32.718,28.832,3P2.5YY
312,32.718,29.665,4P2.5YY
312,32.718,30.499,5P2.5YY
312,32.718,31.332,7P2.5YY
312,32.718,32.165,9P2.5YY
312,32.608,32.998,12P2.5YY
313,-36.037,9.631,CONDUCTOR 0.14 MM2
313,-22.156,12.392,3P0.14YY
313,-22.156,13.225,4P0.14YY
313,-22.156,14.058,5P0.14YY
313,-22.156,14.892,7P0.14YY
313,-22.266,15.725,12P0.14YY
313,-22.266,16.558,20P0.14YY
313,-36.037,17.889,CONDUCTOR 0.25 MM2
313,-22.156,20.65,3P0.25YY
313,-22.156,21.483,4P0.25YY
313,-22.156,22.316,5P0.25YY
313,-22.156,23.15,7P0.25YY
313,-22.266,23.983,12P0.25YY
313,-22.266,24.816,20P0.25YY
313,-36.037,26.148,CONDUCTOR 0.34 MM2
313,-22.156,28.908,3P0.34YY
313,-22.156,29.741,4P0.34YY
313,-22.156,30.574,5P0.34YY
313,-22.156,31.408,7P0.34YY
313,-22.266,32.241,12P0.34YY
313,-22.266,33.074,20P0.34YY
313,-36.037,34.406,CONDUCTOR 0.50 MM2
313,-22.047,37.166,3P0.5YY
313,-22.047,37.999,4P0.5YY
313,-22.047,38.833,5P0.5YY
313,-22.047,39.666,7P0.5YY
313,-22.157,40.499,12P0.5YY
313,-22.157,41.332,20P0.5YY
313,-18.477,1.2970000000000002,CONDUCTOR 0.75 MM2
313,-4.596,4.058,3P0.75YY
313,-4.596,4.891,4P0.75YY
313,-4.596,5.724,5P0.75YY
313,-4.597,6.557,7P0.75YY
313,-4.597,7.391,9P0.75YY
313,-4.707,8.224,20P0.75YY
313,-18.477,9.555,CONDUCTOR 1.00 MM2
313,-4.487,12.316,3P1.0YY
313,-4.487,13.149,4P1.0YY
313,-4.487,13.982,5P1.0YY
313,-4.487,14.816,7P1.0YY
313,-4.487,15.649,9P1.0YY
313,-4.596,16.482,20P1.0YY
313,-18.477,17.814,CONDUCTOR 1.50 MM2
313,-4.487,20.574,3P1.5YY
313,-4.487,21.407,4P1.5YY
313,-4.487,22.24,5P1.5YY
313,-4.487,23.074,7P1.5YY
313,-4.487,23.907,9P1.5YY
313,-4.596,24.74,20P1.5YY
313,-18.477,26.072,CONDUCTOR 2.50 MM2
313,-4.487,28.832,3P2.5YY
313,-4.487,29.665,4P2.5YY
313,-4.487,30.499,5P2.5YY
313,-4.487,31.332,7P2.5YY
313,-4.487,32.165,9P2.5YY
313,-4.596,32.998,12P2.5YY
313,11.584,35.797,120 nF/km
313,11.584,37.667,0.50 mH/km
314,1.167,11.802,CONDUCTOR 0.14 MM2
314,14.927,14.563,3P0.14YCY
314,14.927,15.396,4P0.14YCY
314,14.927,16.229,5P0.14YCY
314,14.927,17.063,7P0.14YCY
314,14.817,17.896,12P0.14YCY
314,14.817,18.729,20P0.14YCY
314,1.167,20.061,CONDUCTOR 0.25 MM2
314,14.927,22.821,3P0.25YCY
314,14.927,23.654,4P0.25YCY
314,14.927,24.488,5P0.25YCY
314,14.927,25.321,7P0.25YCY
314,14.817,26.154,12P0.25YCY
314,14.817,26.987,20P0.25YCY
314,1.167,28.319,CONDUCTOR 0.34 MM2
314,14.927,31.079,3P0.34YCY
314,14.927,31.912,4P0.34YCY
314,14.927,32.746,5P0.34YCY
314,14.927,33.579,7P0.34YCY
314,14.817,34.412,12P0.34YCY
314,14.817,35.245,20P0.34YCY
314,1.167,36.577,CONDUCTOR 0.50 MM2
314,15.036,39.337,3P0.5YCY
314,15.036,40.171,4P0.5YCY
314,15.036,41.004,5P0.5YCY
314,15.036,41.837,7P0.5YCY
314,14.926,42.67,12P0.5YCY
314,14.926,43.504,20P0.5YCY
314,18.727,1.2970000000000002,CONDUCTOR 0.75 MM2
314,32.487,4.058,3P0.75YCY
314,32.487,4.891,4P0.75YCY
314,32.487,5.724,5P0.75YCY
314,32.486,6.557,7P0.75YCY
314,32.486,7.391,9P0.75YCY
314,32.377,8.224,20P0.75YCY
314,18.727,9.555,CONDUCTOR 1.00 MM2
314,32.597,12.316,3P1.0YCY
314,32.597,13.149,4P1.0YCY
314,32.597,13.982,5P1.0YCY
314,32.597,14.816,7P1.0YCY
314,32.597,15.649,9P1.0YCY
314,32.487,16.482,20P1.0YCY
314,18.727,17.814,CONDUCTOR 1.50 MM2
314,32.597,20.574,3P1.5YCY
314,32.597,21.407,4P1.5YCY
314,32.597,22.24,5P1.5YCY
314,32.597,23.074,7P1.5YCY
314,32.597,23.907,9P1.5YCY
314,32.487,24.74,20P1.5YCY
314,18.727,26.072,CONDUCTOR 2.50 MM2
314,32.597,28.832,3P2.5YCY
314,32.597,29.665,4P2.5YCY
314,32.597,30.499,5P2.5YCY
314,32.597,31.332,7P2.5YCY
314,32.597,32.165,9P2.5YCY
314,32.487,32.998,12P2.5YCY
315,-36.037,11.802,CONDUCTOR 0.14 MM2
315,-22.278,14.563,3P0.14YCY
315,-22.278,15.396,4P0.14YCY
315,-22.278,16.229,5P0.14YCY
315,-22.278,17.063,7P0.14YCY
315,-22.387,17.896,12P0.14YCY
315,-22.387,18.729,20P0.14YCY
315,-36.037,20.061,CONDUCTOR 0.25 MM2
315,-22.278,22.821,3P0.25YCY
315,-22.278,23.654,4P0.25YCY
315,-22.278,24.488,5P0.25YCY
315,-22.278,25.321,7P0.25YCY
315,-22.387,26.154,12P0.25YCY
315,-22.387,26.987,20P0.25YCY
315,-36.037,28.319,CONDUCTOR 0.34 MM2
315,-22.278,31.079,3P0.34YCY
315,-22.278,31.912,4P0.34YCY
315,-22.278,32.746,5P0.34YCY
315,-22.278,33.579,7P0.34YCY
315,-22.387,34.412,12P0.34YCY
315,-22.387,35.245,20P0.34YCY
315,-36.037,36.577,CONDUCTOR 0.50 MM2
315,-22.168,39.337,3P0.5YCY
315,-22.168,40.171,4P0.5YCY
315,-22.168,41.004,5P0.5YCY
315,-22.168,41.837,7P0.5YCY
315,-22.278,42.67,12P0.5YCY
315,-22.278,43.504,20P0.5YCY
315,-18.477,1.2970000000000002,CONDUCTOR 0.75 MM2
315,-4.718,4.058,3P0.75YCY
315,-4.718,4.891,4P0.75YCY
315,-4.718,5.724,5P0.75YCY
315,-4.718,6.557,7P0.75YCY
315,-4.719,7.391,9P0.75YCY
315,-4.828,8.224,20P0.75YCY
315,-18.477,9.555,CONDUCTOR 1.00 MM2
315,-4.608,12.316,3P1.0YCY
315,-4.608,13.149,4P1.0YCY
315,-4.608,13.982,5P1.0YCY
315,-4.608,14.816,7P1.0YCY
315,-4.608,15.649,9P1.0YCY
315,-4.718,16.482,20P1.0YCY
315,-18.477,17.814,CONDUCTOR 1.50 MM2
315,-4.608,20.574,3P1.5YCY
315,-4.608,21.407,4P1.5YCY
315,-4.608,22.24,5P1.5YCY
315,-4.608,23.074,7P1.5YCY
315,-4.608,23.907,9P1.5YCY
315,-4.718,24.74,20P1.5YCY
315,-18.477,26.072,CONDUCTOR 2.50 MM2
315,-4.608,28.832,3P2.5YCY
315,-4.608,29.665,4P2.5YCY
315,-4.608,30.499,5P2.5YCY
315,-4.608,31.332,7P2.5YCY
315,-4.608,32.165,9P2.5YCY
315,-4.718,32.998,12P2.5YCY
315,11.584,27.642,IEC 60811-404
315,11.584,33.253,80 nF/km
315,11.584,35.124,0.65 mH/km
316,1.167,11.127,CONDUCTOR 0.14 MM2
316,14.981,13.888,3P0.14HH
316,14.981,14.721,4P0.14HH
316,14.981,15.553999999999998,5P0.14HH
316,14.981,16.388,7P0.14HH
316,14.871,17.221,12P0.14HH
316,14.871,18.054,20P0.14HH
316,1.167,19.386,CONDUCTOR 0.25 MM2
316,14.981,22.146,3P0.25HH
316,14.981,22.979,4P0.25HH
316,14.981,23.813,5P0.25HH
316,14.981,24.646,7P0.25HH
316,14.871,25.479,12P0.25HH
316,14.871,26.312,20P0.25HH
316,1.167,27.644,CONDUCTOR 0.34 MM2
316,14.981,30.404,3P0.34HH
316,14.981,31.237,4P0.34HH
316,14.981,32.071,5P0.34HH
316,14.981,32.904,7P0.34HH
316,14.871,33.737,12P0.34HH
316,14.871,34.57,20P0.34HH
316,1.167,35.902,CONDUCTOR 0.50 MM2
316,15.091,38.662,3P0.5HH
316,15.09,39.496,4P0.5HH
316,15.09,40.329,5P0.5HH
316,15.089,41.162,7P0.5HH
316,14.98,41.995,12P0.5HH
316,14.979,42.829,20P0.5HH
316,18.727,1.2970000000000002,CONDUCTOR 0.75 MM2
316,32.542,4.058,3P0.75HH
316,32.542,4.891,4P0.75HH
316,32.541,5.724,5P0.75HH
316,32.541,6.557,7P0.75HH
316,32.54,7.391,9P0.75HH
316,32.431,8.224,12P0.75HH
316,18.727,9.555,CONDUCTOR 1.00 MM2
316,32.651,12.316,3P1.0HH
316,32.651,13.149,4P1.0HH
316,32.65,13.982,5P1.0HH
316,32.65,14.816,7P1.0HH
316,32.65,15.649,9P1.0HH
316,32.54,16.482,12P1.0HH
316,18.727,17.814,CONDUCTOR 1.50 MM2
316,32.651,20.574,3P1.5HH
316,32.651,21.407,4P1.5HH
316,32.65,22.24,5P1.5HH
316,32.65,23.074,7P1.5HH
316,18.727,24.405,CONDUCTOR 2.50 MM2
316,32.651,27.165,3P2.5HH
316,32.651,27.999,4P2.5HH
316,32.65,28.832,5P2.5HH
316,32.65,29.665,7P2.5HH
317,-36.037,11.127,CONDUCTOR 0.14 MM2
317,-22.224,13.888,3P0.14HH
317,-22.224,14.721,4P0.14HH
317,-22.224,15.553999999999998,5P0.14HH
317,-22.224,16.388,7P0.14HH
317,-22.334,17.221,12P0.14HH
317,-22.334,18.054,20P0.14HH
317,-36.037,19.386,CONDUCTOR 0.25 MM2
317,-22.224,22.146,3P0.25HH
317,-22.224,22.979,4P0.25HH
317,-22.224,23.813,5P0.25HH
317,-22.224,24.646,7P0.25HH
317,-22.333,25.479,12P0.25HH
317,-22.333,26.312,20P0.25HH
317,-36.037,27.644,CONDUCTOR 0.34 MM2
317,-22.224,30.404,3P0.34HH
317,-22.224,31.237,4P0.34HH
317,-22.224,32.071,5P0.34HH
317,-22.224,32.904,7P0.34HH
317,-22.333,33.737,12P0.34HH
317,-22.333,34.57,20P0.34HH
317,-36.037,35.902,CONDUCTOR 0.50 MM2
317,-22.114,38.662,3P0.5HH
317,-22.114,39.496,4P0.5HH
317,-22.115,40.329,5P0.5HH
317,-22.115,41.162,7P0.5HH
317,-22.225,41.995,12P0.5HH
317,-22.225,42.829,20P0.5HH
317,-18.477,1.2970000000000002,CONDUCTOR 0.75 MM2
317,-4.663,4.058,3P0.75HH
317,-4.663,4.891,4P0.75HH
317,-4.664,5.724,5P0.75HH
317,-4.664,6.557,7P0.75HH
317,-4.664,7.391,9P0.75HH
317,-4.774,8.224,12P0.75HH
317,-18.477,9.555,CONDUCTOR 1.00 MM2
317,-4.554,12.316,3P1.0HH
317,-4.554,13.149,4P1.0HH
317,-4.554,13.982,5P1.0HH
317,-4.555,14.816,7P1.0HH
317,-4.555,15.649,9P1.0HH
317,-4.665,16.482,12P1.0HH
317,-18.477,17.814,CONDUCTOR 1.50 MM2
317,-4.554,20.574,3P1.5HH
317,-4.554,21.407,4P1.5HH
317,-4.554,22.24,5P1.5HH
317,-4.555,23.074,7P1.5HH
317,-18.477,24.405,CONDUCTOR 2.50 MM2
317,-4.554,27.165,3P2.5HH
317,-4.554,27.999,4P2.5HH
317,-4.554,28.832,5P2.5HH
317,-4.555,29.665,7P2.5HH
318,19.886,39.231,6 - 70
318,21.61,39.231,6 - 70
318,23.333,39.231,6 - 70
318,24.92,40.117,15 - 22
318,26.644,40.117,15 - 22
318,28.367,40.117,30 - 44
318,30.091,40.117,30 - 44
318,31.814,40.117,50 - 75
318,33.538,40.117,50 - 75
318,21.315,43.66,IEC 60204.1
319,12.422,14.635,16 / -
319,15.027,14.635,25 / -
319,17.633,14.635,40 / -
319,20.238,14.635,63 / -
319,22.843,14.635,80 / -
319,25.312,14.635,100 / -
319,27.917,14.635,125 / -
319,30.522,14.635,160 / -
319,33.128,14.635,250 / -
319,12.373,15.521,16 / 3
319,14.978,15.521,25 / 3
319,17.584,15.521,40 / 3
319,20.189,15.521,63 / 3
319,22.794,15.521,80 / 3
319,25.263,15.521,100 / 3
319,27.868,15.521,125 / 3
319,30.473,15.521,160 / 3
319,33.079,15.521,250 / 3
319,12.373,16.407,16 / 3
319,14.978,16.407,25 / 3
319,17.584,16.407,40 / 3
319,20.189,16.407,63 / 3
319,22.794,16.407,80 / 3
319,25.263,16.407,100 / 3
319,27.868,16.407,125 / 3
319,30.473,16.407,160 / 3
319,33.079,16.407,250 / 3
319,12.373,17.293,16 / 3
319,14.978,17.293,25 / 3
319,17.584,17.293,40 / 3
319,20.189,17.293,63 / 3
319,22.794,17.293,80 / 3
319,25.263,17.293,100 / 3
319,27.868,17.293,125 / 3
319,30.473,17.293,160 / 3
319,33.079,17.293,250 / 3
319,12.373,18.178,16 / 3
319,14.978,18.178,25 / 4
319,17.584,18.178,40 / 4
319,20.189,18.178,63 / 4
319,22.794,18.178,80 / 4
319,25.263,18.178,100 / 4
319,27.868,18.178,125 / 4
319,30.473,18.178,160 / 4
319,33.079,18.178,250 / 4
319,12.422,19.064,16 / -
319,15.027,19.064,25 / -
319,17.633,19.064,40 / -
319,20.238,19.064,63 / -
319,22.843,19.064,80 / -
319,25.312,19.064,100 / -
319,27.917,19.064,125 / -
319,30.522,19.064,160 / -
319,33.128,19.064,250 / -
319,12.373,19.95,16 / 3
319,14.978,19.95,25 / 3
319,17.584,19.95,40 / 3
319,20.189,19.95,63 / 3
319,22.794,19.95,80 / 3
319,25.263,19.95,100 / 3
319,27.868,19.95,125 / 3
319,30.473,19.95,160 / 3
319,33.079,19.95,250 / 3
319,12.373,20.836,16 / 3
319,14.978,20.836,25 / 3
319,17.584,20.836,40 / 3
319,20.189,20.836,63 / 3
319,22.794,20.836,80 / 3
319,25.263,20.836,100 / 3
319,27.868,20.836,125 / 3
319,30.473,20.836,160 / 3
319,33.079,20.836,250 / 3
319,12.373,21.722,16 / 3
319,14.978,21.722,25 / 3
319,17.584,21.722,40 / 3
319,20.189,21.722,63 / 3
319,22.794,21.722,80 / 3
319,25.263,21.722,100 / 3
319,27.868,21.722,125 / 3
319,30.473,21.722,160 / 3
319,33.079,21.722,250 / 3
319,14.979,22.608,10 / 4
319,17.584,22.608,16 / 4
319,20.189,22.608,25 / 4
319,22.795,22.608,32 / 4
319,25.4,22.608,50 / 4
319,28.005,22.608,50 / 4
319,30.61,22.608,63 / 4
319,33.079,22.608,125 / 3
319,12.373,23.493,16 / 3
319,14.978,23.493,25 / 3
319,17.584,23.493,40 / 3
319,20.189,23.493,63 / 3
319,22.794,23.493,80 / 3
319,25.263,23.493,100 / 3
319,27.868,23.493,125 / 3
319,30.473,23.493,160 / 3
319,33.079,23.493,250 / 3
319,12.373,24.379,16 / 3
319,14.978,24.379,25 / 3
319,17.584,24.379,40 / 3
319,20.189,24.379,63 / 3
319,22.794,24.379,80 / 3
319,25.263,24.379,100 / 3
319,27.868,24.379,125 / 3
319,30.473,24.379,160 / 3
319,33.079,24.379,250 / 3
319,12.373,25.265,10 / 3
319,14.978,25.265,16 / 3
319,17.584,25.265,20 / 3
319,20.128,25.265,32 /  3
319,22.795,25.265,40 / 3
319,25.4,25.265,80 / 3
319,27.868,25.265,100 / 3
319,30.474,25.265,125 / 3
319,33.079,25.265,160 / 3
319,12.373,27.037,64 / 3
319,14.841,27.037,100 / 3
319,17.447,27.037,160 / 3
319,20.052,27.037,252 / 3
319,22.657,27.037,320 / 3
319,25.263,27.037,400 / 3
319,27.868,27.037,500 / 3
319,30.473,27.037,640 / 3
319,32.942,27.037,1000 / 3
319,12.373,27.923,64 / 3
319,14.841,27.923,100 / 3
319,17.447,27.923,160 / 3
319,20.052,27.923,252 / 3
319,22.657,27.923,320 / 3
319,25.263,27.923,400 / 3
319,27.868,27.923,500 / 3
319,30.473,27.923,640 / 3
319,32.942,27.923,1000 / 3
319,12.373,28.808,40 / 3
319,14.978,28.808,64 / 3
319,17.584,28.808,80 / 3
319,20.052,28.808,128 / 3
319,22.657,28.808,160 / 3
319,25.263,28.808,320 / 3
319,27.868,28.808,400 / 3
319,30.473,28.808,500 / 3
319,33.079,28.808,640 / 3
319,25.419,33.495,6 - 70
319,28.024,33.495,6 - 70
319,30.629,33.495,6 - 70
319,33.098,34.38,15 - 22
320,1.822,21.093,KEM116 M2 ABS
320,6.052,21.093,KEM116YR M2 ABS
320,1.822,21.979,KEM125 M2 ABS
320,6.051,21.979,KEM125YR M2 ABS
320,1.821,22.865,KEM140 M2 ABS
320,6.051,22.865,KEM140YR M2 ABS
320,1.821,23.751,KEM163 M3 ABS
320,6.05,23.751,KEM163YR M3 ABS
320,1.82,24.637,KEM180 M3 ABS
320,6.05,24.637,KEM180YR M3 ABS
320,53.846,36.344,M3 Enclosure
321,16.642,36.344,M3 Enclosure
322,2.476,14.848,KEM316 M2
322,6.925,14.848,KEM316YR M2
322,2.476,15.579999999999998,KEM325 M2
322,6.925,15.579999999999998,KEM325YR M2
322,2.475,16.311,KEM325 M3
322,6.924,16.311,KEM325YR M3
322,2.474,17.043,KEM340 M2
322,6.923,17.043,KEM340YR M2
322,2.473,17.775,KEM340 M3
322,6.922,17.775,KEM340YR M3
322,2.472,18.506,KEM363 M3
322,6.921,18.506,KEM363YR M3
322,2.471,19.242,KEM380 M3
322,6.92,19.242,KEM380YR M3
322,2.334,19.977,KEM3100 M4
322,6.782,19.977,KEM3100YR M4
322,31.502,21.413,1.V160KU
322,31.441,23.101,2.V160KU
322,2.333,20.709,KEM3125 M4
322,6.782,20.709,KEM3125YR M4
322,2.062,21.441,KEM3160 MF11
322,6.511,21.441,KEM3160YR MF11
322,2.062,22.172,KEM3200 MF03
322,6.511,22.172,KEM3200YR MF03
322,2.061,22.904,KEM3250 MF03
322,6.51,22.904,KEM3250YR MF03
322,2.06,24.368,KEM3400 MF03
322,6.509,24.368,KEM3400YR MF03
322,2.06,25.099,KEM3630 MF04
322,6.509,25.099,KEM3630YR MF04
322,2.476,30.345,KEM416 M2
322,6.925,30.345,KEM416YR M2
322,2.476,31.076,KEM425 M2
322,6.925,31.076,KEM425YR M2
322,2.475,31.808,KEM425 M3
322,6.924,31.808,KEM425YR M3
322,2.474,32.54,KEM440 M2
322,6.923,32.54,KEM440YR M2
322,2.473,33.272,KEM440 M3
322,6.922,33.272,KEM440YR M3
322,2.472,34.003,KEM463 M3
322,6.921,34.003,KEM463YR M3
322,2.471,34.739,KEM480 M3
322,6.92,34.739,KEM480YR M3
322,2.334,35.474,KEM4100 M4
322,6.783,35.474,KEM4100YR M4
322,31.549,36.91,1.V160KU
322,31.488,38.598,2.V160KU
322,2.334,36.206,KEM4125 M4
322,6.782,36.206,KEM4125YR M4
322,2.062,36.938,KEM4160 MF11
322,6.511,36.938,KEM4160YR MF11
322,2.062,37.669,KEM4200 MF03
322,6.511,37.669,KEM4200YR MF03
322,2.061,38.401,KEM4250 MF03
322,6.51,38.401,KEM4250YR MF03
322,2.06,39.865,KEM4400 MF03
322,6.509,39.865,KEM4400YR MF03
322,2.059,40.596,KEM4630 MF04
322,6.508,40.596,KEM4630YR MF04
323,2.881,14.323,KEM616 M3
323,7.933999999999999,14.323,KEM616YR M3
323,2.881,15.055,KEM625 M3
323,7.933,15.055,KEM625YR M3
323,2.88,15.786,KEM640 M3
323,7.932,15.786,KEM640YR M3
323,2.879,16.518,KEM663 M3
323,7.930999999999999,16.518,KEM663YR M3
323,2.878,17.249,KEM680 M3
323,7.93,17.249,KEM680YR M3
323,2.469,17.981,KEM6100 MF11
323,7.522,17.981,KEM6100YR MF11
323,30.764,18.435,1V160KU
323,30.764,18.998,2V160KU
323,2.469,18.716,KEM6125 MF11
323,7.521,18.716,KEM6125YR MF11
323,2.468,19.452,KEM6160 MF11
323,7.521,19.452,KEM6160YR MF11
323,2.881,24.023,KEM816 M3
323,7.933999999999999,24.023,KEM816YR M3
323,2.881,24.755,KEM825 M3
323,7.933,24.755,KEM825YR M3
323,2.88,25.486,KEM840 M3
323,7.932,25.486,KEM840YR M3
323,2.879,26.218,KEM863 M3
323,7.930999999999999,26.218,KEM863YR M3
323,2.878,26.949,KEM880 M3
323,7.93,26.949,KEM880YR M3
323,2.469,27.681,KEM8100 MF11
323,7.522,27.681,KEM8100YR MF11
323,30.764,28.135,1V160KU
323,30.764,28.698,2V160KU
323,2.469,28.417,KEM8125 MF11
323,7.521,28.417,KEM8125YR MF11
323,2.468,29.152,KEM8160 MF11
323,7.521,29.152,KEM8160YR MF11
324,16.713,41.756,A2 Enclosure
325,2.775,9.484,KEA316 A2
325,7.365,9.484,KEA316YR A2
325,2.775,10.216,KEA316 A4
325,7.366,10.216,KEA316YR A4
325,2.776,10.948,KEA325 A2
325,7.366,10.948,KEA325YR A2
325,2.776,11.679,KEA325 A4
325,7.366,11.679,KEA325YR A4
325,2.776,12.411,KEA340 A2
325,7.366,12.411,KEA340YR A2
325,2.776,13.143,KEA340 A4
325,7.366,13.143,KEA340YR A4
325,2.776,13.874,KEA363 A4
325,7.366,13.874,KEA363YR A4
325,2.775,14.606,KEA380 A4
325,7.366,14.606,KEA380YR A4
325,2.637,15.337,KEA3125 A4
325,7.228,15.337,KEA3125YR A4
325,31.42,15.957,1.V160KU
325,31.082,17.082,or  2.V160KU
325,2.637,16.069,KEA3160 A4
325,7.228,16.069,KEA3160YR A4
325,2.638,16.801,KEA3200 A6
325,7.228,16.801,KEA3200YR A6
325,2.637,18.264,KEA3250 A6
325,7.228,18.264,KEA3250YR A6
325,2.775,20.924,KEA416 A2
325,7.365,20.924,KEA416YR A2
325,2.775,21.656,KEA416 A4
325,7.366,21.656,KEA416YR A4
325,2.776,22.388,KEA425 A2
325,7.366,22.388,KEA425YR A2
325,2.776,23.119,KEA425 A4
325,7.366,23.119,KEA425YR A4
325,2.776,23.851,KEA440 A2
325,7.366,23.851,KEA440YR A2
325,2.776,24.583,KEA440 A4
325,7.366,24.583,KEA440YR A4
325,2.776,25.314,KEA463 A4
325,7.366,25.314,KEA463YR A4
325,2.775,26.046,KEA480 A4
325,7.366,26.046,KEA480YR A4
325,2.637,26.777,KEA4125 A4
325,7.228,26.777,KEA4125YR A4
325,31.42,27.116,1.V160KU
325,31.359,28.803,2.V160KU
325,2.637,27.509,KEA4160 A4
325,7.228,27.509,KEA4160YR A4
325,2.638,28.241,KEA4200 A6
325,7.228,28.241,KEA4200YR A6
325,2.637,29.704,KEA4250 A6
325,7.228,29.704,KEA4250YR A6
325,2.775,32.364,KEA616 A4
325,7.365,32.364,KEA616YR A4
325,2.775,33.096,KEA625 A4
325,7.365,33.096,KEA625YR A4
325,2.775,33.828,KEA640 A4
325,7.365,33.828,KEA640YR A4
325,2.775,34.559,KEA663 A4
325,7.365,34.559,KEA663YR A4
325,2.775,35.291,KEA680 A4
325,7.365,35.291,KEA680YR A4
325,2.637,36.022,KEA6125 A5
325,7.227,36.022,KEA6125YR A5
325,31.42,36.107,1.V160KU
325,31.42,36.669,2.V160KU
325,2.637,36.754,KEA6160 A5
325,7.227,36.754,KEA6160YR A5
325,2.775,39.414,KEA816 A4
325,7.365,39.414,KEA816YR A4
325,2.775,40.146,KEA825 A4
325,7.365,40.146,KEA825YR A4
325,2.775,40.878,KEA840 A4
325,7.365,40.878,KEA840YR A4
325,2.775,41.609,KEA863 A4
325,7.365,41.609,KEA863YR A4
325,2.775,42.341,KEA880 A4
325,7.365,42.341,KEA880YR A4
325,2.637,43.072,KEA8125 A5
325,7.227,43.072,KEA8125YR A5
325,31.42,43.157,1.V160KU
325,31.42,43.719,2.V160KU
325,2.637,43.804,KEA8160 A5
325,7.227,43.804,KEA8160YR A5
326,25.545,15.146,AISI 316 SS
326,25.546,15.877,AISI 316 SS
326,25.547,16.609,AISI 316 SS
326,25.548,17.341,AISI 304 SS
326,25.548,18.072,AISI 304 SS
326,25.549,18.804,AISI 304 SS
326,25.55,19.536,AISI 304 SS
326,25.55,20.268,AISI 304 SS
326,16.541,41.151,RA2 Enclosure
326,39.836,14.998,KER316 RA2
326,44.426,14.998,KER316YR RA2
326,39.836,15.73,KER325 RA2
326,44.426,15.73,KER325YR RA2
326,39.835,16.461,KER340 RA2
326,44.426,16.461,KER340YR RA2
326,39.835,17.193,KER363 RA4
326,44.425,17.193,KER363YR RA4
326,39.834,17.924,KER380 RA4
326,44.425,17.924,KER380YR RA4
326,39.697,18.656,KER3125 RA4
326,44.287,18.656,KER3125YR RA4
326,68.676,20.458,1.V160KU
326,68.676,22.145,2.V160KU
326,39.696,19.388,KER3160 RA5
326,44.287,19.388,KER3160YR RA5
326,39.856,20.119,KER3200 R6
326,44.447,20.119,KER3200YR R6
326,39.855,21.583,KER3250 R6
326,44.446,21.583,KER3250YR R6
326,39.855,22.315,KER3315 R6
326,44.393,22.315,KER3315 YR R6
326,39.854,23.046,KER3400 R6
326,44.445,23.046,KER3400YR R6
326,39.854,23.778,KER3630 R7
326,44.392,23.778,KER3630 YR R7
326,39.853,24.51,KER3800 R9
326,44.392,24.51,KER3800 YR R9
326,39.579,25.241,KER31000 R10
326,44.117,25.241,KER31000 YR R10
326,68.587,25.692,VKT1V160
326,39.579,25.973,KER31250 R10
326,44.118,25.973,KER31250 YR R10
326,39.579,26.705,KER31600 R10
326,44.118,26.705,KER31600 YR R10
326,39.836,31.950000000000003,KER416 RA2
326,44.426,31.950000000000003,KER416YR RA2
326,39.836,32.682,KER425 RA2
326,44.426,32.682,KER425YR RA2
326,39.835,33.413,KER440 RA2
326,44.426,33.413,KER440YR RA2
326,39.835,34.145,KER463 RA4
326,44.425,34.145,KER463YR RA4
326,39.834,34.876,KER480 RA4
326,44.425,34.876,KER480YR RA4
326,39.697,35.608,KER4125 RA4
326,44.287,35.608,KER4125YR RA4
326,68.676,37.41,1.V160KU
326,68.676,39.098,2.V160KU
326,39.696,36.34,KER4160 RA5
326,44.287,36.34,KER4160YR RA5
326,39.856,37.072,KER4200 R6
326,44.447,37.072,KER4200YR R6
326,39.855,38.535,KER4250 R6
326,44.446,38.535,KER4250YR R6
326,39.855,39.267,KER4315 R6
326,44.393,39.267,KER4315 YR R6
326,39.854,39.998,KER4400 R6
326,44.445,39.998,KER4400YR R6
326,39.854,40.73,KER4630 R7
326,44.392,40.73,KER4630 YR R7
326,39.853,41.462,KER4800 R9
326,44.392,41.462,KER4800 YR R9
326,39.579,42.194,KER41000 R10
326,44.117,42.194,KER41000 YR R10
326,68.587,42.644,VKT1V160
326,39.579,42.925,KER41250 R10
326,44.118,42.925,KER41250 YR R10
326,39.579,43.657,KER41600 R10
326,44.118,43.657,KER41600 YR R10
327,2.631,14.998,KER316 RA2
327,7.221,14.998,KER316YR RA2
327,2.631,15.73,KER325 RA2
327,7.221,15.73,KER325YR RA2
327,2.63,16.461,KER340 RA2
327,7.221,16.461,KER340YR RA2
327,2.63,17.193,KER363 RA4
327,7.22,17.193,KER363YR RA4
327,2.629,17.924,KER380 RA4
327,7.22,17.924,KER380YR RA4
327,2.492,18.656,KER3125 RA4
327,7.083,18.656,KER3125YR RA4
327,31.472,20.458,1.V160KU
327,31.472,22.145,2.V160KU
327,2.492,19.388,KER3160 RA5
327,7.082,19.388,KER3160YR RA5
327,2.651,20.119,KER3200 R6
327,7.242,20.119,KER3200YR R6
327,2.65,21.583,KER3250 R6
327,7.241,21.583,KER3250YR R6
327,2.65,22.315,KER3315 R6
327,7.188,22.315,KER3315 YR R6
327,2.65,23.046,KER3400 R6
327,7.24,23.046,KER3400YR R6
327,2.649,23.778,KER3630 R7
327,7.188,23.778,KER3630 YR R7
327,2.649,24.51,KER3800 R9
327,7.187,24.51,KER3800 YR R9
327,2.374,25.241,KER31000 R10
327,6.912,25.241,KER31000 YR R10
327,31.382,25.692,VKT1V160
327,2.374,25.973,KER31250 R10
327,6.913,25.973,KER31250 YR R10
327,2.374,26.705,KER31600 R10
327,6.913,26.705,KER31600 YR R10
327,2.631,31.950000000000003,KER416 RA2
327,7.221,31.950000000000003,KER416YR RA2
327,2.631,32.682,KER425 RA2
327,7.221,32.682,KER425YR RA2
327,2.63,33.413,KER440 RA2
327,7.221,33.413,KER440YR RA2
327,2.63,34.145,KER463 RA4
327,7.22,34.145,KER463YR RA4
327,2.629,34.876,KER480 RA4
327,7.22,34.876,KER480YR RA4
327,2.492,35.608,KER4125 RA4
327,7.083,35.608,KER4125YR RA4
327,31.472,37.41,1.V160KU
327,31.472,39.098,2.V160KU
327,2.492,36.34,KER4160 RA5
327,7.082,36.34,KER4160YR RA5
327,2.651,37.072,KER4200 R6
327,7.242,37.072,KER4200YR R6
327,2.65,38.535,KER4250 R6
327,7.241,38.535,KER4250YR R6
327,2.65,39.267,KER4315 R6
327,7.188,39.267,KER4315 YR R6
327,2.65,39.998,KER4400 R6
327,7.24,39.998,KER4400YR R6
327,2.649,40.73,KER4630 R7
327,7.188,40.73,KER4630 YR R7
327,2.649,41.462,KER4800 R9
327,7.187,41.462,KER4800 YR R9
327,2.374,42.194,KER41000 R10
327,6.912,42.194,KER41000 YR R10
327,31.382,42.644,VKT1V160
327,2.374,42.925,KER41250 R10
327,6.913,42.925,KER41250 YR R10
327,2.374,43.657,KER41600 R10
327,6.913,43.657,KER41600 YR R10
328,2.631,14.998,KER616 RA4
328,7.221,14.998,KER616YR RA4
328,2.631,15.73,KER625 RA4
328,7.221,15.73,KER625YR RA4
328,2.63,16.461,KER640 RA4
328,7.221,16.461,KER640YR RA4
328,2.63,17.193,KER663 RA4
328,7.22,17.193,KER663YR RA4
328,2.629,17.924,KER680 RA4
328,7.22,17.924,KER680YR RA4
328,2.492,18.656,KER6125 RA5
328,7.083,18.656,KER6125YR RA5
328,31.472,19.36,1.V160KU
328,31.472,21.047,2.V160KU
328,2.492,19.388,KER6160 RA5
328,7.082,19.388,KER6160YR RA5
328,2.651,20.119,KER6200 R7
328,7.19,20.119,KER6200 YR R7
328,2.651,20.851,KER6250 R7
328,7.189,20.851,KER6250 YR R7
328,2.65,21.583,KER6315 R8
328,7.189,21.583,KER6315 YR R8
328,2.65,22.315,KER6400 R8
328,7.188,22.315,KER6400 YR R8
328,2.631,26.885,KER816 RA4
328,7.221,26.885,KER816YR RA4
328,2.631,27.617,KER825 RA4
328,7.221,27.617,KER825YR RA4
328,2.63,28.348,KER840 RA4
328,7.221,28.348,KER840YR RA4
328,2.63,29.08,KER863 RA4
328,7.22,29.08,KER863YR RA4
328,2.629,29.811,KER880 RA4
328,7.22,29.811,KER880YR RA4
328,2.492,30.543,KER8125 RA5
328,7.083,30.543,KER8125YR RA5
328,31.472,30.627,1.V160KU
328,31.472,31.19,2.V160KU
328,2.492,31.274,KER8160 RA5
328,7.082,31.274,KER8160YR RA5
329,25.545,15.922,AISI 316 SS
329,25.545,16.653,AISI 316 SS
329,25.545,17.385,AISI 316 SS
329,25.546,18.117,AISI 316 SS
329,25.546,18.849,AISI 316 SS
329,25.547,19.58,AISI 316 SS
330,2.898,14.656,KER316 RA2R
330,2.898,15.388000000000002,KER325 RA2R
330,2.898,16.12,KER340 RA2R
330,2.898,16.852,KER363 RA4R
330,2.898,17.583,KER380 RA4R
330,2.761,18.315,KER3125 RA5R
330,30.967,18.399,1.V160KU
330,30.967,18.961,2.V160KU
330,2.761,19.046,KER3160 RA5R
330,2.898,23.617,KER416 RA2R
330,2.898,24.349,KER425 RA2R
330,2.898,25.08,KER440 RA2R
330,2.898,25.812,KER463 RA4R
330,2.898,26.543,KER480 RA4R
330,2.761,27.275,KER4125 RA5R
330,30.967,27.359,1.V160KU
330,30.967,27.922,2.V160KU
330,2.761,28.006,KER4160 RA5R
330,2.898,32.578,KER416 RA2R
330,2.898,33.309,KER425 RA2R
330,2.898,34.041,KER440 RA2R
330,2.898,34.773,KER463 RA4R
330,2.898,35.504,KER480 RA4R
330,2.761,36.236,KER4125 RA5R
330,30.967,36.32,1.V160KU
330,30.967,36.883,2.V160KU
330,2.761,36.967,KER4160 RA5R
331,2.77,14.998,KER316 RA2RS
331,2.769,15.73,KER325 RA2RS
331,2.77,16.461,KER340 RA2RS
331,2.77,17.193,KER363 RA4RS
331,2.77,17.924,KER380 RA4RS
331,2.634,18.656,KER3125 RA5RS
331,30.969,18.74,1.V160KU
331,30.969,19.303,2.V160KU
331,2.634,19.387,KER3160 RA5RS
331,2.77,23.958,KER416 RA2RS
331,2.769,24.69,KER425 RA2RS
331,2.77,25.422,KER440 RA2RS
331,2.77,26.153,KER463 RA4RS
331,2.77,26.885,KER480 RA4RS
331,2.634,27.616,KER4125 RA5RS
331,30.969,27.705,1.V160KU
331,30.969,28.268,2.V160KU
331,2.634,28.352,KER4160 RA5RS
331,2.77,32.927,KER616 RA4RS
331,2.769,33.659,KER625 RA4RS
331,2.77,34.39,KER640 RA4RS
331,2.77,35.122,KER663 RA4RS
331,2.77,35.853,KER680 RA4RS
331,2.634,36.585,KER6125 RA5RS
331,30.969,36.669,1.V160KU
331,30.969,37.232,2.V160KU
331,2.634,37.316,KER6160 RA5RS
332,2.145,19.328,KER3160 RA6 AVS
332,6.94,19.328,KER3160YR RA6 AVS
332,30.968,20.032,1.V160KU
332,30.968,21.719,2.V160KU
332,2.145,20.059,KER3200 RA6 AVS
332,6.94,20.059,KER3200YR RA6 AVS
332,2.145,20.791,KER3250 RA6 AVS
332,6.941,20.791,KER3250YR RA6 AVS
332,2.146,21.523,KER3400 RA7 AVS
332,6.941,21.523,KER3400YR RA7 AVS
332,2.136,22.254,KER3630 RA7 BVS
332,6.931,22.254,KER3630YR RA7 BVS
332,2.158,22.986,KER3800 RA10 VS
332,6.953,22.986,KER3800YR RA10 VS
332,2.145,24.971,KER4160 RA6 AVS
332,6.94,24.971,KER4160YR RA6 AVS
332,30.968,25.675,1.V160KU
332,30.968,27.363,2.V160KU
332,2.145,25.703,KER4200 RA6 AVS
332,6.94,25.703,KER4200YR RA6 AVS
332,2.145,26.434,KER4250 RA6 AVS
332,6.941,26.434,KER4250YR RA6 AVS
332,2.146,27.166,KER4400 RA7 AVS
332,6.941,27.166,KER4400YR RA7 AVS
332,2.136,27.898,KER4630 RA7 BVS
332,6.931,27.898,KER4630YR RA7 BVS
332,2.158,28.63,KER4800 RA10 VS
332,6.953,28.63,KER4800YR RA10 VS
333,25.545,15.631,AISI 316 SS
333,25.546,16.362,AISI 316 SS
334,2.017,15.339,KER316 IP69KRA2
334,6.803,15.339,KER316 YRIP69KRA2
334,2.017,16.071,KER325 IP69KRA2
334,6.803,16.071,KER325 YRIP69KRA2
334,2.017,16.81,KER340 IP69KRA2
334,6.803,16.81,KER340 YRIP69KRA2
334,2.016,17.55,KER363 IP69KRA4
334,6.803,17.55,KER363 YRIP69KRA4
334,2.015,18.281,KER380 IP69KRA4
334,6.802,18.281,KER380 YRIP69KRA4
334,1.878,19.013,KER3100 IP69KRA4
334,6.664,19.013,KER3100 YRIP69KRA4
334,31.612,19.464,1.V160KU
334,31.612,20.026,2.V160KU
334,1.877,19.745,KER3125 IP69KRA4
334,6.664,19.745,KER3125 YRIP69KRA4
334,1.877,20.477,KER3160 IP69KRA5
334,6.663,20.477,KER3160 YRIP69KRA5
334,2.017,25.388,KER416 IP69KRA2
334,6.803,25.388,KER416 YRIP69KRA2
334,2.017,26.12,KER425 IP69KRA2
334,6.803,26.12,KER425 YRIP69KRA2
334,2.017,26.86,KER440 IP69KRA2
334,6.803,26.86,KER440 YRIP69KRA2
334,2.016,27.607,KER463 IP69KRA4
334,6.803,27.607,KER463 YRIP69KRA4
334,2.015,28.356,KER480 IP69KRA4
334,6.802,28.356,KER480 YRIP69KRA4
334,1.878,29.103,KER4100 IP69KRA4
334,6.664,29.103,KER4100 YRIP69KRA4
334,31.612,29.57,1.V160KU
334,31.612,30.132,2.V160KU
334,1.877,29.851,KER4125 IP69KRA4
334,6.664,29.851,KER4125 YRIP69KRA4
334,1.877,30.599,KER6160 IP69KRA5
334,6.663,30.599,KER4160 YRIP69KRA5
334,2.017,35.518,KER616 IP69KRA4
334,6.803,35.518,KER616 YRIP69KRA4
334,2.017,36.249,KER625 IP69KRA4
334,6.803,36.249,KER625 YRIP69KRA4
334,2.017,36.989,KER640 IP69KRA4
334,6.803,36.989,KER640 YRIP69KRA4
334,2.016,37.729,KER663 IP69KRA4
334,6.803,37.729,KER663 YRIP69KRA4
334,2.015,38.464,KER680 IP69KRA4
334,6.802,38.464,KER680 YRIP69KRA4
334,2.017,43.38,KER816 IP69KRA4
334,6.803,43.38,KER816 YRIP69KRA4
334,2.017,44.112,KER825 IP69KRA4
334,6.803,44.112,KER825 YRIP69KRA4
334,2.017,44.852,KER840 IP69KRA4
334,6.803,44.852,KER840 YRIP69KRA4
334,2.016,45.591,KER863 IP69KRA4
334,6.802,45.591,KER863 YRIP69KRA4
334,2.015,46.327,KER880 IP69KRA4
334,6.802,46.327,KER880 YRIP69KRA4
334,62.75,18.976,AISI 316 SS
334,62.75,19.708,AISI 316 SS
335,25.545,18.976,AISI 316 SS
335,25.546,19.708,AISI 316 SS
336,1.844,15.339,KER316 IP69KRA2S
336,6.861,15.339,KER316 YRIP69KRA2S
336,31.675,15.515999999999998,NO40KU
336,31.569,16.641,1NC40KU
336,1.844,16.071,KER325 IP69KRA2S
336,6.862,16.071,KER325 YRIP69KRA2S
336,1.844,16.81,KER340 IP69KRA2S
336,6.862,16.81,KER340 YRIP69KRA2S
336,1.844,17.55,KER363 IP69KRA4S
336,6.862,17.55,KER363 YRIP69KRA4S
336,1.844,18.281,KER380 IP69KRA4S
336,6.861,18.281,KER380 YRIP69KRA4S
336,1.706,19.013,KER3100 IP69KRA4S
336,6.723,19.013,KER3100 YRIP69KRA4S
336,31.569,19.464,1.V160KU
336,31.569,20.026,2.V160KU
336,1.706,19.745,KER3125 IP69KRA4S
336,6.723,19.745,KER3125 YRIP69KRA4S
336,1.706,20.477,KER3160 IP69KRA5S
336,6.723,20.477,KER3160 YRIP69KRA5S
336,1.844,25.388,KER416 IP69KRA2S
336,6.861,25.388,KER416 YRIP69KRA2S
336,31.675,25.566,NO40KU
336,31.569,26.691,1NC40KU
336,1.844,26.12,KER425 IP69KRA2S
336,6.861,26.12,KER425 YRIP69KRA2S
336,1.844,26.86,KER440 IP69KRA2S
336,6.861,26.86,KER440 YRIP69KRA2S
336,1.844,27.607,KER463 IP69KRA4S
336,6.861,27.607,KER463 YRIP69KRA4S
336,1.844,28.356,KER480 IP69KRA4S
336,6.861,28.356,KER480 YRIP69KRA4S
336,1.706,29.103,KER4100 IP69KRA4S
336,6.723,29.103,KER4100 YRIP69KRA4S
336,31.569,29.57,1.V160KU
336,31.569,30.132,2.V160KU
336,1.706,29.851,KER4125 IP69KRA4S
336,6.723,29.851,KER4125 YRIP69KRA4S
336,1.706,30.599,KER4160 IP69KRA5S
336,6.723,30.599,KER4160 YRIP69KRA5S
336,1.844,35.518,KER616 IP69KRA2S
336,6.631,35.518,KER616 YRIP69KRA2S
336,31.675,35.695,NO40KU
336,31.568,36.82,1NC40KU
336,1.844,36.249,KER625 IP69KRA2S
336,6.63,36.249,KER625 YRIP69KRA2S
336,1.843,36.989,KER640 IP69KRA2S
336,6.63,36.989,KER640 YRIP69KRA2S
336,1.843,37.729,KER663 IP69KRA4S
336,6.629,37.729,KER663 YRIP69KRA4S
336,1.842,38.464,KER680 IP69KRA4S
336,6.628,38.464,KER680 YRIP69KRA4S
336,1.844,43.38,KER816 IP69KRA2S
336,6.631,43.38,KER816 YRIP69KRA2S
336,31.675,43.557,NO40KU
336,31.568,44.682,1NC40KU
336,1.844,44.112,KER825 IP69KRA2S
336,6.63,44.112,KER825 YRIP69KRA2S
336,1.843,44.852,KER840 IP69KRA2S
336,6.63,44.852,KER840 YRIP69KRA2S
336,1.843,45.591,KER863 IP69KRA4S
336,6.629,45.591,KER863 YRIP69KRA4S
336,1.842,46.327,KER880 IP69KRA4S
336,6.628,46.327,KER880 YRIP69KRA4S
338,2.604,15.339,KET340 T3
338,7.184,15.339,KET340YR T3
338,29.906,15.339,1NO40KU or 1NC40KU
338,2.603,16.071,KET363 T3
338,7.183,16.071,KET363YR T3
338,2.603,16.81,KET380 T3
338,7.183,16.81,KET380YR T3
338,2.466,17.55,KET3100 T4
338,7.045,17.55,KET3100YR T4
338,31.355,18.705,1.V160KU
338,31.356,20.955,2.V160KU
338,2.466,18.282,KET3125 T4
338,6.993,18.282,KET3125 YR T4
338,2.465,19.014,KET3160 T5
338,6.993,19.014,KET3160 YR T5
338,2.465,19.745,KET3200 T6
338,6.993,19.745,KET3200 YR T6
338,2.465,20.477,KET3250 T6
338,6.992,20.477,KET3250 YR T6
338,2.464,21.209,KET3400 T6
338,6.992,21.209,KET3400 YR T6
338,2.464,21.94,KET3630 T7
338,6.991,21.94,KET3630 YR T7
338,2.174,22.672,KET3800 T10A
338,6.702,22.672,KET3800 YR T10A
338,1.904,23.404,KET31000T T10A
338,6.432,23.404,KET31000T YR T10A
338,31.267,23.854,VKT1V160
338,1.905,24.136,KET31250T T10A
338,6.432,24.136,KET31250T YR T10A
338,1.905,24.867,KET31600T T10A
338,6.432,24.867,KET31600T YR T10A
338,2.598,29.778,KET440 T3
338,7.016,29.778,KET440YR T3
338,29.907,29.778,1NO40KU or 1NC40KU
338,2.598,30.51,KET463 T3
338,7.016,30.51,KET463YR T3
338,2.598,31.241,KET480 T3
338,7.016,31.241,KET480YR T3
338,2.461,31.973,KET4100 T4
338,6.878,31.973,KET4100YR T4
338,31.356,33.494,1.V160KU
338,31.356,35.744,2.V160KU
338,2.461,32.705,KET4125 T4
338,6.826,32.705,KET4125 YR T4
338,2.46,33.437,KET4160 T5
338,6.825,33.437,KET4160 YR T5
338,2.46,34.168,KET4200 T6
338,6.825,34.168,KET4200 YR T6
338,2.459,34.9,KET4250 T6
338,6.824,34.9,KET4250 YR T6
338,2.459,35.632,KET4400 T6
338,6.824,35.632,KET4400 YR T6
338,2.458,36.363,KET4630 T7
338,6.823,36.363,KET4630 YR T7
338,2.169,37.095,KET4800 T10A
338,6.534,37.095,KET4800 YR T10A
338,1.898,37.827,KET41000T T10A
338,6.263,37.827,KET41000T YR T10A
338,1.898,38.559,KET41250T T10A
338,6.263,38.559,KET41250T YR T10A
338,31.265,38.643,VKT1V160
338,1.897,39.29,KET41600T T10A
338,6.262,39.29,KET41600T YR T10A
339,2.604,15.672999999999998,KET640 T3
339,7.184,15.672999999999998,KET640YR T3
339,29.906,15.672999999999998,1NO40KU or 1NC40KU
339,2.603,16.404,KET663 T3
339,7.183,16.404,KET663YR T3
339,2.603,17.144,KET680 T3
339,7.183,17.144,KET680YR T3
339,2.466,17.884,KET6100 T4
339,7.045,17.884,KET6100YR T4
339,31.355,18.588,1.V160KU
339,31.355,20.275,2.V160KU
339,2.465,18.615,KET6125 T4
339,6.993,18.615,KET6125 YR T4
339,2.465,19.347,KET6160 T5
339,6.992,19.347,KET6160 YR T5
339,2.465,20.079,KET6200 T6
339,6.992,20.079,KET6200 YR T6
339,2.464,20.811,KET6250 T6
339,6.992,20.811,KET6250 YR T6
339,2.464,21.542,KET6400 T6
339,6.991,21.542,KET6400 YR T6
339,2.598,26.454,KET840 T3
339,7.016,26.454,KET840YR T3
339,29.907,26.454,1NO40KU or 1NC40KU
339,2.598,27.185,KET863 T3
339,7.016,27.185,KET863YR T3
339,2.598,27.917,KET880 T3
339,7.016,27.917,KET880YR T3
339,2.461,28.648,KET8100 T4
339,6.878,28.648,KET8100YR T4
339,31.356,29.099,1.V160KU
339,31.356,29.661,2.V160KU
339,2.46,29.38,KET8125 T4
339,6.825,29.38,KET8125 YR T4
339,2.46,30.112,KET8160 T5
339,6.825,30.112,KET8160 YR T5
340,25.549,20.11,AISI 316 SS
340,25.549,20.841,AISI 316 SS
340,25.55,21.573,AISI 316 SS
340,2.23,43.244,IP69K rati
341,2.18,10.241,KEM316 M2 EMC
341,7.208,10.241,KEM316YR M2 EMC
341,2.18,10.972,KEM325 M2 EMC
341,7.208,10.972,KEM325YR M2 EMC
341,2.18,11.704,KEM340 M2 EMC
341,7.208,11.704,KEM340YR M2 EMC
341,2.181,12.436,KEM363 M3 EMC
341,7.209,12.436,KEM363YR M3 EMC
341,2.181,13.167,KEM380 M3 EMC
341,7.209,13.167,KEM380YR M3 EMC
341,2.045,13.899,KEM3125 M4 EMC
341,7.073,13.899,KEM3125YR M4 EMC
341,31.618,13.983,1.V160KU
341,31.618,14.546,2.V160KU
341,1.774,14.63,KEM3160 MF11 EMC
341,6.802,14.63,KEM3160YR MF11 EMC
341,2.18,16.616,KEM416 M2 EMC
341,7.208,16.616,KEM416YR M2 EMC
341,2.18,17.347,KEM425 M2 EMC
341,7.208,17.347,KEM425YR M2 EMC
341,2.18,18.079,KEM440 M2 EMC
341,7.208,18.079,KEM440YR M2 EMC
341,2.181,18.811,KEM463 M3 EMC
341,7.209,18.811,KEM463YR M3 EMC
341,2.181,19.542,KEM480 M3 EMC
341,7.209,19.542,KEM480YR M3 EMC
341,2.045,20.274,KEM4125 M4 EMC
341,7.073,20.274,KEM4125YR M4 EMC
341,31.618,20.358,1.V160KU
341,31.618,20.921,2.V160KU
341,1.774,21.005,KEM4160 MF11 EMC
341,6.802,21.005,KEM4160YR MF11 EMC
341,2.305,27.746,KEA316 A2 EMC
341,7.334,27.746,KEA316YR A2 EMC
341,2.305,28.478,KEA325 A2 EMC
341,7.334,28.478,KEA325YR A2 EMC
341,2.306,29.209,KEA340 A2 EMC
341,7.334,29.209,KEA340YR A2 EMC
341,2.306,29.941,KEA363 A4 EMC
341,7.335,29.941,KEA363YR A4 EMC
341,2.307,30.672,KEA380 A4 EMC
341,7.335,30.672,KEA380YR A4 EMC
341,2.17,31.404000000000003,KEA3125 A4 EMC
341,7.199,31.404000000000003,KEA3125YR A4 EMC
341,31.618,31.489,1.V160KU
341,31.618,32.051,2.V160KU
341,2.17,32.135,KEA3160 A4 EMC
341,7.199,32.135,KEA3160YR A4 EMC
341,2.305,34.121,KEA416 A2 EMC
341,7.334,34.121,KEA416YR A2 EMC
341,2.305,34.853,KEA425 A2 EMC
341,7.334,34.853,KEA425YR A2 EMC
341,2.306,35.585,KEA440 A2 EMC
341,7.334,35.585,KEA440YR A2 EMC
341,2.306,36.316,KEA463 A4 EMC
341,7.335,36.316,KEA463YR A4 EMC
341,2.307,37.048,KEA480 A4 EMC
341,7.335,37.048,KEA480YR A4 EMC
341,2.17,37.779,KEA4125 A4 EMC
341,7.199,37.779,KEA4125YR A4 EMC
341,31.618,37.864,1.V160KU
341,31.618,38.426,2.V160KU
341,2.17,38.51,KEA4160 A4 EMC
341,7.199,38.51,KEA4160YR A4 EMC
341,2.335,41.789,KPKM16MEMC
341,2.335,42.521,KPKM20MEMC
341,2.336,43.253,KPKM25MEMC
341,2.336,43.984,KPKM32MEMC
341,2.336,44.716,KPKM40MEMC
341,2.337,45.448,KPKM50MEMC
341,2.337,46.179,KPKM63MEMC
342,2.161,10.874,KER316 RA2 EMC
342,7.19,10.874,KER316YR RA2 EMC
342,2.161,11.605,KER325 RA2 EMC
342,7.19,11.605,KER325YR RA2 EMC
342,2.162,12.345,KER340 RA2 EMC
342,7.19,12.345,KER340YR RA2 EMC
342,2.162,13.085,KER363 RA4 EMC
342,7.191,13.085,KER363YR RA4 EMC
342,2.163,13.816,KER380 RA4 EMC
342,7.191,13.816,KER380YR RA4 EMC
342,2.026,14.548,KER3125 RA4 EMC
342,7.055,14.548,KER3125YR RA4 EMC
342,31.618,14.632,1.V160KU
342,31.618,15.195,2.V160KU
342,2.026,15.279,KER3160 RA5 EMC
342,7.055,15.279,KER3160YR RA5 EMC
342,2.161,17.265,KER416 RA2 EMC
342,7.19,17.265,KER416YR RA2 EMC
342,2.161,17.997,KER425 RA2 EMC
342,7.19,17.997,KER425YR RA2 EMC
342,2.162,18.736,KER440 RA2 EMC
342,7.19,18.736,KER440YR RA2 EMC
342,2.162,19.476,KER463 RA4 EMC
342,7.191,19.476,KER463YR RA4 EMC
342,2.163,20.207,KER480 RA4 EMC
342,7.191,20.207,KER480YR RA4 EMC
342,2.026,20.939,KER4125 RA4 EMC
342,7.055,20.939,KER4125YR RA4 EMC
342,31.618,21.023,1.V160KU
342,31.618,21.586,2.V160KU
342,2.026,21.67,KER4160 RA5 EMC
342,7.055,21.67,KER4160YR RA5 EMC
342,2.208,28.191,KET3100 T4 EMC
342,31.616,28.988,1.V160KU
342,31.616,31.238,2.V160KU
342,2.208,28.923,KET3125 T4 EMC
342,2.208,29.663,KET3160 T5 EMC
342,2.208,30.402,KET3200 T6 EMC
342,2.208,31.134,KET3250 T6 EMC
342,2.209,31.866,KET3400 T6 EMC
342,2.209,32.597,KET3630 T7 EMC
342,2.208,34.582,KET4100 T4 EMC
342,31.616,35.379,1.V160KU
342,31.616,37.629,2.V160KU
342,2.208,35.314,KET4125 T4 EMC
342,2.208,36.054,KET4160 T5 EMC
342,2.208,36.793,KET4200 T6 EMC
342,2.208,37.525,KET4250 T6 EMC
342,2.209,38.257,KET4400 T6 EMC
342,2.209,38.989,KET4630 T7 EMC
342,2.335,41.705,KPKM16MEMC
342,2.335,42.445,KPKM20MEMC
342,2.336,43.184,KPKM25MEMC
342,2.336,43.916,KPKM32MEMC
342,2.336,44.648,KPKM40MEMC
342,2.337,45.38,KPKM50MEMC
342,39.435,2.806,IP67 rated.
342,39.967,45.449,KSM225 M1
342,39.967,46.181,KSM325 M1
342,39.968,46.913,KSM425 M1
343,2.23,2.806,IP67 rated.
343,2.762,45.449,KSM225 M1
343,2.763,46.181,KSM325 M1
343,2.763,46.913,KSM425 M1
344,2.23,6.512,IP66 rati
344,2.23,7.288,IP65 rati
345,3.232,9.551,F200 3H
345,8.556,9.551,F300 2H
345,2.537,11.289,KEA316 FR A2
345,7.723,11.289,KEA316 FR3 A2
345,31.698,12.471,1 NO/NC CO
345,31.698,13.596,2 NO/NC CO
345,2.536,12.021,KEA325 FR A2
345,7.723,12.021,KEA325 FR3 A2
345,2.536,12.752,KEA340 FR A2
345,7.723,12.752,KEA340 FR3 A2
345,2.536,13.484,KEA363 FR A4
345,7.723,13.484,KEA363 FR3 A4
345,2.536,14.216,KEA380 FR A4
345,7.723,14.216,KEA380 FR3 A4
345,2.241,14.948,KEA3125C FR A5
345,32.035,15.286,1.V160KU
345,32.035,16.974,2.V160KU
345,7.429,15.678999999999998,KEA3125C FR3 A5
345,2.242,16.411,KEA3160C FR A5
345,7.429,17.143,KEA3160C FR3 A5
345,2.241,17.874,KEA3200C FR A5
345,7.428,17.874,KEA3200C FR3 A5
345,3.232,21.047,F200 3H
345,8.556,21.047,F300 2H
345,2.054,22.786,KEA316 FRLON A2
345,7.294,22.786,KEA316 FR3LONA2
345,2.054,23.517,KEA325 FRLON A2
345,7.294,23.517,KEA325 FR3LONA2
345,2.055,24.249,KEA340 FRLON A2
345,7.295,24.249,KEA340 FR3LONA2
345,2.055,24.981,KEA363 FRLON A4
345,7.295,24.981,KEA363 FR3LONA4
345,2.056,25.713,KEA380 FRLON A4
345,7.296,25.713,KEA380 FR3LONA4
345,1.876,26.444,KEA3125CFRLONA5
345,32.037,27.345,1.V160KU
345,32.037,28.47,2.V160KU
345,7.063,27.176,KEA3125CFR3LONA5
345,1.876,27.908,KEA3160CFRLONA5
345,7.063,28.64,KEA3160CFR3LONA5
345,1.876,29.371,KEA3200CFRLONA5
345,7.062,29.371,KEA3200CFR3LONA5
345,3.232,32.544,F200 3H
345,8.556,32.544,F300 2H
345,2.537,34.283,KEA416 FR A2
345,7.723,34.283,KEA416 FR3 A2
345,31.698,35.465,1 NO/NC CO
345,31.698,36.59,2 NO/NC CO
345,2.536,35.014,KEA425 FR A2
345,7.723,35.014,KEA425 FR3 A2
345,2.536,35.746,KEA440 FR A2
345,7.723,35.746,KEA440 FR3 A2
345,2.536,36.478,KEA463 FR A4
345,7.723,36.478,KEA463 FR3 A4
345,2.536,37.209,KEA480 FR A4
345,7.723,37.209,KEA480 FR3 A4
345,2.241,37.941,KEA4125C FR A5
345,32.035,38.28,1.V160KU
345,32.035,39.967,2.V160KU
345,7.429,38.673,KEA4125C FR3 A5
345,2.242,39.405,KEA4160C FR A5
345,7.429,40.136,KEA4160C FR3 A5
345,2.241,40.868,KEA4200C FR A5
345,7.428,40.868,KEA4200C FR3 A5
346,3.232,9.551,F200 3H
346,8.556,9.551,F300 2H
346,2.537,11.289,KEA616 FR A4
346,7.723,11.289,KEA616 FR3 A4
346,31.698,12.471,1 NO/NC CO
346,31.698,13.596,2 NO/NC CO
346,2.536,12.021,KEA625 FR A4
346,7.723,12.021,KEA625 FR3 A4
346,2.536,12.752,KEA640 FR A4
346,7.723,12.752,KEA640 FR3 A4
346,2.536,13.484,KEA663 FR A4
346,7.723,13.484,KEA663 FR3 A4
346,2.536,14.216,KEA680 FR A4
346,7.723,14.216,KEA680 FR3 A4
346,2.241,14.948,KEA6125C FR A6
346,32.035,15.286,1.V160KU
346,32.035,16.974,2.V160KU
346,7.429,15.678999999999998,KEA6125C FR3 A6
346,2.242,16.411,KEA6160C FR A6
346,7.429,17.143,KEA6160C FR3 A6
346,2.241,17.874,KEA6200C FR A6
346,7.428,17.874,KEA6200C FR3 A6
346,3.232,21.047,F200 3H
346,8.556,21.047,F300 2H
346,2.537,22.786,KEA816 FR A4
346,7.723,22.786,KEA816 FR3 A4
346,31.698,23.968,1 NO/NC CO
346,31.698,25.093,2 NO/NC CO
346,2.536,23.517,KEA825 FR A4
346,7.723,23.517,KEA825 FR3 A4
346,2.536,24.249,KEA840 FR A4
346,7.723,24.249,KEA840 FR3 A4
346,2.536,24.981,KEA863 FR A4
346,7.723,24.981,KEA863 FR3 A4
346,2.536,25.713,KEA880 FR A4
346,7.723,25.713,KEA880 FR3 A4
346,2.241,26.444,KEA8125C FR A6
346,32.035,26.783,1.V160KU
346,32.035,28.47,2.V160KU
346,7.429,27.176,KEA8125C FR3 A6
346,2.242,27.908,KEA8160C FR A6
346,7.429,28.64,KEA8160C FR3 A6
346,2.241,29.371,KEA8200C FR A6
346,7.428,29.371,KEA8200C FR3 A6
348,1.504,7.191,3 Pole
348,3.011,12.336,KEM325VV M3
348,9.472,12.336,KEM325VV YR M3
348,3.011,13.068,KEM340VV M3
348,9.473,13.068,KEM340VV YR M3
348,3.011,13.8,KEM363VV M3
348,9.473,13.8,KEM363VV YR M3
348,3.011,14.531,KEM380VV M3
348,9.473,14.531,KEM380VV YR M3
348,2.384,15.263000000000002,KEM3100 CVV MF11
348,2.511,15.995,KEM3125 CO MF11
348,32.753,16.079,1.V160KU
348,32.753,16.642,2.V160KU
348,2.511,16.726,KEM3160 CO MF11
348,1.504,17.956,4 Pole
348,3.011,20.175,KEM425VV M3
348,9.472,20.175,KEM425VV YR M3
348,3.011,20.906,KEM440VV M3
348,9.473,20.906,KEM440VV YR M3
348,3.011,21.638,KEM463VV M3
348,9.473,21.638,KEM463VV YR M3
348,3.011,22.37,KEM480VV M3
348,9.473,22.37,KEM480VV YR M3
348,2.655,23.101,KEM4100 CVV M4
348,2.511,23.833,KEM4125 CO MF11
348,32.753,23.917,1.V160KU
348,32.753,24.48,2.V160KU
348,2.511,24.564,KEM4160 CO MF11
348,1.504,30.103,3 Pole
348,3.136,33.785,KEA325VV A4
348,9.598,33.785,KEA325VV YR A4
348,3.136,34.517,KEA340VV A4
348,9.598,34.517,KEA340VV YR A4
348,3.137,35.248,KEA363VV A4
348,9.599,35.248,KEA363VV YR A4
348,3.137,35.98,KEA380VV A4
348,9.599,35.98,KEA380VV YR A4
348,1.504,37.21,4 Pole
348,3.136,37.965,KEA425VV A4
348,9.598,37.965,KEA425VV YR A4
348,3.136,38.697,KEA440VV A4
348,9.598,38.697,KEA440VV YR A4
348,3.137,39.428,KEA463VV A4
348,9.599,39.428,KEA463VV YR A4
348,3.137,40.16,KEA480VV A4
348,9.599,40.16,KEA480VV YR A4
349,2.23,11.345,IEC 60 947-3
350,2.23,8.983,Zone 21 Certi
350,2.935,29.279,Zone 0
350,19.262,29.279,Zone 20
350,2.935,30.573,Zone 1
350,19.263,30.573,Zone 21
350,2.935,32.148,Zone 2
350,19.263,32.148,Zone 22
351,29.569,15.439,1V160KU or 2V160KU
351,29.569,24.563,1V160KU or 2V160KU
352,2.679,24.266,KSL 10
352,2.678,24.997,KSL 12
352,2.678,25.729,KSL 20
352,2.678,26.461,KSL 22
352,2.678,27.193,KSL 25
352,2.677,27.924,KSL 28
352,2.677,28.656,KSL 55
352,2.677,29.388,KSL 65
352,2.533,30.12,KSLE 15
352,2.532,30.851,KSLE 30
352,2.531,31.583,KSLE 50
352,2.531,32.315,KSLE 70
352,2.53,33.046,KSLE 80
352,2.529,33.778,KSLE 90
352,2.392,34.51,KSLE 100
352,2.524,35.947,KSLR 10
352,2.524,36.679,KSLR 12
352,2.523,37.411,KSLR 20
352,2.523,38.142,KSLR 22
352,2.523,38.874,KSLR 25
352,2.523,39.606,KSLR 28
352,2.522,40.338,KSLR 55
352,2.522,41.069,KSLR 65
352,2.385,41.801,KSLRE 15
352,2.384,42.533,KSLRE 30
352,2.384,43.264,KSLRE 50
352,2.384,43.996,KSLRE 70
352,2.383,44.728,KSLRE 80
352,2.383,45.46,KSLRE 90
352,43.226,19.768,EPM20M2
352,65.893,19.768,2 x M20
352,43.226,20.5,EPM25M2
352,65.893,20.5,2 x M25
352,42.733,21.232,EPM25M16M3
352,42.733,21.963,EPM32M16M3
352,42.733,22.695,EPM32M16M4
352,43.227,23.427,EPM40M4
352,65.893,23.427,2 x M40
352,42.463,24.159,EPM40M16MF11
352,42.734,24.89,EPM20M16M3
353,6.021,19.768,EPM20M2
353,28.688,19.768,2 x M20
353,6.021,20.5,EPM25M2
353,28.688,20.5,2 x M25
353,5.529,21.232,EPM25M16M3
353,5.529,21.963,EPM32M16M3
353,5.529,22.695,EPM32M16M4
353,6.022,23.427,EPM40M4
353,28.689,23.427,2 x M40
353,5.258,24.159,EPM40M16MF11
353,5.529,24.89,EPM20M16M3
355,11.035,26.366,Cable size mm2
355,18.281,26.366,Cable size mm2
355,25.314,26.366,Cable size mm2
355,31.893,26.366,Cable size mm2
355,6.221,37.485,Cable size mm2
355,15.597,42.563,M8 Bolt terminal
355,15.596,43.295,M8 Bolt terminal
355,15.458,44.026,M10 Bolt terminal
355,15.458,44.758,M10 Bolt terminal
355,15.458,45.49,M12 Bolt terminal
356,13.008,3.928,AC 20B
356,13.008,4.66,AC 21B
356,13.008,5.392,AC 22B
356,13.008,6.123,AC 23B
356,12.984,6.855,DC 20B
356,12.984,7.587,DC 21B
356,12.984,8.319,DC 22B
356,12.984,9.05,DC 23B
356,46.672,3.977,KEM310 M2
356,52.327,3.977,KEM310U
356,68.489,3.977,ISO 316PG
356,46.672,4.62,KEM316 M2
356,52.328,4.62,KEM316U
356,68.49,4.62,ISO 325PG
356,46.673,5.263,KEM416 M2
356,52.328,5.263,KEM416U
356,68.49,5.263,ISO 425PG
356,46.673,5.906,KEM325 M2
356,52.329,5.906,KEM325U
356,68.491,5.906,ISO 340PG
356,46.674,6.549,KEM425 M2
356,52.329,6.549,KEM425U
356,68.491,6.549,ISO 440PG
356,46.674,7.192,KEM340 M2
356,52.33,7.192,KEM340U
356,68.492,7.192,ISO 363PG
356,46.675,7.835000000000001,KEM440 M2
356,52.33,7.835000000000001,KEM440U
356,68.492,7.835000000000001,ISO 463PG
356,46.675,8.479,KEM363 M3
356,52.331,8.479,KEM363U
356,68.493,8.479,ISO 380PG
356,46.676,9.122,KEM463 M3
356,52.331,9.122,KEM463U
356,68.493,9.122,ISO 480PG
356,46.676,9.765,KEM380 M3
356,52.332,9.765,KEM380U
356,68.356,9.765,ISO 3100PG
356,46.677,10.408,KEM480 M3
356,52.332,10.408,KEM480U
356,68.357,10.408,ISO 4100PG
356,46.54,11.051,KEM3125 M4
356,52.195,11.051,KEM3125U
356,68.357,11.051,ISO 3160PG
356,46.54,11.694,KEM4125 M4
356,52.195,11.694,KEM4125U
356,68.357,11.694,ISO 4160PG
356,46.269,12.337,KEM3160 MF01
356,52.369,12.337,KEM3160
356,68.356,12.337,ISO 3200PG
356,46.268,12.98,KEM4160 MF01
356,52.368,12.98,KEM4160
356,68.356,12.98,ISO 4200PG
356,46.11,13.624,KEM3250C MF01
356,52.21,13.624,KEM3250C
356,68.356,13.624,ISO 3250PG
356,46.11,14.267,KEM4250C MF01
356,52.21,14.267,KEM4250C
356,68.356,14.267,ISO 4250PG
356,46.268,14.91,KEM3315 MF03
356,52.368,14.91,KEM3315
356,68.355,14.91,ISO 3315PG
356,46.267,15.553,KEM3400 MF03
356,52.367,15.553,KEM3400
356,68.355,15.553,ISO 3400PG
356,46.267,16.196,KEM3630 MF04
356,52.367,16.196,KEM3630
356,68.354,16.196,ISO 3630PG
356,46.327,16.839,KEM310 YR M2
356,51.944,16.839,KEM310UY/R
356,68.397,16.839,ISO 316PYS
356,46.327,17.482,KEM316 YR M2
356,51.945,17.482,KEM316UY/R
356,68.398,17.482,ISO 325PYS
356,46.328,18.125,KEM416 YR M2
356,51.945,18.125,KEM416UY/R
356,68.398,18.125,ISO 425PYS
356,46.328,18.769,KEM325 YR M2
356,51.946,18.769,KEM325UY/R
356,68.531,18.769,ISO 340PY
356,46.328,19.412,KEM425 YR M2
356,51.946,19.412,KEM425UY/R
356,68.531,19.412,ISO 440PY
356,46.328,20.055,KEM340 YR M2
356,51.946,20.055,KEM340UY/R
356,68.531,20.055,ISO 363PY
356,46.328,20.698,KEM440 YR M2
356,51.946,20.698,KEM440UY/R
356,68.531,20.698,ISO 463PY
356,46.328,21.341,KEM363 YR M3
356,51.946,21.341,KEM363UY/R
356,68.531,21.341,ISO 380PY
356,46.328,21.984,KEM463 YR M3
356,51.946,21.984,KEM463UY/R
356,68.531,21.984,ISO 480PY
356,46.328,22.627,KEM380 YR M3
356,51.946,22.627,KEM380UY/R
356,68.394,22.627,ISO 3100PY
356,46.329,23.27,KEM480 YR M3
356,51.946,23.27,KEM480UY/R
356,68.394,23.27,ISO 4100PY
356,46.192,23.914,KEM3125 YR M4
356,51.809,23.914,KEM3125UY/R
356,68.394,23.914,ISO 3160PY
356,46.192,24.557,KEM4125 YR M4
356,51.809,24.557,KEM4125UY/R
356,68.394,24.557,ISO 4160PY
356,45.921,25.2,KEM3160 YR MF01
356,51.983,25.2,KEM3160Y/R
356,68.394,25.2,ISO 3200PY
356,45.921,25.843,KEM4160 YR MF01
356,51.983,25.843,KEM4160Y/R
356,68.394,25.843,ISO 4200PY
356,45.921,26.486,KEM3250 YR MF03
356,51.983,26.486,KEM3250Y/R
356,68.394,26.486,ISO 3250PY
356,45.921,27.129,KEM3315 YR MF03
356,51.983,27.129,KEM3315Y/R
356,68.394,27.129,ISO 3315PY
356,45.921,27.772,KEM3400 YR MF03
356,51.983,27.772,KEM3400Y/R
356,68.394,27.772,ISO 3400PY
356,45.921,28.415,KEM3630 YR MF04
356,51.983,28.415,KEM3630Y/R
356,68.394,28.415,ISO 3630PY
356,46.672,30.634,KEM325 M3
356,52.083,30.634,KEM325/U3
356,68.17,30.634,ISO 340 PGLE
356,46.672,31.366,KEM340 M3
356,52.084,31.366,KEM340/U3
356,68.171,31.366,ISO 363 PGLE
356,46.673,32.098,KEM425 M3
356,52.084,32.098,KEM425/U3
356,68.171,32.098,ISO 440 PGLE
356,46.673,32.829,KEM440 M3
356,52.085,32.829,KEM440/U3
356,68.172,32.829,ISO 463 PGLE
356,46.326,33.561,KEM325 YR M3
356,51.7,33.561,KEM325/U3Y/R
356,68.2,33.561,ISO 340 PYLE
356,46.326,34.293,KEM340 YR M3
356,51.7,34.293,KEM340/U3Y/R
356,68.2,34.293,ISO 363 PYLE
356,46.326,35.025,KEM425 YR M3
356,51.7,35.025,KEM425/U3Y/R
356,68.2,35.025,ISO 440 PYLE
356,46.326,35.756,KEM440 YR M3
356,51.7,35.756,KEM440/U3Y/R
356,68.2,35.756,ISO 463 PYLE
356,46.098,37.947,KEM316 M2 EMC
356,51.71,37.947,KEM316U/EMC
356,68.038,37.947,ISO325PGEMC
356,46.098,38.679,KEM325 M2 EMC
356,51.71,38.679,KEM325U/EMC
356,68.038,38.679,ISO340PGEMC
356,46.099,39.411,KEM340 M2 EMC
356,51.711,39.411,KEM340U/EMC
356,68.038,39.411,ISO363PGEMC
356,46.099,40.143,KEM363 M3 EMC
356,51.711,40.143,KEM363U/EMC
356,68.039,40.143,ISO380PGEMC
356,46.1,40.874,KEM380 M3 EMC
356,51.712,40.874,KEM380U/EMC
356,67.902,40.874,ISO3100PGEMC
356,45.963,41.606,KEM3125 M4 EMC
356,51.575,41.606,KEM3125U/EMC
356,67.902,41.606,ISO3160PGEMC
356,51.327,42.338,KEM316U/EMCY/R
356,68.068,42.338,ISO325PYEMC
356,51.327,43.07,KEM325U/EMCY/R
356,68.068,43.07,ISO340PYEMC
356,51.327,43.801,KEM340U/EMCY/R
356,68.068,43.801,ISO363PYEMC
356,51.327,44.533,KEM363U/EMCY/R
356,68.068,44.533,ISO380PYEMC
356,51.327,45.265,KEM380U/EMCY/R
356,67.931,45.265,ISO3100PYEMC
356,51.19,45.996,KEM3125U/EMCY/R
356,67.931,45.996,ISO3160PYEMC
357,9.467,3.977,KEM310 M2
357,15.123,3.977,KEM310U
357,31.285,3.977,ISO 316PG
357,9.468,4.62,KEM316 M2
357,15.123,4.62,KEM316U
357,31.285,4.62,ISO 325PG
357,9.468,5.263,KEM416 M2
357,15.124,5.263,KEM416U
357,31.286,5.263,ISO 425PG
357,9.469,5.906,KEM325 M2
357,15.124,5.906,KEM325U
357,31.286,5.906,ISO 340PG
357,9.469,6.549,KEM425 M2
357,15.125,6.549,KEM425U
357,31.287,6.549,ISO 440PG
357,9.47,7.192,KEM340 M2
357,15.125,7.192,KEM340U
357,31.287,7.192,ISO 363PG
357,9.47,7.835000000000001,KEM440 M2
357,15.125,7.835000000000001,KEM440U
357,31.287,7.835000000000001,ISO 463PG
357,9.47,8.479,KEM363 M3
357,15.126,8.479,KEM363U
357,31.288,8.479,ISO 380PG
357,9.471,9.122,KEM463 M3
357,15.126,9.122,KEM463U
357,31.288,9.122,ISO 480PG
357,9.471,9.765,KEM380 M3
357,15.127,9.765,KEM380U
357,31.152,9.765,ISO 3100PG
357,9.472,10.408,KEM480 M3
357,15.127,10.408,KEM480U
357,31.152,10.408,ISO 4100PG
357,9.335,11.051,KEM3125 M4
357,14.99,11.051,KEM3125U
357,31.152,11.051,ISO 3160PG
357,9.335,11.694,KEM4125 M4
357,14.99,11.694,KEM4125U
357,31.152,11.694,ISO 4160PG
357,9.064,12.337,KEM3160 MF01
357,15.164,12.337,KEM3160
357,31.152,12.337,ISO 3200PG
357,9.064,12.98,KEM4160 MF01
357,15.163,12.98,KEM4160
357,31.151,12.98,ISO 4200PG
357,8.906,13.624,KEM3250C MF01
357,15.005,13.624,KEM3250C
357,31.151,13.624,ISO 3250PG
357,8.906,14.267,KEM4250C MF01
357,15.005,14.267,KEM4250C
357,31.151,14.267,ISO 4250PG
357,9.063,14.91,KEM3315 MF03
357,15.163,14.91,KEM3315
357,31.151,14.91,ISO 3315PG
357,9.063,15.553,KEM3400 MF03
357,15.162,15.553,KEM3400
357,31.15,15.553,ISO 3400PG
357,9.062,16.196,KEM3630 MF04
357,15.162,16.196,KEM3630
357,31.15,16.196,ISO 3630PG
357,9.122,16.839,KEM310 YR M2
357,14.74,16.839,KEM310UY/R
357,31.192,16.839,ISO 316PYS
357,9.123,17.482,KEM316 YR M2
357,14.74,17.482,KEM316UY/R
357,31.193,17.482,ISO 325PYS
357,9.123,18.125,KEM416 YR M2
357,14.741,18.125,KEM416UY/R
357,31.193,18.125,ISO 425PYS
357,9.124,18.769,KEM325 YR M2
357,14.741,18.769,KEM325UY/R
357,31.326,18.769,ISO 340PY
357,9.124,19.412,KEM425 YR M2
357,14.741,19.412,KEM425UY/R
357,31.326,19.412,ISO 440PY
357,9.124,20.055,KEM340 YR M2
357,14.741,20.055,KEM340UY/R
357,31.326,20.055,ISO 363PY
357,9.124,20.698,KEM440 YR M2
357,14.741,20.698,KEM440UY/R
357,31.326,20.698,ISO 463PY
357,9.124,21.341,KEM363 YR M3
357,14.741,21.341,KEM363UY/R
357,31.326,21.341,ISO 380PY
357,9.124,21.984,KEM463 YR M3
357,14.741,21.984,KEM463UY/R
357,31.326,21.984,ISO 480PY
357,9.124,22.627,KEM380 YR M3
357,14.741,22.627,KEM380UY/R
357,31.189,22.627,ISO 3100PY
357,9.124,23.27,KEM480 YR M3
357,14.742,23.27,KEM480UY/R
357,31.19,23.27,ISO 4100PY
357,8.987,23.914,KEM3125 YR M4
357,14.605,23.914,KEM3125UY/R
357,31.19,23.914,ISO 3160PY
357,8.987,24.557,KEM4125 YR M4
357,14.605,24.557,KEM4125UY/R
357,31.19,24.557,ISO 4160PY
357,8.717,25.2,KEM3160 YR MF01
357,14.779,25.2,KEM3160Y/R
357,31.19,25.2,ISO 3200PY
357,8.717,25.843,KEM4160 YR MF01
357,14.779,25.843,KEM4160Y/R
357,31.19,25.843,ISO 4200PY
357,8.717,26.486,KEM3250 YR MF03
357,14.779,26.486,KEM3250Y/R
357,31.19,26.486,ISO 3250PY
357,8.717,27.129,KEM3315 YR MF03
357,14.779,27.129,KEM3315Y/R
357,31.19,27.129,ISO 3315PY
357,8.717,27.772,KEM3400 YR MF03
357,14.779,27.772,KEM3400Y/R
357,31.19,27.772,ISO 3400PY
357,8.717,28.415,KEM3630 YR MF04
357,14.779,28.415,KEM3630Y/R
357,31.19,28.415,ISO 3630PY
357,9.467,30.634,KEM325 M3
357,14.878,30.634,KEM325/U3
357,30.965,30.634,ISO 340 PGLE
357,9.468,31.366,KEM340 M3
357,14.879,31.366,KEM340/U3
357,30.966,31.366,ISO 363 PGLE
357,9.468,32.098,KEM425 M3
357,14.879,32.098,KEM425/U3
357,30.966,32.098,ISO 440 PGLE
357,9.469,32.829,KEM440 M3
357,14.88,32.829,KEM440/U3
357,30.967,32.829,ISO 463 PGLE
357,9.122,33.561,KEM325 YR M3
357,14.495,33.561,KEM325/U3Y/R
357,30.995,33.561,ISO 340 PYLE
357,9.122,34.293,KEM340 YR M3
357,14.495,34.293,KEM340/U3Y/R
357,30.995,34.293,ISO 363 PYLE
357,9.122,35.025,KEM425 YR M3
357,14.495,35.025,KEM425/U3Y/R
357,30.995,35.025,ISO 440 PYLE
357,9.122,35.756,KEM440 YR M3
357,14.495,35.756,KEM440/U3Y/R
357,30.995,35.756,ISO 463 PYLE
357,8.893,37.947,KEM316 M2 EMC
357,14.505,37.947,KEM316U/EMC
357,30.833,37.947,ISO325PGEMC
357,8.893,38.679,KEM325 M2 EMC
357,14.506,38.679,KEM325U/EMC
357,30.833,38.679,ISO340PGEMC
357,8.894,39.411,KEM340 M2 EMC
357,14.506,39.411,KEM340U/EMC
357,30.834,39.411,ISO363PGEMC
357,8.894,40.143,KEM363 M3 EMC
357,14.507,40.143,KEM363U/EMC
357,30.834,40.143,ISO380PGEMC
357,8.895,40.874,KEM380 M3 EMC
357,14.507,40.874,KEM380U/EMC
357,30.697,40.874,ISO3100PGEMC
357,8.758,41.606,KEM3125 M4 EMC
357,14.37,41.606,KEM3125U/EMC
357,30.697,41.606,ISO3160PGEMC
357,14.122,42.338,KEM316U/EMCY/R
357,30.863,42.338,ISO325PYEMC
357,14.122,43.07,KEM325U/EMCY/R
357,30.863,43.07,ISO340PYEMC
357,14.122,43.801,KEM340U/EMCY/R
357,30.863,43.801,ISO363PYEMC
357,14.122,44.533,KEM363U/EMCY/R
357,30.863,44.533,ISO380PYEMC
357,14.122,45.265,KEM380U/EMCY/R
357,30.726,45.265,ISO3100PYEMC
357,13.985,45.996,KEM3125U/EMCY/R
357,30.726,45.996,ISO3160PYEMC
358,9.593,4.021,KEA416 A2
358,15.355,4.021,KEA416
358,31.207,4.021,ISO 425MG
358,9.592,4.753,KEA325 A2
358,15.355,4.753,KEA325
358,31.207,4.753,ISO 340MG
358,9.592,5.484,KEA425 A2
358,15.354,5.484,KEA425
358,31.206,5.484,ISO 440MG
358,9.592,6.216,KEA340 A2
358,15.354,6.216,KEA340
358,31.206,6.216,ISO 363MG
358,9.591,6.948,KEA440 A2
358,15.353,6.948,KEA440
358,31.205,6.948,ISO 463MG
358,9.591,7.68,KEA625 A4
358,15.353,7.68,KEA625
358,31.205,7.68,ISO 640MG
358,9.59,8.411,KEA363 A4
358,15.352,8.411,KEA363
358,31.204,8.411,ISO 380MG
358,9.59,9.143,KEA463 A4
358,15.352,9.143,KEA463
358,31.204,9.143,ISO 480MG
358,9.589,9.875,KEA380 A4
358,15.352,9.875,KEA380
358,31.066,9.875,ISO 3100MG
358,9.589,10.606,KEA480 A4
358,15.352,10.606,KEA480
358,31.066,10.606,ISO 4100MG
358,9.452,11.338,KEA3125 A4
358,15.214,11.338,KEA3125
358,31.066,11.338,ISO 3160MG
358,9.452,12.07,KEA4125 A4
358,15.214,12.07,KEA4125
358,31.066,12.07,ISO 4160MG
358,9.452,12.802,KEA3160 A5
358,15.214,12.802,KEA3160
358,31.066,12.802,ISO 3200MG
358,9.452,13.533,KEA3200 A6
358,15.214,13.533,KEA3200
358,31.066,13.533,ISO 3250MG
358,9.294,14.265,KEA3200C A5
358,15.057,14.265,KEA3200C
358,31.066,14.265,ISO 3250MG
358,9.452,14.997,KEA3250 A6
358,15.214,14.997,KEA3250
358,31.066,14.997,ISO 3250MG
358,9.294,15.729,KEA4200C A5
358,15.057,15.729,KEA4200C
358,31.066,15.729,ISO 3250MG
358,9.294,16.46,KEA4250C A5
358,15.057,16.46,KEA4250C
358,31.066,16.46,ISO 3250MG
358,9.452,17.192,KEA4160 A4
358,15.214,17.192,KEA4160
358,31.066,17.192,ISO 4200MG
358,9.242,17.924,KEA316 YR A2
358,14.966,17.924,KEA316Y/R
358,31.237,17.924,ISO 325MY
358,9.241,18.655,KEA416 YR A2
358,14.966,18.655,KEA416Y/R
358,31.237,18.655,ISO 425MY
358,9.241,19.387,KEA325 YR A2
358,14.965,19.387,KEA325Y/R
358,31.237,19.387,ISO 340MY
358,9.24,20.119,KEA425 YR A2
358,14.965,20.119,KEA425Y/R
358,31.236,20.119,ISO 440MY
358,9.24,20.851,KEA340 YR A2
358,14.964,20.851,KEA340Y/R
358,31.236,20.851,ISO 363MY
358,9.239,21.582,KEA440 YR A2
358,14.964,21.582,KEA440Y/R
358,31.235,21.582,ISO 463MY
358,9.239,22.314,KEA363 YR A4
358,14.963,22.314,KEA363Y/R
358,31.235,22.314,ISO 380MY
358,9.239,23.046,KEA463 YR A4
358,14.963,23.046,KEA463Y/R
358,31.234,23.046,ISO 480MY
358,9.238,23.777,KEA380 YR A4
358,14.962,23.777,KEA380Y/R
358,31.097,23.777,ISO 3100MY
358,9.238,24.509,KEA480 YR A4
358,14.962,24.509,KEA480Y/R
358,31.097,24.509,ISO 4100MY
358,9.101,25.241,KEA3125 YR A4
358,14.825,25.241,KEA3125Y/R
358,31.097,25.241,ISO 3160MY
358,9.101,25.973,KEA4125 YR A4
358,14.825,25.973,KEA4125Y/R
358,31.097,25.973,ISO 4160MY
358,9.101,26.704,KEA3160 YR A5
358,14.825,26.704,KEA3160Y/R
358,31.097,26.704,ISO 3200MY
358,9.101,27.436,KEA4160 YR A4
358,14.825,27.436,KEA4160Y/R
358,31.097,27.436,ISO 4200MY
358,9.101,28.168,KEA3200 YR A6
358,14.773,28.168,KEA3200 Y/R
358,31.097,28.168,ISO 3250MY
358,8.943,28.899,KEA3200C YR A5
358,14.616,28.899,KEA3200C Y/R
358,31.097,28.899,ISO 3250MY
358,9.101,29.631,KEA3250 YR A6
358,14.773,29.631,KEA3250 Y/R
358,31.097,29.631,ISO 3250MY
358,8.943,30.363,KEA4200C YR A5
358,14.616,30.363,KEA4200C Y/R
358,31.097,30.363,ISO 4250MY
358,8.943,31.095,KEA4250C YR A5
358,14.616,31.095,KEA4250C Y/R
358,31.097,31.095,ISO 4200MY
358,9.585,31.826,KEA325 A4
358,14.957,31.826,KEA325/A3
358,30.88,31.826,ISO 340 MGLE
358,9.585,32.558,KEA340 A4
358,14.956,32.558,KEA340/A3
358,30.88,32.558,ISO 363 MGLE
358,9.584,33.29,KEA425 A4
358,14.956,33.29,KEA425/A3
358,30.879,33.29,ISO 440 MGLE
358,9.584,34.021,KEA440 A5
358,14.955,34.021,KEA440/A4
358,30.879,34.021,ISO 463 MGLE
358,9.236,34.753,KEA325 YR A4
358,14.57,34.753,KEA325/A3Y/R
358,30.904,34.753,ISO 340 MYLE
358,9.236,35.485,KEA340 YR A4
358,14.57,35.485,KEA340/A3Y/R
358,30.904,35.485,ISO 363 MYLE
358,9.236,36.217,KEA425 YR A4
358,14.57,36.217,KEA425/A3Y/R
358,30.904,36.217,ISO 440 MYLE
358,9.236,36.948,KEA440 YR A5
358,14.57,36.948,KEA440/A4Y/R
358,30.904,36.948,ISO 463 MYLE
358,9.019,39.102,KEA316 A2 EMC
358,14.564,39.102,KEA316U/EMC
358,30.755,39.102,ISO325MGEMC
358,9.018,39.763,KEA325 A2 EMC
358,14.564,39.763,KEA325U/EMC
358,30.755,39.763,ISO340MGEMC
358,9.018,40.424,KEA340 A2 EMC
358,14.563,40.424,KEA340U/EMC
358,30.754,40.424,ISO363MGEMC
358,9.017,41.085,KEA363 A4 EMC
358,14.734,41.085,KEA363/EMC
358,30.754,41.085,ISO380MGEMC
358,9.017,41.746,KEA380 A4 EMC
358,14.733,41.746,KEA380/EMC
358,30.616,41.746,ISO3100MGEMC
358,8.879,42.407,KEA3125 A4 EMC
358,14.596,42.407,KEA3125/EMC
358,30.616,42.407,ISO3160MGEMC
358,14.177,43.068,KEA316U/EMCY/R
358,30.779,43.068,ISO325MYEMC
358,14.178,43.729,KEA325U/EMCY/R
358,30.779,43.729,ISO340MYEMC
358,14.178,44.39,KEA340U/EMCY/R
358,30.78,44.39,ISO363MYEMC
358,14.349,45.051,KEA363/EMCY/R
358,30.78,45.051,ISO380MYEMC
358,14.349,45.712,KEA380/EMCY/R
358,30.643,45.712,ISO3100MYEMC
358,14.212,46.373,KEA3125/EMCY/R
358,30.643,46.373,ISO3160MYEMC
359,9.449,4.021,KER316 RA2
359,15.367,4.021,KER316
359,31.341,4.021,ISO 325SS
359,9.448,4.753,KER325 RA2
359,15.366,4.753,KER325
359,31.341,4.753,ISO 340SS
359,9.448,5.484,KER340 RA2
359,15.366,5.484,KER340
359,31.34,5.484,ISO 363SS
359,9.448,6.216,KER363 RA4
359,15.365,6.216,KER363
359,31.34,6.216,ISO 380SS
359,9.447,6.948,KER380 RA4
359,15.365,6.948,KER380
359,31.203,6.948,ISO 3100SS
359,9.099,7.68,KER316 YR RA2
359,14.979,7.68,KER316Y/R
359,30.902,7.68,ISO 325SS Y/R
359,9.099,8.411,KER325 YR RA2
359,14.979,8.411,KER325Y/R
359,30.901,8.411,ISO 340SS Y/R
359,9.098,9.143,KER340 YR RA2
359,14.978,9.143,KER340Y/R
359,30.901,9.143,ISO 363SS Y/R
359,9.098,9.875,KER363 YR RA4
359,14.978,9.875,KER363Y/R
359,30.9,9.875,ISO 380SS Y/R
359,9.097,10.606,KER380 YR RA4
359,14.977,10.606,KER380Y/R
359,30.763,10.606,ISO 3100SS Y/R
359,9.097,11.338,KER616 YR RA4
359,14.977,11.338,KER616Y/R
359,31.141,11.338,ISO 625 SSY
359,9.096,12.07,KER625 YR RA4
359,14.976,12.07,KER625Y/R
359,31.14,12.07,ISO 640 SSY
359,9.096,12.802,KER640 YR RA4
359,14.976,12.802,KER640Y/R
359,31.14,12.802,ISO 663 SSY
359,9.095,13.533,KER663 YR RA4
359,14.975,13.533,KER663Y/R
359,31.139,13.533,ISO 680 SSY
359,9.095,14.265,KER680 YR RA4
359,14.975,14.265,KER680Y/R
359,31.002,14.265,ISO 6100 SSY
359,8.958,14.997,KER6125 YR RA5
359,14.838,14.997,KER6125Y/R
359,31.002,14.997,ISO 6160 SSY
359,8.958,15.729,KER6160 YR RA5
359,14.838,15.729,KER6160Y/R
359,31.002,15.729,ISO 6200 SSY
359,8.958,16.46,KER3200 YR RA5
359,14.838,16.46,KER3200Y/R
359,31.063,16.46,ISO 3250SSY
359,9.301,18.651,KER316 RA2R
359,15.219,18.651,KER316R
359,31.209,18.651,ISO 325SST
359,9.3,19.383,KER325 RA2R
359,15.218,19.383,KER325R
359,31.208,19.383,ISO 340SST
359,9.3,20.114,KER340 RA2R
359,15.218,20.114,KER340R
359,31.208,20.114,ISO 363SST
359,9.299,20.846,KER363 RA2R
359,15.217,20.846,KER363R
359,31.207,20.846,ISO 380SST
359,9.299,21.578,KER380 RA2R
359,15.217,21.578,KER380R
359,31.07,21.578,ISO 3100SST
359,9.299,22.31,KER416 RA2R
359,15.217,22.31,KER416R
359,31.207,22.31,ISO 425SST
359,9.299,23.041,KER425 RA2R
359,15.217,23.041,KER425R
359,31.207,23.041,ISO 440SST
359,9.298,23.773,KER440 RA2R
359,15.216,23.773,KER440R
359,31.206,23.773,ISO 463SST
359,9.298,24.505,KER463 RA4R
359,15.216,24.505,KER463R
359,31.206,24.505,ISO 480SST
359,9.297,25.236,KER480 RA4R
359,15.215,25.236,KER480R
359,31.068,25.236,ISO 4100SST
359,9.297,25.968,KER616 RA4R
359,15.215,25.968,KER616R
359,31.205,25.968,ISO 625SST
359,9.297,26.7,KER625 RA4R
359,15.215,26.7,KER625R
359,31.205,26.7,ISO 640SST
359,9.296,27.432,KER640 RA4R
359,15.214,27.432,KER640R
359,31.204,27.432,ISO 663SST
359,9.296,28.163,KER663 RA4R
359,15.214,28.163,KER663R
359,31.204,28.163,ISO 680SST
359,9.295,28.895,KER680 RA4R
359,15.213,28.895,KER680R
359,31.066,28.895,ISO 6100SST
359,9.167,29.627,KER316 RA2RS
359,15.085,29.627,KER316RS
359,31.069,29.627,ISO 325SSTS
359,9.167,30.358,KER325 RA2RS
359,15.085,30.358,KER325RS
359,31.069,30.358,ISO 340SSTS
359,9.167,31.09,KER340 RA2RS
359,15.085,31.09,KER340RS
359,31.069,31.09,ISO 363SSTS
359,9.167,31.822000000000003,KER416 RA2RS
359,15.024,31.822000000000003,KER 416RS
359,31.069,31.822000000000003,ISO 425SSTS
359,9.167,32.554,KER425 RA2RS
359,15.085,32.554,KER425RS
359,31.069,32.554,ISO 440SSTS
359,9.167,33.285,KER440 RA2RS
359,15.085,33.285,KER440RS
359,31.069,33.285,ISO 463SSTS
359,9.167,34.017,KER363 RA4RS
359,15.085,34.017,KER363RS
359,31.069,34.017,ISO 380SSTS
359,9.167,34.749,KER380 RA4RS
359,15.085,34.749,KER380RS
359,30.932,34.749,ISO 3100SSTS
359,9.167,35.48,KER463 RA4RS
359,15.085,35.48,KER463RS
359,31.069,35.48,ISO 480SSTS
359,9.167,36.212,KER480 RA4RS
359,15.085,36.212,KER480RS
359,30.931,36.212,ISO 4100SSTS
359,9.292,38.403,KEM340VV M3
359,15.353,38.403,KEM340VV
359,30.664,38.403,ISO  363 VV
359,9.292,39.134,KEM363VV M3
359,15.353,39.134,KEM363VV
359,30.664,39.134,ISO  380 VV
359,9.292,39.866,KEM380VV M3
359,15.353,39.866,KEM380VV
359,30.527,39.866,ISO  3100 VV
359,9.292,40.598,KEM440VV M3
359,15.353,40.598,KEM440VV
359,30.664,40.598,ISO  463 VV
359,9.292,41.33,KEM463VV M3
359,15.353,41.33,KEM463VV
359,30.664,41.33,ISO  480 VV
359,9.292,42.061,KEM480VV M3
359,15.353,42.061,KEM480VV
359,30.527,42.061,ISO  4100 VV
360,9.552,12.827,415-690VAC
360,12.749,12.827,415 VAC
360,23.774,12.564,1 x NO/NC
360,26.633,12.564,1 x NO/NC
360,2.372,13.987,KEM316 M2
360,18.007,13.987,1NO40KU
360,20.923,13.987,1NC40KU
360,2.372,14.541,KEM325 M2
360,18.007,14.541,1NO40KU
360,20.923,14.541,1NC40KU
360,2.372,15.096,KEM340 M2
360,18.007,15.096,1NO40KU
360,20.923,15.096,1NC40KU
360,2.372,15.65,KEM363 M3
360,15.396,15.65,KU363N
360,2.372,16.205,KEM380 M3
360,15.395,16.205,KU380N
360,2.234,16.759,KEM3100 M4
360,15.438,16.759,KU3100
360,23.847,16.759,1V160KU
360,26.706,16.759,2V160KU
360,2.234,17.314,KEM3125 M4
360,15.438,17.314,KU3125
360,23.847,17.314,1V160KU
360,26.706,17.314,2V160KU
360,2.497,17.868,KEA325 A2
360,18.006,17.868,1NO40KU
360,20.923,17.868,1NC40KU
360,2.498,18.423,KEA340 A2
360,18.007,18.423,1NO40KU
360,20.923,18.423,1NC40KU
360,2.498,18.978,KEA363 A4
360,15.396,18.978,KU363N
360,2.498,19.532,KEA380 A4
360,15.396,19.532,KU380N
360,2.361,20.087,KEA3125 A4
360,15.439,20.087,KU3125
360,23.847,20.087,1V160KU
360,26.706,20.087,2V160KU
360,2.498,20.641,KEA363 A4
360,15.396,20.641,KU363N
360,2.498,21.196,KEA380 A4
360,15.396,21.196,KU380N
360,2.361,21.75,KEA3125 A4
360,15.438,21.75,KU3125
360,23.847,21.75,1V160KU
360,26.706,21.75,2V160KU
360,2.497,22.305,KEA325 A4
360,18.006,22.305,1NO40KU
360,20.923,22.305,1NC40KU
360,2.498,22.859,KEA340 A4
360,18.007,22.859,1NO40KU
360,20.923,22.859,1NC40KU
360,2.151,23.414,KEA325 YR A4
360,18.007,23.414,1NO40KU
360,20.924,23.414,1NC40KU
360,2.151,23.968,KEA340 YR A4
360,18.008,23.968,1NO40KU
360,20.924,23.968,1NC40KU
360,2.008,24.523,KER316 YR RA2
360,18.008,24.523,1NO40KU
360,20.925,24.523,1NC40KU
360,2.008,25.077,KER325 YR RA2
360,18.009,25.077,1NO40KU
360,20.925,25.077,1NC40KU
360,2.008,25.632,KER340 YR RA2
360,18.009,25.632,1NO40KU
360,20.926,25.632,1NC40KU
360,2.009,26.186,KER363 YR RA4
360,15.398,26.186,KU363N
360,2.009,26.741,KER380 YR RA4
360,15.398,26.741,KU380N
360,1.714,27.296,KER3200C YR RA5
360,15.441,27.296,KU3200
360,23.849,27.296,1V160KU
360,26.709,27.296,2V160KU
360,2.208,27.85,KER316 RA2R
360,18.009,27.85,1NO40KU
360,20.926,27.85,1NC40KU
360,2.208,28.405,KER325 RA2R
360,18.009,28.405,1NO40KU
360,20.926,28.405,1NC40KU
360,2.208,28.959,KER340 RA2R
360,18.009,28.959,1NO40KU
360,20.926,28.959,1NC40KU
360,2.208,29.514,KER363 RA2R
360,15.398,29.514,KU363N
360,2.208,30.068,KER380 RA2R
360,15.398,30.068,KU380N
360,2.08,30.623,KER316 RA2RS
360,18.01,30.623,1NO40KU
360,20.926,30.623,1NC40KU
360,2.08,31.177,KER325 RA2RS
360,18.01,31.177,1NO40KU
360,20.926,31.177,1NC40KU
360,2.08,31.732,KER340 RA2RS
360,18.01,31.732,1NO40KU
360,20.926,31.732,1NC40KU
360,2.08,32.286,KER363 RA4RS
360,15.398,32.286,KU363N
360,2.077,32.84,KER380 RA4RS
360,15.396,32.84,KU380N
360,2.053,33.394,KET3200 YR T6
360,15.439,33.394,KU3200
360,23.847,33.394,1V160KU
360,26.706,33.394,2V160KU
360,9.552,37.331,415-690VAC
360,12.749,37.331,415 VAC
360,23.774,37.068,1 x NO/NC
360,26.633,37.068,1 x NO/NC
360,2.372,38.491,KEM316 M2
360,15.396,38.491,KU316N
360,2.372,39.045,KEM325 M2
360,15.395,39.045,KU325N
360,2.371,39.6,KEM340 M2
360,15.395,39.6,KU340N
360,2.497,40.154,KEA325 A2
360,15.395,40.154,KU325N
360,2.497,40.709,KEA340 A2
360,15.395,40.709,KU340N
360,2.005,41.263,KER316 YR RA2
360,15.395,41.263,KU316N
360,2.005,41.818,KER325 YR RA2
360,15.395,41.818,KU325N
360,2.005,42.372,KER340 YR RA2
360,15.395,42.372,KU340N
360,2.205,42.927,KER316 RA2R
360,15.395,42.927,KU316N
360,2.205,43.481,KER325 RA2R
360,15.395,43.481,KU325N
360,2.205,44.036,KER340 RA2R
360,15.395,44.036,KU340N
360,2.077,44.591,KER316 RA2RS
360,15.395,44.591,KU316N
360,2.077,45.145,KER325 RA2RS
360,15.395,45.145,KU325N
360,2.077,45.7,KER340 RA2RS
360,15.395,45.7,KU340N
369,1.522,3.85,Stainless Steel RA6AVS
369,1.522,26.125,Stainless Steel RA7AVS
370,1.522,3.85,Stainless Steel RA7BVS
370,1.522,26.13,Stainless Steel RA10VS
371,2.213,5.967,3 pole versions
371,1.836,23.062,RT316L42AD11LKX50
371,7.304,23.062,RT316L42AD11LKX50YR
371,1.836,23.794,RT325L42AD11LKX50
371,7.304,23.794,RT325L42AD11LKX50YR
371,1.835,24.526,RT340L42AD11LKX50
371,7.303,24.526,RT340L42AD11LKX50YR
371,3.492,35.566,1NO40RT
371,3.523,36.297,1NC40RT
372,3.468,24.653,3 Pole
372,8.798,24.653,4 Pole
372,3.277,26.129,KU 316
372,8.606,26.129,KU 416
372,3.276,26.861,KU 325
372,8.605,26.861,KU 425
372,3.276,27.593,KU 340
372,8.605,27.593,KU 440
372,5.626,33.002,KU 316 NO
372,5.625,33.734,KU 325 NO
372,5.625,34.578,KU 340 NO
372,47.213,11.403,LK10 Handle
372,42.116,14.474,LKX50YR
372,42.269,15.937,LK10YR
372,42.196,16.669,LK10ON
372,41.902,17.401,LK10YRON
372,41.97,21.334,L200AD11
372,41.971,22.066,L300AD11
372,41.679,22.798,L100AD11VT
372,41.679,23.53,L300AD11VT
372,42.007,28.24,1NO40KU
372,42.037,28.971,1NC40KU
372,41.99,29.703,1NO40QC
372,42.021,30.435,1NC40QC
372,39.666,40.505,FP40KU3P1OC
372,39.666,41.237,FP40KU4P1OC
372,39.666,41.968,FP40KU3P2OC
372,39.666,42.7,FP40KU4P2OC
372,40.156,48.097,FP40KU3P
372,40.155,48.829,FP40KU4P
373,10.008,11.403,LK10 Handle
373,4.911,14.474,LKX50YR
373,5.065,15.937,LK10YR
373,4.991,16.669,LK10ON
373,4.697,17.401,LK10YRON
373,4.766,21.334,L200AD11
373,4.766,22.066,L300AD11
373,4.473,22.798,L100AD11VT
373,4.473,23.53,L300AD11VT
373,4.802,28.24,1NO40KU
373,4.833,28.971,1NC40KU
373,4.785,29.703,1NO40QC
373,4.816,30.435,1NC40QC
373,2.461,40.505,FP40KU3P1OC
373,2.461,41.237,FP40KU4P1OC
373,2.461,41.968,FP40KU3P2OC
373,2.461,42.7,FP40KU4P2OC
373,2.951,48.097,FP40KU3P
373,2.951,48.829,FP40KU4P
374,3.088,9.757,PK40KU3P
374,3.088,10.489,PK40KU4P
374,3.043,19.589,CO40KU3P
374,3.043,20.321,CO40KU4P
374,3.089,21.053,CT40KU3P
374,3.089,21.785,CT40KU4P
374,2.956,32.172,LK11CO102
374,2.661,32.903,LK11CO102YR
374,3.267,33.635,LKX50CT
374,2.965,34.367,LKX50CTYR
375,1.504,3.5570000000000004,3 Pole
375,1.504,13.026,4 Pole
376,1.522,3.5570000000000004,3 Pole
376,1.522,18.077,4 Pole
377,3.923,13.593,3 Pole
377,10.202,13.593,4 Pole
377,3.551,15.069,KU363N
377,9.83,15.069,KU463N
377,3.551,15.800999999999998,KU380N
377,9.83,15.800999999999998,KU480N
377,3.699,24.564,LK10YR
377,3.332,25.296,LK10YRON
377,3.7,27.603,LK11YR
377,3.357,28.897,LK11IP69K
377,3.062,30.191,LK11YRIP69K
377,3.334,31.485,LK11YRON
377,3.403,32.498,L200AD11
377,3.404,33.23,L300AD11
377,3.112,33.962,L100AD11VT
377,3.112,34.694,L300AD11VT
377,31.377,35.425,3-pole
377,31.377,36.157,4-pole
377,3.493,36.889,KKU3PYR
377,31.377,36.889,3-pole
377,3.493,37.62,KKU4PYR
377,31.377,37.62,4-pole
377,32.945,38.352,ons 3-8
377,32.945,39.646,ons 3-8
377,3.242,43.867,LK11CO102
377,2.947,44.599,LK11CO102YR
377,30.901,45.331,3 or 4-pole
377,30.901,46.063,3 or 4-pole
378,1.522,36.408,KU 6-Pole
378,1.522,39.64,KU 8-Pole
379,2.23,10.536,IP66 extension shaft
379,4.666,33.579,3 Pole
379,4.336,34.416,KU3100
379,4.336,35.242,KU3125
379,4.336,36.067,KU3160
379,4.665,36.88,4 Pole
379,4.336,37.718,KU4100
379,4.336,38.544,KU4125
379,4.336,39.369,KU4160
379,4.665,40.182,6 Pole
379,4.336,41.02,KU6100
379,4.336,41.845,KU6125
379,4.336,42.671,KU6160
379,4.665,43.484,8 Pole
379,4.336,44.322,KU8100
379,4.336,45.147,KU8125
379,4.336,45.973,KU8160
380,3.126,17.967,L300AD11VT
380,3.126,18.698,L400AD11VT
380,3.525,19.43,PK160KU
380,3.48,20.162,CO160KU
380,3.527,20.893,1V160KU
380,3.527,21.625,2V160KU
380,3.724,23.089,LSN160
380,3.259,25.284,LK12CO102
380,2.964,26.016,LK12CO102YR
380,3.127,26.747,L300AD12VT
380,29.043,26.747,With LK12 handle
380,3.143,27.479,L400AD12T6
382,2.23,12.954,IP66 extension shaft
382,3.647,30.041,VKAC1V
382,3.646,30.773,VKAC2V
382,3.716,33.699,LK12YR
382,3.14,34.431,L228AD12T6
382,3.14,35.163,L400AD12T6
383,17.84,32.929,15 - 22
383,17.72,34.223,60947.3
383,17.302,36.418,IEC 60204.1
384,17.745,19.46,3 Pole
384,4.679,20.204,EVA 3160H
384,4.679,20.935,EVA 3250H
384,4.679,22.399,EVA 4160H
384,4.679,23.13,EVA 4250H
384,3.396,25.67,EVA LS2VS
384,3.396,26.402,EVA LS3VS
385,14.777,32.197,15 - 22
385,18.71,32.197,15 - 22
385,16.204,35.124,IEC 60204.1
385,25.795,18.567,EVA3250H main switch
388,32.788,17.286,1000 VAC
388,17.743,18.749,3 Pole
388,1.887,19.495,KU3200WL200AD12T6L
388,1.887,20.226,KU3250WL250AD12T6L
388,1.997,20.958,KU3315LVK228LKX150
388,1.998,21.69,KU3400LVK228LKX150
388,1.998,22.422,KU3630LVK228LKX150
388,1.999,23.153,KU3800LVK228LKX150
388,17.743,23.872,4 Pole
388,1.887,24.616,KU4200WL200AD12T6L
388,1.887,25.348,KU4250WL200AD12T6L
388,1.997,26.08,KU4315LVK228LKX150
388,1.998,26.812,KU4400LVK228LKX150
388,1.998,27.543,KU4630LVK228LKX150
388,1.999,28.275,KU4800LVK228LKX150
388,17.743,28.994,6 Pole
388,1.887,29.738,KU6200WL200AD12T6L
388,1.887,30.47,KU6250WL250AD12T6L
388,1.997,31.202,KU6315LVK228LKX150
388,1.998,31.933,KU6400LVK228LKX150
388,1.998,32.665,KU6630LVK228LKX150
388,1.999,33.397,KU6800LVK228LKX150
388,17.743,34.116,8 Pole
388,1.887,34.86,KU8200WL200AD12T6L
388,1.887,35.591,KU8250WL250AD12T6L
388,1.997,36.323,KU8315LVK228LKX150
388,1.998,37.055,KU8400LVK228LKX150
388,1.998,37.787,KU8630LVK228LKX150
388,1.999,38.518,KU8800LVK228LKX150
389,32.788,16.386,1000 VAC
389,17.743,17.849,3 Pole
389,3.149,18.595,KU3200WSV
389,3.149,19.326,KU3250WSV
389,3.391,20.058,KU3315SV
389,3.391,20.79,KU3400SV
389,3.391,21.522,KU3630SV
389,3.391,22.253,KU3800SV
389,17.743,22.972,4 Pole
389,3.149,23.716,KU4200WSV
389,3.149,24.448,KU4250WSV
389,3.391,25.18,KU4315SV
389,3.391,25.912,KU4400SV
389,3.391,26.643,KU4630SV
389,3.391,27.375,KU4800SV
389,17.743,28.094,6 Pole
389,3.149,28.838,KU6200WSV
389,3.149,29.57,KU6250WSV
389,3.391,30.302,KU6315SV
389,3.391,31.033,KU6400SV
389,3.391,31.765,KU6630SV
389,3.391,32.497,KU6800SV
389,17.743,33.216,8 Pole
389,3.149,33.96,KU8200WSV
389,3.149,34.691,KU8250WSV
389,3.391,35.423,KU8315SV
389,3.391,36.155,KU8400SV
389,3.391,36.887,KU8630SV
389,3.391,37.618,KU8800SV
390,3.39,7.214,1V160KU
390,3.39,7.946,2V160KU
390,3.421,20.862,ALK800C
390,3.579,21.593,ALK800
390,2.23,29.531,IP66 rated.
390,3.586,31.578000000000003,LKX100
390,3.29,32.31,LKX100YR
390,3.586,33.041,LKX150
390,3.29,33.773,LKX150YR
390,3.005,37.549,L200AD12T6
390,3.005,38.28,L400AD12T6
390,3.6,39.012,LVK228
390,3.6,39.744,LVK320
390,3.6,40.476,LVK500
395,2.313,26.909,KU 316
395,5.451,26.909,KU 416
395,2.312,27.641,KU 325
395,5.45,27.641,KU 425
395,2.313,28.373,KU 340
395,5.451,28.373,KU 440
395,3.479,31.473,1NO40QC
395,3.51,32.205,1NC40QC
395,3.495,32.937,1NO40KU
395,3.526,33.669,1NC40KU
395,3.385,34.4,CO40KU3P
395,3.385,35.132,CO40KU4P
395,3.431,35.864,CT40KU3P
395,3.431,36.595,CT40KU4P
395,3.299,37.327,LK11CO102
395,3.003,38.059,LK11CO102YR
395,3.61,38.791,LKX50CT
395,3.307,39.522,LKX50CTYR
395,3.166,40.254,L100AD11VT
395,3.166,40.986,L300AD11VT
397,2.23,8.895,KU_80N a shaft
397,2.23,16.851,1 x Shaft
397,17.745,22.789,3 Pole
397,4.154,23.534,KU363N
397,4.154,24.266,KU380N
397,17.743,24.985,4 Pole
397,4.154,25.729,KU463N
397,4.154,26.461,KU480N
397,13.083,33.504,LK11CO handles
397,3.765,35.729,L200AD11
397,3.765,36.461,L300AD11
397,3.472,37.192,L100AD11VT
397,3.472,37.924,L300AD11VT
397,3.604,38.656,LK11CO102
397,3.309,39.388,LK11CO102YR
397,27.385,40.119,3 or 4-pole
397,27.385,40.851,3 or 4-pole
398,4.835,16.4,KU3160CO
398,26.29,16.4,KU3160CO
398,4.429,23.092,LK6 direct mounti
398,4.429,23.767,CO160KU interlock kits
398,1.522,25.878,LK12CO102
398,18.352,31.596,L300AD12VT steel shaft
398,25.808,29.47,CO160KU changeover mechanical
399,17.745,12.267,3 Pole
399,4.197,12.999,KU3100
399,4.197,13.731,KU3125
399,4.198,14.462,KU3160
399,17.706,15.194,4 Pole
399,17.745,26.729,3 Pole
399,3.853,27.461,KU3100CO
399,3.853,28.193,KU3125CO
399,3.853,28.925,KU3160CO
399,17.743,29.631,4 Pole
399,3.853,30.363,KU4100CO
399,3.853,31.094,KU4125CO
399,3.853,31.826,KU4160CO
399,4.664,40.931,CO160KU
399,4.709,41.663,1V160KU
399,21.469,41.663,1NO/1NC
399,4.709,42.394,2V160KU
399,21.469,42.394,2NO/2NC
399,4.906,43.858,LSN160
399,4.44,44.589,LK12CO102
399,4.145,45.321,LK12CO102YR
399,4.469,46.053,L100AD12T
399,29.071,46.053,With LK12 handle
400,32.788,13.224,1000 VAC
400,17.743,14.996,3 Pole
400,2.775,15.893,KU3200WCOSH
400,2.775,16.779,KU3250WCOSH
400,3.017,17.665,KU3315COSH
400,3.017,18.551,KU3400COSH
400,3.017,19.437,KU3630COSH
400,3.017,20.323,KU3800COSH
400,17.743,21.196,4 Pole
400,2.775,22.094,KU4200WCOSH
400,2.775,22.98,KU4250WCOSH
400,3.017,23.866,KU4315COSH
400,3.017,24.752,KU4400COSH
400,3.017,25.638,KU4630COSH
400,3.017,26.524,KU4800COSH
401,32.788,13.459,1000 VAC
401,17.743,14.922,3 Pole
401,2.806,15.668,KU3200WCOSV
401,2.806,16.399,KU3250WCOSV
401,3.048,17.131,KU3315COSV
401,3.048,17.863,KU3400COSV
401,3.048,18.594,KU3630COSV
401,3.048,19.326,KU3800COSV
401,17.743,20.045,4 Pole
401,2.806,20.789,KU4200WCOSV
401,2.806,21.521,KU4250WCOSV
401,3.048,22.253,KU4315COSV
401,3.048,22.984,KU4400COSV
401,3.048,23.716,KU4630COSV
401,3.048,24.448,KU4800COSV
402,3.39,9.71,1V160KU
402,3.39,10.596,2V160KU
402,3.639,14.22,LS250F
402,3.639,15.106,LS400F
402,3.64,15.992,LS800F
402,3.421,24.986,ALK800C
402,3.579,25.872,ALK800
402,2.831,31.9,LKX100CO102
402,2.536,32.786,LKX100CO102YR
402,2.832,33.672,LKX150CO102
402,2.536,34.762,LKX150CO102YR
402,3.005,39.442,L200AD12T6
402,3.005,40.328,L400AD12T6
402,3.6,41.214,LVK228
402,3.6,42.1,LVK320
402,3.6,42.986,LVK500
409,24.588,36.272,250 VAC
409,27.464,36.272,250 VAC
409,30.32,36.272,24 VDC
409,2.427,36.959,1NO40KU
409,33.124,37.325,2.5 kV
409,2.458,37.691,1NC40KU
409,2.482,38.422,1NO40RT
409,33.124,38.788,2.5 kV
409,2.514,39.154,1NC40RT
409,15.802,39.885,1 NO/NC CO
409,33.125,40.251,2.5 kV
409,15.802,40.617,2 NO/NC CO
409,2.5,41.348,1V160KU
409,15.802,41.348,1 NO/NC CO
409,33.125,41.714,2.5 kV
409,2.5,42.08,2V160KU
409,15.802,42.08,2 NO/NC CO
409,7.381,42.811,VKA250
409,15.802,42.811,1 NO/NC CO
409,33.125,43.177,2.5 kV
409,7.381,43.542,VKA250
409,15.802,43.542,2 NO/NC CO
411,1.522,17.134,LKX100
411,1.522,31.386000000000003,LKX150
412,3.379,13.702,LKX50YR
412,3.537,14.434,LKX100
412,20.126,14.434,IP66 NW
412,3.242,15.166,LKX100YR
412,20.126,15.166,IP66 NW
412,2.783,15.898,LKX100CO102
412,20.127,15.898,IP66 NW
412,2.194,16.629,LKX100YRCO102YR
412,20.127,16.629,IP66 NW
412,3.538,17.361,LKX150
412,20.128,17.361,IP66 NW
412,3.243,18.093,LKX150YR
412,20.128,18.093,IP66 NW
412,2.785,18.824,LKX150CO102
412,20.128,18.824,IP66 NW
412,2.196,19.556,LKX150YRCO102YR
412,20.129,19.556,IP66 NW
412,3.535,21.02,LK10YR
412,3.348,21.751,LK10LON
412,3.053,22.483,LK10YRLON
412,3.536,23.947,LK11YR
412,3.349,24.678,LK11LON
412,3.054,25.41,LK11YRLON
412,3.193,26.142,LK11IP69K
412,2.898,26.873,LK11YRIP69K
412,3.078,27.605,LK11CO102
412,2.782,28.337,LK11CO102YR
412,3.537,29.8,LK12YR
412,3.35,30.532,LK12LON
412,3.169,31.264000000000003,LK12YRON
412,3.078,31.995,LK12CO102
412,2.782,32.727,LK12CO102YR
412,16.146,35.095,L300 AD11
412,15.907,40.948,L400AD12VT
412,15.924,42.412,L228AD12T6
412,15.924,43.143,L400AD12T6
413,2.893,23.954,L42AD11
413,2.755,24.686,L100AD11
413,2.755,25.418,L300AD11
413,2.462,26.149,L300AD11VT
413,2.462,26.881,L400AD11VT
413,2.462,27.613,L500AD11VT
413,2.754,28.345,L100AD11
413,2.754,29.076,L300AD11
413,2.461,29.808,L300AD11VT
413,2.461,30.54,L400AD11VT
413,2.461,31.271,L500AD11VT
413,2.753,32.003,L100AD11
413,2.752,33.467,L300AD11
413,2.459,34.198,L300AD11VT
413,2.459,34.93,L400AD11VT
413,2.459,35.662,L500AD11VT
413,2.459,36.393,L228AD12VT
413,2.46,37.857,L300AD12VT
413,2.459,38.589,L400AD12VT
413,2.475,39.32,L228AD12T6
413,2.475,40.784,L400AD12T6
413,3.069,41.515,LVK228
413,3.07,42.247,LVK320
413,3.069,42.979,LVK400
413,3.069,43.711,LVK500
414,3.398,13.359,OKAKULK10
414,3.102,14.09,OKAKULK10YR
414,3.123,14.822,OKAKU40LK10
414,2.823,15.553999999999998,OKAKU4PLK10YR
415,3.884,6.28,LS1603P
415,3.976,7.012,LSN160
415,13.044,7.744,VKA 250
415,4.028,8.475,LS250F
415,4.028,9.207,LS400F
415,4.028,9.939,LS800F
415,3.976,10.671,LS250H
415,3.976,11.402,LS400H
415,3.976,12.134,LS800H
415,13.014,15.291,VKA 250
416,1.522,3.5570000000000004,LS250F
417,1.522,3.5570000000000004,LS400F
418,1.522,3.5570000000000004,LK800F
420,2.23,27.443,IEC/EN 62208
421,2.23,9.725,IP66 rati
421,31.545,12.552,KCS996PC
421,31.407,13.438,KCS1397PC
421,31.27,14.324,KCS13137PC
421,31.27,15.21,KCS19139PC
421,31.133,16.096,KCS271910PC
421,31.132,16.982,KCS382715PC
421,31.411,17.868,KCS996PCT
421,31.273,18.754,KCS1397PCT
421,31.136,19.64,KCS13137PCT
421,31.136,20.525,KCS19139PCT
421,30.998,21.411,KCS271910PCT
421,30.998,22.297,KCS382715PCT
421,2.23,28.353,IP65 rati
421,31.404,31.003,KCS996ABS
421,31.267,31.889000000000003,KCS1397ABS
421,31.131,32.775,KCS13137ABS
421,31.131,33.661,KCS19139ABS
421,30.994,34.547,KCS271910ABS
421,30.994,35.433,KCS382715ABS
421,2.23,41.49,IP66 rati
421,31.561,44.14,KCS996RP
421,31.423,45.025,KCS1397RP
421,31.287,45.911,KCS13137RP
421,31.287,46.797,KCS19139RP
421,31.149,47.683,KCS271910RP
422,3.842,8.132,KCS996 enclosure
422,28.909,8.132,KCS996MTGPLATE
422,3.705,9.018,KCS1397 enclosure
422,28.772,9.018,KCS1397MTGPLATE
422,3.567,9.904,KCS13137 enclosure
422,28.635,9.904,KCS13137MTGPLATE
422,3.567,10.79,KCS19139 enclosure
422,28.635,10.79,KCS19139MTGPLATE
422,3.43,11.675,KCS271910 enclosure
422,28.498,11.675,KCS271910MTGPLATE
422,3.43,12.561,KCS382715 enclosure
422,28.498,12.561,KCS382715MTGPLATE
422,30.86,26.579,KCSDINRAIL83
422,12.054,27.465,KCS 1397 Verti
422,30.723,27.465,KCSDINRAIL122
422,15.287,28.351,KCS 19139 Verti
422,30.723,28.351,KCSDINRAIL175
422,15.516,29.237,KCS 271910 Verti
422,30.722,29.237,KCSDINRAIL255
422,17.482,30.123,KCS382715 Horizontal
422,30.722,30.123,KCSDINRAIL365
423,2.441,16.992,KCS996 enclosure
423,2.304,18.055,KCS1397 enclosure
423,2.168,19.118,KCS13137 enclosure
423,2.168,20.181,KCS19139 enclosure
423,2.031,21.244,KCS271910 enclosure
425,1.522,27.537,KCS271910PC enclosure.
425,1.522,29.739,KCS271910PC
425,1.522,30.414,KCS271910MTGPLATE
425,1.522,31.089,KCSDINRAIL175
425,1.522,31.764000000000003,KU4125
425,8.272,32.439,Black IP66 handle
425,1.522,33.114,L300AD11VT
428,2.556,4.753,KC1X16
428,13.135,5.204,1.5 - 16
428,22.686,5.485,1 pole
428,2.376,5.485,KC1X16N
428,2.277,6.217,KC1X16PE
428,2.556,6.948,KC2X16
428,13.136,7.398999999999999,1.5 - 16
428,22.687,7.68,1 pole
428,2.376,7.68,KC2X16N
428,2.278,8.412,KC2X16PE
428,2.556,9.143,KC1X35
428,13.136,9.594,2.5 - 35
428,22.687,9.875,1 pole
428,2.376,9.875,KC1X35N
428,2.278,10.607,KC1X35PE
428,2.556,11.339,KC2X35
428,13.136,11.789,2.5 - 35
428,22.687,12.07,2 pole
428,2.377,12.07,KC2X35N
428,2.278,12.802,KC2X35PE
428,2.583,13.534,KL1X16
428,22.687,14.265,1 pole
428,2.403,14.265,KL1X16N
428,2.304,14.997,KL1X16PE
428,2.583,15.729,KL1X50
428,22.687,16.461,1 pole
428,2.403,16.461,KL1X50N
428,2.305,17.192,KL1X50PE
428,2.583,17.924,KL2X50
428,22.688,18.656,2 pole
428,2.404,18.656,KL2X50N
428,2.305,19.387,KL2X50PE
428,2.584,20.119,KL3X50
428,22.688,20.851,3 pole
428,2.404,20.851,KL3X50N
428,2.306,21.583,KL3X50PE
428,2.294,22.314,KL3X1X50
428,2.111,23.045,KL3X1X50N
428,2.013,23.777,KL3X1X50PE
428,2.581,24.508,KL1X95
428,22.686,25.24,1 pole
428,2.402,25.24,KL1X95N
428,2.304,25.972,KL1X95PE
428,2.582,26.703,KL2X95
428,22.687,27.435,2 pole
428,2.403,27.435,KL2X95N
428,2.305,28.167,KL2X95PE
428,2.583,28.899,KL3X95
428,22.688,29.63,3 pole
428,2.404,29.63,KL3X95N
428,2.306,30.362,KL3X95PE
428,2.294,31.094,KL3X1X95
428,2.111,31.825000000000003,KL3X1X95N
428,2.013,32.557,KL3X1X95PE
428,2.444,33.288,KL1X150
428,22.686,34.02,1 pole
428,2.264,34.02,KL1X150N
428,2.166,34.752,KL1X150PE
428,2.444,35.483,KL2X150
428,22.686,36.215,2 pole
428,2.264,36.215,KL2X150N
428,2.166,36.947,KL2X150PE
428,2.444,37.679,KL1X240
428,22.686,38.41,1 pole
428,2.265,38.41,KL1X240N
428,2.166,39.142,KL1X240PE
428,2.445,39.874,KL2X240
428,22.687,40.605,2 pole
428,2.265,40.605,KL2X240N
428,2.167,41.337,KL2X240PE
428,2.445,42.069,KL1X300
428,22.687,42.801,1 pole
428,27.117,42.801,Hex 12
428,2.266,42.801,KL1X300N
428,2.167,43.532,KL1X300PE
428,2.446,44.264,KL2X300
428,22.688,44.996,2 pole
428,27.117,44.996,Hex 12
428,2.266,44.996,KL2X300N
428,2.168,45.728,KL2X300PE
428,1.522,46.779,Note 1
438,18.892,5.535,5SY6101-7CC
438,28.978,5.535,5SY4101-7CC
438,18.892,6.421,5SY6102-7CC
438,28.978,6.421,5SY4102-7CC
438,18.892,7.307,5SY6104-7CC
438,28.978,7.307,5SY4104-7CC
438,18.892,8.193,5SY6106-7CC
438,28.978,8.193,5SY4106-7CC
438,18.892,9.079,5SY6110-7CC
438,28.978,9.079,5SY4110-7CC
438,18.892,9.965,5SY6116-7CC
438,28.978,9.965,5SY4116-7CC
438,18.892,10.851,5SY6120-7CC
438,28.978,10.851,5SY4120-7CC
438,18.892,11.737,5SY6125-7CC
438,28.978,11.737,5SY4125-7CC
438,18.892,12.623,5SY6132-7CC
438,28.978,12.623,5SY4132-7CC
438,18.892,13.509,5SY6140-7CC
438,28.978,13.509,5SY4140-7CC
438,18.892,14.395,5SY6150-7CC
438,28.978,14.395,5SY4150-7CC
438,18.892,15.281,5SY6163-7CC
438,28.978,15.281,5SY4163-7CC
438,29.293,17.452,5SP4180-7
438,29.293,18.338,5SP4191-7
438,29.293,19.224,5SP4192-7
438,18.892,21.397,5SY6201-7CC
438,28.979,21.397,5SY4201-7CC
438,18.892,22.282,5SY6202-7CC
438,28.979,22.282,5SY4202-7CC
438,18.892,23.168,5SY6204-7CC
438,28.979,23.168,5SY4204-7CC
438,18.892,24.054,5SY6206-7CC
438,28.979,24.054,5SY4206-7CC
438,18.892,24.94,5SY6210-7CC
438,28.979,24.94,5SY4210-7CC
438,18.892,25.826,5SY6216-7CC
438,28.979,25.826,5SY4216-7CC
438,18.892,26.712,5SY6220-7CC
438,28.979,26.712,5SY4220-7CC
438,18.892,27.598,5SY6225-7CC
438,28.979,27.598,5SY4225-7CC
438,18.892,28.484,5SY6232-7CC
438,28.979,28.484,5SY4232-7CC
438,18.892,29.37,5SY6240-7CC
438,28.979,29.37,5SY4240-7CC
438,18.892,30.256,5SY6250-7CC
438,28.979,30.256,5SY4250-7CC
438,18.892,31.142,5SY6263-7CC
438,28.979,31.142,5SY4263-7CC
438,18.892,33.314,5SY6301-7CC
438,28.979,33.314,5SY4301-7CC
438,18.892,34.199,5SY6302-7CC
438,28.979,34.199,5SY4302-7CC
438,18.892,35.085,5SY6304-7CC
438,28.979,35.085,5SY4304-7CC
438,18.892,35.971,5SY6306-7CC
438,28.979,35.971,5SY4306-7CC
438,18.892,36.857,5SY6310-7CC
438,28.979,36.857,5SY4310-7CC
438,18.892,37.743,5SY6316-7CC
438,28.979,37.743,5SY4316-7CC
438,18.892,38.629,5SY6320-7CC
438,28.979,38.629,5SY4320-7CC
438,18.892,39.515,5SY6325-7CC
438,28.979,39.515,5SY4325-7CC
438,18.892,40.401,5SY6332-7CC
438,28.979,40.401,5SY4332-7CC
438,18.892,41.287,5SY6340-7CC
438,28.979,41.287,5SY4340-7CC
438,18.892,42.173,5SY6350-7CC
438,28.979,42.173,5SY4350-7CC
438,18.892,43.059,5SY6363-7CC
438,28.979,43.059,5SY4363-7CC
438,29.291,46.116,5SP4380-7
438,29.29,47.002,5SP4391-7
438,29.29,47.888,5SP4392-7
439,26.458,5.535,5SY4104-8CC
439,26.458,6.421,5SY4106-8CC
439,26.458,7.307,5SY4110-8CC
439,26.458,8.193,5SY4116-8CC
439,26.458,9.079,5SY4120-8CC
439,26.458,9.965,5SY4125-8CC
439,26.458,10.851,5SY4132-8CC
439,26.458,11.737,5SY4140-8CC
439,26.458,12.623,5SY4150-8CC
439,26.458,13.509,5SY4163-8CC
439,26.458,15.68,5SY4304-8CC
439,26.458,16.566,5SY4306-8CC
439,26.458,17.452,5SY4310-8CC
439,26.458,18.338,5SY4316-8CC
439,26.458,19.224,5SY4320-8CC
439,26.458,20.11,5SY4325-8CC
439,26.458,20.996,5SY4332-8CC
439,26.458,21.882,5SY4340-8CC
439,26.458,22.768,5SY4350-8CC
439,26.458,23.654,5SY4363-8CC
439,26.458,27.269,5SY5102-7CC
439,26.458,28.155,5SY5104-7CC
439,26.458,29.04,5SY5106-7CC
439,26.458,29.926,5SY5110-7CC
439,26.458,30.812,5SY5116-7CC
439,26.458,31.698,5SY5120-7CC
439,26.458,32.584,5SY5125-7CC
439,26.458,33.47,5SY5132-7CC
439,26.458,34.356,5SY5140-7CC
439,26.458,35.242,5SY5150-7CC
439,26.458,36.128,5SY5163-7CC
439,26.458,38.3,5SY5202-7CC
439,26.458,39.186,5SY5204-7CC
439,26.458,40.072,5SY5206-7CC
439,26.458,40.958,5SY5210-7CC
439,26.458,41.843,5SY5216-7CC
439,26.458,42.729,5SY5220-7CC
439,26.458,43.615,5SY5225-7CC
439,26.458,44.501,5SY5232-7CC
439,26.458,45.387,5SY5240-7CC
439,26.458,46.273,5SY5250-7CC
439,26.458,47.159,5SY5263-7CC
440,17.556,6.038,5SU9304-7KK06
440,17.563,7.012,5SU9304-7KK10
440,17.562,7.987,5SU9304-7KK16
440,17.546,8.961,5SU9304-7KK20
440,17.546,9.936,5SU9304-7KK25
440,17.559,10.91,5SU9304-7KK32
440,17.556,11.885,5SU9304-7KK40
440,17.792,14.692,5SU3 0630 FN
440,17.802,15.667000000000002,5SU3 1030 FN
440,17.801,16.641,5SU3 1630 FN
440,17.795,17.616,5SU3 2030 FN
440,17.798,18.59,5SU3 2530 FN
440,17.802,19.565,5SU3 3230 FN
440,17.791,20.539,5SU3 4030 FN
440,17.795,21.514,5SU3 5030 FN
440,17.795,22.488,5SU3 6330 FN
440,17.566,25.296,5SU9354-7KK06
440,17.574,26.27,5SU9354-7KK10
440,17.573,27.245,5SU9354-7KK16
440,17.558,28.219,5SU9354-7KK20
440,17.558,29.194,5SU9354-7KK25
440,17.571,30.168,5SU9354-7KK32
440,17.567,31.143,5SU9354-7KK40
440,45.979,4.472,5SV3312-6
440,45.979,5.358,5SV3314-6
440,45.979,6.244,5SV3316-6
440,45.979,7.13,5SV3344-6
440,45.979,8.016,5SV3347-6
440,45.979,10.469,5SV3322-4
440,45.979,11.355,5SV3324-4
440,45.979,12.241,5SV3326-4
440,45.98,13.127,5SV3642-4
440,45.98,14.013,5SV3644-4
440,45.98,14.899,5SV3646-4
440,43.49,18.238,5SV8101-6KK
440,43.49,19.124,5SV8101-4KK
440,43.49,20.01,5SV8111-4KK
440,43.061,25.586,5SV8702-0KK
440,43.062,26.472,5SV8703-0KK
440,43.061,27.358,5SV8704-0KK
440,43.062,28.244,5SV8705-0KK
440,43.062,29.13,5SV8706-0KK
440,43.061,33.351,5SV8701-2KK
440,43.083,34.237,5SV8701-2KP
440,43.062,35.123,5SV8702-2KK
440,43.083,36.009,5SV8702-2KP
440,43.062,36.895,5SV8703-2KK
440,43.062,37.781,5SV8704-2KK
440,44.642,41.312,5SV8902-1KK
440,44.642,42.198,5SV8903-1KK
440,44.642,43.084,5SV8904-1KK
440,44.642,43.97,5SV8905-1KK
440,44.642,44.856,5SV8906-1KK
440,44.642,46.347,5SV8900-1KK
440,44.642,47.437,5SV8900-2KK
440,44.642,48.323,5SV8900-3KK
441,8.775,4.472,5SV3312-6
441,8.775,5.358,5SV3314-6
441,8.775,6.244,5SV3316-6
441,8.775,7.13,5SV3344-6
441,8.775,8.016,5SV3347-6
441,8.775,10.469,5SV3322-4
441,8.775,11.355,5SV3324-4
441,8.775,12.241,5SV3326-4
441,8.775,13.127,5SV3642-4
441,8.775,14.013,5SV3644-4
441,8.775,14.899,5SV3646-4
441,6.285,18.238,5SV8101-6KK
441,6.285,19.124,5SV8101-4KK
441,6.285,20.01,5SV8111-4KK
441,5.856,25.586,5SV8702-0KK
441,5.857,26.472,5SV8703-0KK
441,5.856,27.358,5SV8704-0KK
441,5.857,28.244,5SV8705-0KK
441,5.857,29.13,5SV8706-0KK
441,5.856,33.351,5SV8701-2KK
441,5.878,34.237,5SV8701-2KP
441,5.857,35.123,5SV8702-2KK
441,5.878,36.009,5SV8702-2KP
441,5.857,36.895,5SV8703-2KK
441,5.857,37.781,5SV8704-2KK
441,7.437,41.312,5SV8902-1KK
441,7.437,42.198,5SV8903-1KK
441,7.437,43.084,5SV8904-1KK
441,7.437,43.97,5SV8905-1KK
441,7.437,44.856,5SV8906-1KK
441,7.437,46.347,5SV8900-1KK
441,7.437,47.437,5SV8900-2KK
441,7.437,48.323,5SV8900-3KK
442,-28.466,4.472,5SV3312-6
442,-28.466,5.358,5SV3314-6
442,-28.466,6.244,5SV3316-6
442,-28.466,7.13,5SV3344-6
442,-28.466,8.016,5SV3347-6
442,-28.466,10.469,5SV3322-4
442,-28.466,11.355,5SV3324-4
442,-28.466,12.241,5SV3326-4
442,-28.465,13.127,5SV3642-4
442,-28.465,14.013,5SV3644-4
442,-28.465,14.899,5SV3646-4
442,-30.955,18.238,5SV8101-6KK
442,-30.955,19.124,5SV8101-4KK
442,-30.955,20.01,5SV8111-4KK
442,-31.384,25.586,5SV8702-0KK
442,-31.383,26.472,5SV8703-0KK
442,-31.384,27.358,5SV8704-0KK
442,-31.383,28.244,5SV8705-0KK
442,-31.383,29.13,5SV8706-0KK
442,-31.384,33.351,5SV8701-2KK
442,-31.362,34.237,5SV8701-2KP
442,-31.383,35.123,5SV8702-2KK
442,-31.362,36.009,5SV8702-2KP
442,-31.383,36.895,5SV8703-2KK
442,-31.383,37.781,5SV8704-2KK
442,-29.803,41.312,5SV8902-1KK
442,-29.803,42.198,5SV8903-1KK
442,-29.803,43.084,5SV8904-1KK
442,-29.803,43.97,5SV8905-1KK
442,-29.803,44.856,5SV8906-1KK
442,-29.803,46.347,5SV8900-1KK
442,-29.803,47.437,5SV8900-2KK
442,-29.803,48.323,5SV8900-3KK
442,9.375,5.092,5ST3010
442,9.377,6.155,5ST3011
442,9.369,7.218,5ST3012
442,9.365,8.282,5ST3020
442,9.359,11.178,5ST3030
442,9.368,12.241,5ST3031
442,9.355,15.138,5ST3043
442,9.37,16.201,5ST3041
442,9.364,17.264,5ST3042
442,9.361,20.16,5ST3806
442,8.69,25.98,5TT5800-0
442,8.704,26.866,5TT5000-2
442,8.714,27.752,5TT5802-0
442,8.728,28.638,5TT5002-2
442,8.692,29.524,5TT5840-0
442,8.708,30.41,5TT5040-2
442,8.699,31.296,5TT5843-0
442,8.715,32.182,5TT5043-2
442,8.539,34.901,DBEMLTK25
442,8.548,35.787,DBEMLTK40
442,8.773,38.506,5TL1163-1
442,8.798,39.392,5TL1191-1
442,8.762,40.278,5TL1363-1
442,8.785,41.164,5TL1391-1
442,8.729,42.451,EVA3250H
442,8.776,45.17,7LF4501-5
443,8.439,31.415,al IP66/IK08 Enclosure
444,29.111,7.723000000000001,1-12 POLES
444,29.112,8.609,1-24 POLES
444,29.095,9.495,1-36 POLES
445,1.876,7.987,IP66 rated enclosure
445,1.876,17.302,3-point door locking
445,25.513,26.264,EVA3250H
445,30.895,26.264,U18G250EKT
445,25.513,27.072,EVA3250H
445,30.891,27.072,U24G250EKT
445,25.513,27.879,EVA3250H
445,30.879,27.879,U36G250EKT
445,25.513,28.686,EVA3250H
445,30.869,28.686,U48G250EKT
445,25.514,29.493,EVA3250H
445,30.872,29.493,U60G250EKT
445,25.514,30.3,EVA3250H
445,30.89,30.3,U72G250EKT
445,25.514,31.108,EVA3250H
445,30.866,31.108,U84G250EKT
445,25.514,31.915,EVA3250H
445,30.891,31.915,U96G250EKT
445,25.513,34.555,EVA3250H
445,30.881,34.555,U18O250EKT
445,25.513,35.363,EVA3250H
445,30.878,35.363,U24O250EKT
445,25.513,36.17,EVA3250H
445,30.866,36.17,U36O250EKT
445,25.513,36.977,EVA3250H
445,30.856,36.977,U48O250EKT
445,25.514,37.784,EVA3250H
445,30.857,37.784,U60O250EKT
445,25.513,38.591,EVA3250H
445,30.876,38.591,U72O250EKT
445,25.513,39.398,EVA3250H
445,30.852,39.398,U84O250EKT
445,25.513,40.206,EVA3250H
445,30.877,40.206,U96O250EKT
445,1.876,43.562,1DB Ulti
445,1.876,45.026,2DB Ulti
446,1.841,7.987,IP66 rated enclosure
446,1.841,17.302,3-point door locking
446,8.965,26.252,2 / 29
446,23.152,26.252,3VA1225-4EF32-0AA0
446,30.855,26.252,U18G250ECT
446,8.958,27.059,3 / 30
446,23.153,27.059,3VA1225-4EF32-0AA0
446,30.854,27.059,U24G250ECT
446,8.972,27.866,3 / 31
446,23.153,27.866,3VA1225-4EF32-0AA0
446,30.842,27.866,U36G250ECT
446,8.968,28.674,4 / 32
446,23.153,28.674,3VA1225-4EF32-0AA0
446,30.831,28.674,U48G250ECT
446,8.963,29.481,4 / 33
446,23.153,29.481,3VA1225-4EF32-0AA0
446,30.833,29.481,U60G250ECT
446,8.958,30.288,5 / 34
446,23.153,30.288,3VA1225-4EF32-0AA0
446,30.852,30.288,U72G250ECT
446,8.971,31.095,5 / 35
446,23.153,31.095,3VA1225-4EF32-0AA0
446,30.828,31.095,U84G250ECT
446,8.964,31.902,5 / 36
446,23.153,31.902,3VA1225-4EF32-0AA0
446,30.852,31.902,U96G250ECT
446,8.965,35.748,2 / 29
446,23.152,35.748,3VA1225-4EF32-0AA0
446,30.842,35.748,U18O250ECT
446,8.958,36.556,3 / 30
446,23.153,36.556,3VA1225-4EF32-0AA0
446,30.84,36.556,U24O250ECT
446,8.971,37.363,3 / 31
446,23.153,37.363,3VA1225-4EF32-0AA0
446,30.827,37.363,U36O250ECT
446,8.967,38.17,4 / 32
446,23.153,38.17,3VA1225-4EF32-0AA0
446,30.817,38.17,U48O250ECT
446,8.962,38.977,4 / 33
446,23.153,38.977,3VA1225-4EF32-0AA0
446,30.818,38.977,U60O250ECT
446,8.957,39.784,5 / 34
446,23.152,39.784,3VA1225-4EF32-0AA0
446,30.837,39.784,U72O250ECT
446,8.969,40.592,5 / 35
446,23.152,40.592,3VA1225-4EF32-0AA0
446,30.812,40.592,U84O250ECT
446,8.963,41.399,5 / 36
446,23.152,41.399,3VA1225-4EF32-0AA0
446,30.837,41.399,U96O250ECT
447,1.876,8.662,IP66 rated enclosure
447,1.876,20.306,3-point door locking
448,24.72,3.688,EVA3250H
448,30.981,3.688,U18G250IKT
448,24.72,4.495,EVA3250H
448,30.978,4.495,U24G250IKT
448,24.719,5.302,EVA3250H
448,30.965,5.302,U36G250IKT
448,24.719,6.109,EVA3250H
448,30.955,6.109,U48G250IKT
448,24.719,6.917,EVA3250H
448,30.958,6.917,U60G250IKT
448,24.719,7.724,EVA3250H
448,30.976,7.724,U72G250IKT
448,24.719,8.531,EVA3250H
448,30.952,8.531,U84G250IKT
448,24.719,9.338,EVA3250H
448,30.976,9.338,U96G250IKT
448,23.188,13.313,3VA1225-4EF32-0AA0
448,30.973,13.313,U18G250ICT
448,23.188,14.12,3VA1225-4EF32-0AA0
448,30.971,14.12,U24G250ICT
448,23.187,14.927,3VA1225-4EF32-0AA0
448,30.958,14.927,U36G250ICT
448,23.187,15.734000000000002,3VA1225-4EF32-0AA0
448,30.948,15.734000000000002,U48G250ICT
448,23.188,16.541,3VA1225-4EF32-0AA0
448,30.95,16.541,U60G250ICT
448,23.188,17.348,3VA1225-4EF32-0AA0
448,30.969,17.348,U72G250ICT
448,23.188,18.156,3VA1225-4EF32-0AA0
448,30.945,18.156,U84G250ICT
448,23.188,18.963,3VA1225-4EF32-0AA0
448,30.969,18.963,U96G250ICT
449,1.876,12.362,IP66 rated enclosure
449,1.876,20.901,3-point door locking
449,1.167,27.828,U48G250EKT-SM
449,18.246,27.828,U48G250EKT-SM1
450,29.119,4.793,U24G250EKT - SMXXX
450,7.038,5.6,3 / 10
450,29.107,5.6,U36G250EKT - SMXXX
450,7.038,6.407,4 / 11
450,29.097,6.407,U48G250EKT - SMXXX
450,7.029,7.214,4 / 12
450,29.1,7.214,U60G250EKT - SMXXX
450,7.037,8.021,5 / 13
450,29.118,8.021,U72G250EKT - SMXXX
450,7.045,8.829,5 / 14
450,29.095,8.829,U84G250EKT - SMXXX
450,7.033,9.636,5 / 15
450,29.12,9.636,U96G250EKT - SMXXX
450,29.15,12.405,U24G250EKT - SM1XX
450,29.138,13.212,U36G250EKT - SM1XX
450,29.128,14.019,U48G250EKT - SM1XX
450,29.131,14.826,U60G250EKT - SM1XX
450,29.149,15.633,U72G250EKT - SM1XX
450,29.126,16.441,U84G250EKT - SM1XX
450,29.151,17.248,U96G250EKT - SM1XX
450,20.636,21.095,MCCB 3VA1225-4EF32-0AA0
450,29.305,21.095,U24G250ECT - SMXX
450,20.636,21.902,MCCB 3VA1225-4EF32-0AA0
450,29.293,21.902,U36G250ECT - SMXX
450,20.636,22.709,MCCB 3VA1225-4EF32-0AA0
450,29.282,22.709,U48G250ECT - SMXX
450,20.636,23.516,MCCB 3VA1225-4EF32-0AA0
450,29.285,23.516,U60G250ECT - SMXX
450,20.636,24.324,MCCB 3VA1225-4EF32-0AA0
450,29.303,24.324,U72G250ECT - SMXX
450,20.636,25.131,MCCB 3VA1225-4EF32-0AA0
450,29.279,25.131,U84G250ECT - SMXX
450,20.636,25.938,MCCB 3VA1225-4EF32-0AA0
450,29.303,25.938,U96G250ECT - SMXX
450,20.636,28.707,MCCB 3VA1225-4EF32-0AA0
450,29.146,28.707,U24G250ECT - SM1XX
450,20.636,29.514,MCCB 3VA1225-4EF32-0AA0
450,29.133,29.514,U36G250ECT - SM1XX
450,20.636,30.321,MCCB 3VA1225-4EF32-0AA0
450,29.122,30.321,U48G250ECT - SM1XX
450,20.636,31.128,MCCB 3VA1225-4EF32-0AA0
450,29.124,31.128,U60G250ECT - SM1XX
450,20.636,31.936,MCCB 3VA1225-4EF32-0AA0
450,29.143,31.936,U72G250ECT - SM1XX
450,20.636,32.743,MCCB 3VA1225-4EF32-0AA0
450,29.119,32.743,U84G250ECT - SM1XX
450,20.636,33.55,MCCB 3VA1225-4EF32-0AA0
450,29.143,33.55,U96G250ECT - SM1XX
451,1.876,12.336,IP66 rated enclosure
451,1.876,20.733,3-point door locking
451,1.167,27.828,U2412G250ECT- SMXXX
452,9.448,3.191,3 / 16
452,28.574,3.191,U1212G250EKT - SMXXX
452,9.449,3.998,4 / 17
452,28.594,3.998,U2412G250EKT - SMXXX
452,9.446,4.805,4 / 18
452,28.587,4.805,U1818G250EKT - SMXXX
452,9.452,5.612,5 / 19
452,28.585,5.612,U3018G250EKT - SM2XX
452,9.437,6.42,5 / 20
452,28.613,6.42,U2424G250EKT - SM2XX
452,9.444,7.227,5 / 21
452,28.606,7.227,U4218G250EKT - SM1XX
452,9.437,8.034,5 / 22
452,28.568,8.034,U3030G250EKT - SM1XX
452,9.442,8.841,5 / 23
452,28.56,8.841,U4824G250EKT - SMXXX
452,9.451,9.648,5 / 24
452,28.554,9.648,U3636G250EKT - SMXXX
452,28.609,10.456,U4242G250EKT - SM2XX
452,28.565,11.263,U5430G250EKT - SM2XX
452,28.582,12.07,U6036G250EKT - SM1XX
452,28.566,12.877,U4848G250EKT - SM1XX
452,9.411,16.354,3 / 44
452,20.259,16.354,MCCB 3VA1225-4EF32-0AA0
452,28.569,16.354,U1212G250ECT - SMXXX
452,9.432,17.162,4 / 45
452,20.258,17.162,MCCB 3VA1225-4EF32-0AA0
452,28.588,17.162,U2412G250ECT - SMXXX
452,9.417,17.969,4 / 46
452,20.257,17.969,MCCB 3VA1225-4EF32-0AA0
452,28.58,17.969,U1818G250ECT - SMXXX
452,9.433,18.776,5 / 47
452,20.257,18.776,MCCB 3VA1225-4EF32-0AA0
452,28.579,18.776,U3018G250ECT - SM2XX
452,9.415,19.583,5 / 48
452,20.257,19.583,MCCB 3VA1225-4EF32-0AA0
452,28.607,19.583,U2424G250ECT - SM2XX
452,9.429,20.39,5 / 49
452,20.258,20.39,MCCB 3VA1225-4EF32-0AA0
452,28.6,20.39,U4218G250ECT - SM1XX
452,9.42,21.198,5 / 50
452,20.259,21.198,MCCB 3VA1225-4EF32-0AA0
452,28.562,21.198,U3030G250ECT - SM1XX
452,9.442,22.005,5 / 51
452,20.258,22.005,MCCB 3VA1225-4EF32-0AA0
452,28.553,22.005,U4824G250ECT - SMXXX
452,9.432,22.812,5 / 52
452,20.257,22.812,MCCB 3VA1225-4EF32-0AA0
452,28.547,22.812,U3636G250ECT - SMXXX
452,20.257,23.619,MCCB 3VA1225-4EF32-0AA0
452,28.602,23.619,U4242G250ECT - SM2XX
452,20.258,24.426,MCCB 3VA1225-4EF32-0AA0
452,28.559,24.426,U5430G250ECT - SM2XX
452,20.258,25.233,MCCB 3VA1225-4EF32-0AA0
452,28.576,25.233,U6036G250ECT - SM1XX
452,20.258,26.041,MCCB 3VA1225-4EF32-0AA0
452,28.559,26.041,U4848G250ECT - SM1XX
453,24.512,8.706,XAURE040212
453,30.617,8.706,XAU10390199
453,24.489,9.514,XAURE040405
453,30.6,9.514,XAU10600199
453,24.526,11.029,XAURE040219
453,30.616,11.029,XAU10390199
453,24.522,11.837,XAURE050205
453,30.599,11.837,XAU10600199
453,24.126,18.111,XAUDBULT800MG66
453,24.126,18.918,XAUDBULT800MG66
453,24.126,19.726,XAUDBULT800MG66
453,23.978,20.533,XAUDBULT1000MG66
453,23.978,21.34,XAUDBULT1000MG66
453,23.979,22.147,XAUDBULT1000MG66
453,23.98,22.954,XAUDBULT1200MG66
453,23.98,23.762,XAUDBULT1200MG66
453,23.982,24.569,XAUDBULT1500MG66
453,23.982,25.376,XAUDBULT1500MG66
453,24.11,29.222,XAUDBULT800MO66
453,24.11,30.029,XAUDBULT800MO66
453,24.111,30.836,XAUDBULT800MO66
453,23.962,31.644,XAUDBULT1000MO66
453,23.962,32.451,XAUDBULT1000MO66
453,23.963,33.258,XAUDBULT1000MO66
453,23.964,34.065,XAUDBULT1200MO66
453,23.964,34.872,XAUDBULT1200MO66
453,23.966,35.679,XAUDBULT1500MO66
453,23.966,36.487,XAUDBULT1500MO66
453,6.529,40.511,18 - 30
453,24.562,40.511,DBESC800BLANK
453,6.52,41.318,36 - 48
453,24.415,41.318,DBESC1000BLANK
453,6.526,42.125,60 - 72
453,24.415,42.125,DBESC1200BLANK
453,6.529,42.932,84 - 96
453,24.418,42.932,DBESC1500BLANK
454,30.02,6.48,2591040000
454,30.032,7.542999999999999,2591090000
454,30.049,8.606,2591070000
454,8.946,13.916,3NW7013
454,29.118,13.916,3NW7211
454,8.93,14.979,3NW7033
454,29.111,14.979,3NW7231
454,8.928,16.042,3NW7063
454,29.125,16.042,3NW7261
454,16.362,20.676,3NW60111
454,31.495,20.676,3NW62051
454,16.332,21.739,3NW60021
454,31.491,21.739,3NW62071
454,16.334,22.803,3NW60041
454,31.495,22.803,3NW62101
454,16.34,23.866,3NW60011
454,31.488,23.866,3NW62121
454,16.331,24.929,3NW60031
454,31.503,24.929,3NW62171
454,16.348,25.992,3NW60051
454,31.475,25.992,3NW62201
454,16.344,27.055,3NW60071
454,31.477,27.055,3NW62221
454,16.354,28.118,3NW60101
454,31.502,28.118,3NW62241
454,16.348,29.181,3NW60121
454,31.473,29.181,3NW62301
454,30.989,35.165,DBEMLTK25
454,30.999,36.228,DBEMLTK40
454,68.66,4.246,2435000
454,68.664,5.31,2469000
454,68.672,6.373,2467000
454,68.716,7.436,2455010
454,68.647,8.499,2468000
454,68.684,9.562,2461000
454,67.787,14.196,EVA3160H
454,67.776,15.259,EVA3250H
454,66.022,17.385,KU3250WL250AD12T6L
454,66.139,18.448,KU3315LVK228LKX150
454,66.095,19.512,KU3400LVK228LKX150
454,66.66,20.575,3KD3830-0NE10-0
454,66.721,21.638,3KD4230-0PE10-0
454,66.222,22.701,3VA1116-1AA32-0AA0
454,66.193,23.764,3VA1225-1AA32-0AA0
454,66.179,24.827,3VA1340-1AA32-0AA0
454,66.276,25.89,3VA1112-4EF32-0AA0
454,66.273,26.953,3VA1116-4EF32-0AA0
454,66.259,28.017,3VA1216-4EF32-0AA0
454,66.244,29.08,3VA1225-4EF32-0AA0
454,66.208,30.143,3VA2225-5HL32-0AA0
454,66.122,31.206,3VA2340-5HN32-0AA0
454,67.481,35.839,DBGPALUM3
454,66.703,36.902,DBGPALUM3-FULL
454,67.486,37.965,DBGPALUM5
454,67.388,39.028,DBGPBRASS3
455,31.456,4.246,2435000
455,31.459,5.31,2469000
455,31.467,6.373,2467000
455,31.511,7.436,2455010
455,31.442,8.499,2468000
455,31.479,9.562,2461000
455,30.582,14.196,EVA3160H
455,30.571,15.259,EVA3250H
455,28.817,17.385,KU3250WL250AD12T6L
455,28.934,18.448,KU3315LVK228LKX150
455,28.891,19.512,KU3400LVK228LKX150
455,29.455,20.575,3KD3830-0NE10-0
455,29.517,21.638,3KD4230-0PE10-0
455,29.018,22.701,3VA1116-1AA32-0AA0
455,28.988,23.764,3VA1225-1AA32-0AA0
455,28.974,24.827,3VA1340-1AA32-0AA0
455,29.071,25.89,3VA1112-4EF32-0AA0
455,29.068,26.953,3VA1116-4EF32-0AA0
455,29.054,28.017,3VA1216-4EF32-0AA0
455,29.04,29.08,3VA1225-4EF32-0AA0
455,29.003,30.143,3VA2225-5HL32-0AA0
455,28.918,31.206,3VA2340-5HN32-0AA0
455,30.276,35.839,DBGPALUM3
455,29.498,36.902,DBGPALUM3-FULL
455,30.281,37.965,DBGPALUM5
455,30.184,39.028,DBGPBRASS3
456,29.972,3.571,DBPLINTH1200
456,29.425,4.635,DBPLINTH1200GLZ
456,29.974,5.698,DBPLINTH1800
456,29.426,6.761,DBPLINTH1800GLZ
456,29.97,7.824,DBPLINTH2400
456,29.423,8.887,DBPLINTH2400GLZ
456,30.127,9.95,DBPLINTH600
456,29.58,11.013,DBPLINTH600GLZ
456,29.972,12.076,DBPLINTH1200
456,29.417,18.161,DBRAINHOOD2-GY
456,29.398,19.225,DBRAINHOOD2-OR
456,30.015,22.918,DBENBRKT800
456,29.661,23.981,NE32F012Y-EVEN
456,29.738,25.044,NE32F012Y-ODD
456,29.669,26.108,NE32F018Y-EVEN
456,29.746,27.171,NE32F018Y-ODD
456,29.672,28.234,NE32F024Y-EVEN
456,29.749,29.297,NE32F024Y-ODD
456,29.649,30.36,NE32F030Y-EVEN
456,29.726,31.423,NE32F030Y-ODD
456,29.657,32.486,NE32F036Y-EVEN
456,29.734,33.549,NE32F036Y-ODD
456,29.656,34.613,NE32F042Y-EVEN
456,29.733,35.676,NE32F042Y-ODD
456,29.643,36.739,NE32F048Y-EVEN
456,29.72,37.802,NE32F048Y-ODD
456,30.832,41.76,2519.000
457,30.593,4.246,DBP4PACK
457,30.858,9.556,5ST3800
457,30.407,13.516,7940103192
458,15.149,16.68,Class 1
458,19.34,17.018,RTU RS485
458,27.103,16.68,EM124-RTU-2L
458,31.686,16.68,2866030000
458,30.912,23.678,2866040000
458,30.93,24.741,2866050000
458,30.923,25.804,2866060000
458,30.937,26.867,3010990000
458,30.949,34.059,2860910008
458,30.981,35.122,2860910011
458,30.974,36.185,2860910015
458,30.966,37.248,2860910020
458,63.953,3.883,7KM1020-0BA01-1DA0
458,42.921,8.052,RS485 Communicati
458,63.94,8.39,7KM3120-0BA01-1DA0
458,42.92,9.535,RS485 Communicati
458,64.018,9.872,7KM3120-1BA01-1EA0
458,63.935,14.734,7KM3220-0BA01-1DA0
458,64.013,16.216,7KM3220-1BA01-1EA0
458,63.953,21.06,7KM1020-0BA01-1DA0
458,63.971,25.551,7KM1020-0BA01-1DA0
458,63.895,33.526,7KM9300-0AB01-0AA0
458,63.907,34.59,7KM9300-0AE02-0AA0
458,63.777,35.653,7KM9300-0AM00-0AA0
458,63.859,36.716,7KM9200-0AB00-0AA0
459,26.748,3.883,7KM1020-0BA01-1DA0
459,5.716,8.052,RS485 Communicati
459,26.735,8.39,7KM3120-0BA01-1DA0
459,5.715,9.535,RS485 Communicati
459,26.814,9.872,7KM3120-1BA01-1EA0
459,26.73,14.734,7KM3220-0BA01-1DA0
459,26.808,16.216,7KM3220-1BA01-1EA0
459,26.748,21.06,7KM1020-0BA01-1DA0
459,26.765,25.551,7KM1020-0BA01-1DA0
459,26.69,33.526,7KM9300-0AB01-0AA0
459,26.702,34.59,7KM9300-0AE02-0AA0
459,26.572,35.653,7KM9300-0AM00-0AA0
459,26.655,36.716,7KM9200-0AB00-0AA0
460,14.285,5.713,480/276 VAC
460,29.16,6.05,7KM2200-2EA30-1EA1
460,14.263,7.195,480/277 VAC
460,29.156,7.532,7KM2200-2EA40-1EA1
460,31.499,13.18,7KT1202
460,31.459,32.497,7KT1260
460,31.458,34.444,7KT1233
460,31.459,35.507,7KT1236
460,31.456,36.57,7KT1238
460,31.477,37.634,7KT1242
460,31.466,38.697,7KT1255
461,9.758,2.862,PAC2200
461,15.657,2.862,PAC3120
461,21.038,2.862,PAC3220
461,26.422,2.862,PAC4200
461,31.804,2.862,PAC5200
461,1.167,28.281,PAC1200 System
462,23.781,25.265,1 point locking
462,29.112,25.265,ULTACC380DIN1MG
462,23.781,26.505,1 point locking
462,28.946,26.505,ULTACC380DIN24MG
462,23.78,27.745,1 point locking
462,28.744,27.745,ULTACC380ESCDINMG
462,23.78,28.986,1 point locking
462,28.911,28.986,ULTACC38048ESCMG
462,23.78,30.226,3 point locking
462,28.739,30.226,ULTACC600ESCDINMG
462,23.78,31.466,3 point locking
462,28.735,31.466,ULTACC800ESCDINMG
462,23.78,32.707,3 point locking
462,28.587,32.707,ULTACC1000ESCDINMG
462,23.78,33.947,3 point locking
462,28.589,33.947,ULTACC1200ESCDINMG
462,23.78,35.187,3 point locking
462,28.59,35.187,ULTACC1500ESCDINMG
463,23.78,4.365,1 point locking
463,29.095,4.365,ULTACC380DIN1MO
463,23.78,5.605,1 point locking
463,28.929,5.605,ULTACC380DIN24MO
463,23.779,6.846,1 point locking
463,28.727,6.846,ULTACC380ESCDINMO
463,23.779,8.086,1 point locking
463,28.894,8.086,ULTACC38048ESCMO
463,23.779,9.326,3 point locking
463,28.722,9.326,ULTACC600ESCDINMO
463,23.778,10.567,3 point locking
463,28.717,10.567,ULTACC800ESCDINMO
463,23.777,11.807,3 point locking
463,28.569,11.807,ULTACC1000ESCDINMO
463,23.778,13.047,3 point locking
463,28.571,13.047,ULTACC1200ESCDINMO
463,23.777,14.288,3 point locking
463,28.572,14.288,ULTACC1500ESCDINMO
465,31.229,5.997,ENCY25012T
465,31.238,6.804,ENCY25018T
465,31.243,7.612,ENCY25024T
465,31.218,8.419,ENCY25030T
465,31.228,9.226,ENCY25036T
465,31.225,10.033,ENCY25042T
465,31.212,10.84,ENCY25048T
465,31.219,11.648,ENCY25060T
465,31.239,12.455,ENCY25072T
465,31.218,13.262,ENCY25084T
465,31.238,14.069,ENCY25096T
465,31.194,14.876,ENCY25012U
465,31.195,15.683,ENCY25018U
465,31.196,16.49,ENCY25024U
465,31.171,17.297,ENCY25030U
465,31.185,18.105,ENCY25036U
465,31.19,18.912,ENCY25042U
465,31.169,19.719,ENCY25048U
465,31.171,20.526,ENCY25060U
465,31.204,21.333,ENCY25072U
465,31.171,22.14,ENCY25084U
465,31.195,22.948,ENCY25096U
465,31.225,27.647,ENCY40012T
465,31.233,28.454,ENCY40018T
465,31.239,29.261,ENCY40024T
465,31.214,30.068,ENCY40030T
465,31.223,30.876,ENCY40036T
465,31.22,31.683,ENCY40042T
465,31.206,32.49,ENCY40048T
465,31.213,33.297,ENCY40060T
465,31.234,34.104,ENCY40072T
465,31.212,34.911,ENCY40084T
465,31.233,35.719,ENCY40096T
465,31.189,36.525,ENCY40012U
465,31.19,37.332,ENCY40018U
465,31.191,38.14,ENCY40024U
465,31.165,38.947,ENCY40030U
465,31.179,39.754,ENCY40036U
465,31.184,40.561,ENCY40042U
465,31.163,41.368,ENCY40048U
465,31.165,42.176,ENCY40060U
465,31.198,42.983,ENCY40072U
465,31.165,43.79,ENCY40084U
465,31.189,44.597,ENCY40096U
466,10.101,9.799,3 Pole
466,30.602,7.622999999999999,ENCHY2500612T
466,30.61,8.686,ENCHY2500618T
466,30.61,9.749,ENCHY2500624T
466,30.577,10.812,ENCHY2500630T
466,30.587,11.875,ENCHY2500636T
466,30.586,12.938,ENCHY2500642T
466,30.572,14.001,ENCHY2500648T
466,10.102,17.241,3 Pole
466,30.611,15.064,ENCHY2501212T
466,30.619,16.128,ENCHY2501218T
466,30.62,17.191,ENCHY2501224T
466,30.601,18.254,ENCHY2501230T
466,30.611,19.317,ENCHY2501236T
466,30.623,20.38,ENCHY2501242T
466,30.609,21.443,ENCHY2501248T
466,10.099,24.683,3 Pole
466,30.563,22.506,ENCHY2500612U
466,30.565,23.569,ENCHY2500618U
466,30.56,24.633,ENCHY2500624U
466,30.526,25.696,ENCHY2500630U
466,30.539,26.759,ENCHY2500636U
466,30.546,27.822,ENCHY2500642U
466,30.524,28.885,ENCHY2500648U
466,10.097,32.124,3 Pole
466,30.57,29.948,ENCHY2501212U
466,30.571,31.011,ENCHY2501218U
466,30.568,32.074,ENCHY2501224U
466,30.548,33.138,ENCHY2501230U
466,30.562,34.201,ENCHY2501236U
466,30.584,35.264,ENCHY2501242U
466,30.562,36.327,ENCHY2501248U
466,47.306,7.773,3 Pole
466,67.803,5.597,ENCHY4000612T
466,67.81,6.66,ENCHY4000618T
466,67.81,7.723000000000001,ENCHY4000624T
466,67.777,8.786,ENCHY4000630T
466,67.787,9.849,ENCHY4000636T
466,67.785,10.912,ENCHY4000642T
466,67.771,11.975,ENCHY4000648T
466,47.304,15.137,3 Pole
466,67.81,13.038,ENCHY4001212T
466,67.818,14.102,ENCHY4001218T
466,67.819,15.087,ENCHY4001224T
466,67.8,16.073,ENCHY4001230T
466,67.81,17.136,ENCHY4001236T
466,67.823,18.199,ENCHY4001242T
466,67.809,19.262,ENCHY4001248T
466,47.302,22.501,3 Pole
466,67.763,20.325,ENCHY4000612U
466,67.764,21.388,ENCHY4000618U
466,67.759,22.451,ENCHY4000624U
466,67.725,23.514,ENCHY4000630U
466,67.739,24.578,ENCHY4000636U
466,67.746,25.641,ENCHY4000642U
466,67.724,26.704,ENCHY4000648U
466,47.301,29.943,3 Pole
466,67.771,27.767,ENCHY4001212U
466,67.772,28.83,ENCHY4001218U
466,67.768,29.893,ENCHY4001224U
466,67.749,30.956,ENCHY4001230U
466,67.763,32.019,ENCHY4001236U
466,67.783,33.083,ENCHY4001242U
466,67.762,34.146,ENCHY4001248U
467,10.101,7.773,3 Pole
467,30.598,5.597,ENCHY4000612T
467,30.606,6.66,ENCHY4000618T
467,30.605,7.723000000000001,ENCHY4000624T
467,30.573,8.786,ENCHY4000630T
467,30.582,9.849,ENCHY4000636T
467,30.58,10.912,ENCHY4000642T
467,30.566,11.975,ENCHY4000648T
467,10.099,15.137,3 Pole
467,30.605,13.038,ENCHY4001212T
467,30.613,14.102,ENCHY4001218T
467,30.614,15.087,ENCHY4001224T
467,30.596,16.073,ENCHY4001230T
467,30.605,17.136,ENCHY4001236T
467,30.618,18.199,ENCHY4001242T
467,30.604,19.262,ENCHY4001248T
467,10.098,22.501,3 Pole
467,30.558,20.325,ENCHY4000612U
467,30.559,21.388,ENCHY4000618U
467,30.554,22.451,ENCHY4000624U
467,30.52,23.514,ENCHY4000630U
467,30.534,24.578,ENCHY4000636U
467,30.541,25.641,ENCHY4000642U
467,30.52,26.704,ENCHY4000648U
467,10.096,29.943,3 Pole
467,30.566,27.767,ENCHY4001212U
467,30.567,28.83,ENCHY4001218U
467,30.564,29.893,ENCHY4001224U
467,30.544,30.956,ENCHY4001230U
467,30.558,32.019,ENCHY4001236U
467,30.579,33.083,ENCHY4001242U
467,30.557,34.146,ENCHY4001248U
468,31.024,6.48,ENCHY25018T
468,31.03,7.542999999999999,ENCHY25024T
468,31.005,8.606,ENCHY25030T
468,31.015,9.669,ENCHY25036T
468,31.012,10.732,ENCHY25042T
468,30.999,11.796,ENCHY25048T
468,31.015,12.859,ENCHY25054T
468,31.007,13.922,ENCHY25060T
468,30.982,14.985,ENCHY25018U
468,30.983,16.048,ENCHY25024U
468,30.956,17.111,ENCHY25030U
468,30.97,18.174,ENCHY25036U
468,30.976,19.237,ENCHY25042U
468,30.955,20.301,ENCHY25048U
468,30.968,21.364,ENCHY25054U
468,31.021,26.672,ENCHY40018T
468,31.027,27.735,ENCHY40024T
468,31.002,28.798,ENCHY40030T
468,31.011,29.861,ENCHY40036T
468,31.008,30.924,ENCHY40042T
468,30.995,31.987,ENCHY40048T
468,31.011,33.05,ENCHY40054T
468,31.002,34.113,ENCHY40060T
468,30.978,35.177,ENCHY40018U
468,30.979,36.24,ENCHY40024U
468,30.952,37.303,ENCHY40030U
468,30.967,38.366,ENCHY40036U
468,30.972,39.429,ENCHY40042U
468,30.951,40.492,ENCHY40048U
468,30.963,41.555,ENCHY40054U
469,5.951,3.707,415 VAC
469,5.951,6.036,3 Pole only
469,30.902,11.073,ISCY25012T
469,30.911,11.959,ISCY25018T
469,30.916,12.845,ISCY25024T
469,30.89,13.731,ISCY25030T
469,30.9,14.616,ISCY25036T
469,30.896,15.502,ISCY25042T
469,30.882,16.388,ISCY25048T
469,30.89,17.274,ISCY25060T
469,30.91,18.16,ISCY25072T
469,30.889,19.046,ISCY25084T
469,30.909,19.932,ISCY25096T
469,30.888,20.818,ISCY25012B
469,30.89,21.704,ISCY25018B
469,30.893,22.59,ISCY25024B
469,30.865,23.476,ISCY25030B
469,30.878,24.362,ISCY25036B
469,30.882,25.248,ISCY25042B
469,30.862,26.134,ISCY25048B
469,30.866,27.02,ISCY25060B
469,30.896,27.906,ISCY25072B
469,30.866,28.791,ISCY25084B
469,30.888,29.677,ISCY25096B
469,30.863,30.563,ISCY25012U
469,30.864,31.449,ISCY25018U
469,30.866,32.335,ISCY25024U
469,30.84,33.221,ISCY25030U
469,30.853,34.107,ISCY25036U
469,30.858,34.993,ISCY25042U
469,30.837,35.879,ISCY25048U
469,30.84,36.765,ISCY25060U
469,30.873,37.651,ISCY25072U
469,30.84,38.537,ISCY25084U
469,30.864,39.423,ISCY25096U
470,30.496,6.425,ENCY25012TFDR
470,30.503,7.487999999999999,ENCY25018TFDR
470,30.508,8.551,ENCY25024TFDR
470,30.486,9.614,ENCY25030TFDR
470,30.495,10.677,ENCY25036TFDR
470,30.492,11.74,ENCY25042TFDR
470,30.48,12.771,ENCY25048TFDR
470,30.486,13.802,ENCY25060TFDR
470,30.504,14.865,ENCY25072TFDR
470,30.485,15.928,ENCY25084TFDR
470,30.503,16.991,ENCY25096TFDR
470,30.464,18.054,ENCY25012UFDR
470,30.465,19.117,ENCY25018UFDR
470,30.466,20.18,ENCY25024UFDR
470,30.443,21.243,ENCY25030UFDR
470,30.456,22.306,ENCY25036UFDR
470,30.46,23.369,ENCY25042UFDR
470,30.441,24.432,ENCY25048UFDR
470,30.443,25.495,ENCY25060UFDR
470,30.472,26.558,ENCY25072UFDR
470,30.443,27.621,ENCY25084UFDR
470,30.463,28.684,ENCY25096UFDR
471,30.434,5.571,ENCY40012TFDR
471,30.441,6.634,ENCY40018TFDR
471,30.446,7.696999999999999,ENCY40024TFDR
471,30.424,8.76,ENCY40030TFDR
471,30.433,9.823,ENCY40036TFDR
471,30.43,10.886,ENCY40042TFDR
471,30.418,11.949,ENCY40048TFDR
471,30.424,13.012,ENCY40060TFDR
471,30.442,14.075,ENCY40072TFDR
471,30.424,15.138,ENCY40084TFDR
471,30.442,16.201,ENCY40096TFDR
471,30.402,17.264,ENCY40012UFDR
471,30.403,18.327,ENCY40018UFDR
471,30.404,19.39,ENCY40024UFDR
471,30.382,20.453,ENCY40030UFDR
471,30.394,21.516,ENCY40036UFDR
471,30.398,22.579,ENCY40042UFDR
471,30.38,23.642,ENCY40048UFDR
471,30.382,24.705,ENCY40060UFDR
471,30.411,25.768,ENCY40072UFDR
471,30.382,26.831,ENCY40084UFDR
471,30.403,27.894,ENCY40096UFDR
472,10.817,7.241,5SY MCBs
472,10.477,7.916,5SU9 RCBOs
472,10.477,8.591,5SU3 RCBOs
472,10.483,9.266,5SU1 RCBOs
472,10.818,15.922,5SY MCBs
472,10.479,16.597,5SU9 RCBOs
472,10.479,17.272,5SU3 RCBOs
472,10.485,17.947,5SU1 RCBOs
473,3.776,13.273,5SY4 or 5SY6
473,21.392,13.273,5SU9 354
473,29.968,13.273,5SU9 304
482,39.081,20.411,AC21B rati
482,39.081,26.516,AC21B Operati
482,39.081,33.583,1700 switching operati
483,1.876,20.411,AC21B rati
483,1.876,26.516,AC21B Operati
483,1.876,33.583,1700 switching operati
486,4.562,5.43,400/415
486,1.652,6.845,5SY4_CC
486,1.642,8.055,5SY5_CC
486,1.648,9.265,5SY6_CC
486,1.653,10.328,5SY7_CC
486,1.552,17.897,5SV9316-
486,1.554,19.472,5SU9 304
486,1.565,20.766,5SU9 354
486,1.665,26.39,5SL4_CC
486,1.661,27.453,5SL6_CC
488,23.324,7.035,3 or 4
488,23.059,7.842,M8 Bolt
488,22.79,8.65,15-22 Nm
488,23.313,10.264,0.9 kg
488,22.955,14.519,690 VAC
488,28.543,18.555,415 VAC
488,17.386,19.362,6.5 kA
488,28.543,19.362,415 VAC
488,17.236,20.169,11.4 kA
488,28.543,20.169,415 VAC
488,28.543,20.976,415 VAC
488,28.543,21.783,415 VAC
488,28.543,22.59,415 VAC
488,28.543,23.398,415 VAC
488,28.543,24.205,415 VAC
488,23.15,27.433,15 - 22
488,21.985,29.048,IEC/EN 60947-3
488,22.457,29.855,IEC 60204-1
489,31.025,18.0,DBEMLTK25
489,31.035,19.063,DBEMLTK40
489,30.847,20.126,DBEMLTK25K
489,30.863,21.189,DBEMLTK25E
489,30.863,22.252,DBEMLTK40E
491,3.449,10.005,5SY6_CC
491,13.962,8.748,20 / 20
491,16.71,8.748,20 / 20
491,19.459,8.748,20 / 20
491,22.207,8.748,20 / 20
491,24.955,8.748,20 / 20
491,27.704,8.748,20 / 20
491,8.501,9.811,10 - 32
491,13.964,9.811,20 / 20
491,16.712,9.811,20 / 20
491,19.46,9.811,20 / 20
491,22.209,9.811,20 / 20
491,24.957,9.811,20 / 20
491,27.705,9.811,20 / 20
491,13.965,10.874,20 / 20
491,16.714,10.874,20 / 20
491,19.462,10.874,20 / 20
491,22.21,10.874,20 / 20
491,24.959,10.874,20 / 20
491,27.707,10.874,20 / 20
491,8.485,11.938,50 - 63
491,13.966,11.938,20 / 20
491,16.715,11.938,20 / 20
491,19.463,11.938,20 / 20
491,22.212,11.938,20 / 20
491,24.96,11.938,20 / 20
491,27.708,11.938,20 / 20
491,3.456,14.257,5SY4_CC
491,13.97,13.0,25 / 25
491,16.719,13.0,25 / 25
491,19.467,13.0,25 / 25
491,22.212,13.0,20 / 20
491,24.96,13.0,20 / 20
491,27.709,13.0,20 / 20
491,30.457,13.0,20 / 20
491,33.206,13.0,20 / 20
491,8.506,14.063,10 - 32
491,13.971,14.063,25 / 25
491,16.72,14.063,25 / 25
491,19.468,14.063,25 / 25
491,22.213,14.063,20 / 20
491,24.962,14.063,20 / 20
491,27.71,14.063,20 / 20
491,30.458,14.063,20 / 20
491,33.207,14.063,20 / 20
491,13.973,15.126,25 / 25
491,16.721,15.126,25 / 25
491,19.469,15.126,25 / 25
491,22.214,15.126,20 / 20
491,24.963,15.126,20 / 20
491,27.711,15.126,20 / 20
491,30.459,15.126,20 / 20
491,33.208,15.126,20 / 20
491,8.489,16.189,50 - 63
491,13.974,16.189,25 / 25
491,16.723,16.189,25 / 25
491,19.471,16.189,25 / 25
491,22.216,16.189,20 / 20
491,24.964,16.189,20 / 20
491,27.713,16.189,20 / 20
491,30.461,16.189,20 / 20
491,33.21,16.189,20 / 20
491,3.296,17.978,5SU9_304
491,13.976,17.253,25 / 25
491,16.724,17.253,25 / 25
491,19.473,17.253,25 / 25
491,22.218,17.253,20 / 20
491,24.966,17.253,20 / 20
491,27.714,17.253,20 / 20
491,30.466,17.253,25 / 25
491,33.214,17.253,25 / 25
491,8.511,18.316,10 - 32
491,13.977,18.316,25 / 25
491,16.725,18.316,25 / 25
491,19.474,18.316,25 / 25
491,22.219,18.316,20 / 20
491,24.967,18.316,20 / 20
491,27.716,18.316,20 / 20
491,30.467,18.316,25 / 25
491,33.215,18.316,25 / 25
491,13.978,19.379,25 / 25
491,16.727,19.379,25 / 25
491,19.475,19.379,25 / 25
491,22.22,19.379,20 / 20
491,24.968,19.379,20 / 20
491,27.717,19.379,20 / 20
491,30.468,19.379,25 / 25
491,33.216,19.379,25 / 25
491,3.41,21.699,5SU3_FN
491,13.976,20.441,20 / 20
491,16.724,20.441,20 / 20
491,19.473,20.441,20 / 20
491,22.458,20.441,- / 10
491,25.206,20.441,- / 10
491,27.955,20.441,- / 10
491,30.468,20.441,25 / 25
491,33.217,20.441,25 / 25
491,8.514,21.505,10 - 32
491,13.977,21.505,20 / 20
491,16.725,21.505,20 / 20
491,19.474,21.505,20 / 20
491,22.459,21.505,- / 10
491,25.207,21.505,- / 10
491,27.956,21.505,- / 10
491,30.47,21.505,25 / 25
491,33.218,21.505,25 / 25
491,14.215,22.568,- / 10
491,16.963,22.568,- / 10
491,19.712,22.568,- / 10
491,22.46,22.568,- / 10
491,25.209,22.568,- / 10
491,27.957,22.568,- / 10
491,30.468,22.568,20 / 20
491,33.216,22.568,20 / 20
491,8.498,23.631,50 - 63
491,14.217,23.631,- / 10
491,16.965,23.631,- / 10
491,19.713,23.631,- / 10
491,22.462,23.631,- / 10
491,25.21,23.631,- / 10
491,27.959,23.631,- / 10
491,30.47,23.631,20 / 20
491,33.218,23.631,20 / 20
491,5.831,29.328,EVA3250H
491,11.442,29.328,ENCY250
491,5.832,30.32,EVA3250H
491,11.443,30.32,ENCY250
491,16.847,30.32,5SU9 304
491,5.832,31.313,EVA3250H
491,11.443,31.313,ENCY250
491,5.832,32.376,EVA3250H
491,11.593,32.376,ISCY250
491,5.833,33.439,EVA3250H
491,11.593,33.439,ISCY250
491,16.848,33.439,5SU9 304
491,6.063,35.965,3VA1225
491,11.442,35.965,ENCY250
491,6.063,37.029,3VA1225
491,11.442,37.029,ENCY250
491,16.846,37.029,5SU9 304
491,6.063,38.092,3VA1225
491,11.442,38.092,ENCY250
491,6.062,39.155,3VA1225
491,11.591,39.155,ISCY250
491,6.062,40.218,3VA1225
491,11.591,40.218,ISCY250
491,16.845,40.218,5SU9 304
491,6.042,41.281,3VA2340
491,11.438,41.281,ENCY400
491,6.042,42.344,3VA2340
491,11.438,42.344,ENCY400
491,16.846,42.344,5SU9 304
491,6.043,43.407,3VA2340
491,11.439,43.407,ENCY400
491,6.043,44.47,3VA2340
491,11.439,44.47,ENCY400
492,24.285,7.663,U24G250EKT
492,26.361,7.670999999999999,U36G250EKT
492,28.437,7.678000000000001,U48G250EKT
492,30.513,7.678000000000001,U60G250EKT
492,32.589,7.663,U72G250EKT
492,34.665,7.664999999999999,U96G250EKT
492,4.121,9.546,XAUDBULT800MG66
492,3.991,10.378,XAUDBULT1000MG66
492,3.993,11.211,XAUDBULT1200MG66
492,3.994,12.043,XAUDBULT1500MG66
492,5.518,12.876,2420000
492,4.376,14.541,DBESC80018-24TK
492,4.203,15.374,DBESC100036-48TK
492,4.583,16.206,DBESC120060TK
492,4.253,17.006,DBESC150072-96TK
492,5.303,18.639,EVA3250H
492,5.046,20.305,ENCY25024T
492,5.035,21.137,ENCY25036T
492,5.023,21.97,ENCY25048T
492,5.028,22.802,ENCY25060T
492,5.041,23.635,ENCY25072T
492,5.041,24.467,ENCY25096T
492,4.796,27.797,DBENBRKT800
492,4.508,28.63,NE32F012Y-EVEN
492,4.577,29.462,NE32F012Y-ODD
492,4.512,30.295,NE32F018Y-EVEN
492,4.581,31.127,NE32F018Y-ODD
492,4.666,31.96,DBENBRKT1000
492,4.512,32.792,NE32F024Y-EVEN
492,4.582,33.625,NE32F024Y-ODD
492,4.499,34.457,NE32F030Y-EVEN
492,4.568,35.29,NE32F030Y-ODD
492,4.668,36.122,DBENBRKT1200
492,4.502,36.955,NE32F036Y-EVEN
492,4.572,37.787,NE32F036Y-ODD
492,4.669,38.62,DBENBRKT1500
492,4.565,39.452,NE32F048Y-ODD
492,4.495,40.285,NE32F048Y-EVEN
492,5.098,42.783,1061200000
492,5.038,44.448,DBGPALUM3
492,5.28,45.281,DBP4PACK
493,24.285,7.659000000000001,U18G250ECT
493,26.361,7.66,U24G250ECT
493,28.437,7.667999999999999,U36G250ECT
493,30.513,7.675000000000001,U48G250ECT
493,32.589,7.66,U72G250ECT
493,34.665,7.662000000000001,U96G250ECT
493,4.121,9.546,XAUDBULT800MG66
493,3.991,10.378,XAUDBULT1000MG66
493,3.993,11.211,XAUDBULT1200MG66
493,3.994,12.043,XAUDBULT1500MG66
493,5.518,12.876,2420000
493,4.571,14.541,DBESC80018TCB
493,4.077,15.373,DBESC100024-36TCB
493,4.05,16.206,DBESC120048-60TCB
493,4.101,17.038,DBESC150072-96TCB
493,4.009,18.703,3VA1225-4EF32-0AA0
493,4.626,19.536,3VA9211-0WF30
493,4.232,21.201,LINKKIT250ENC3VA
493,5.043,22.866,ENCY25018T
493,5.048,23.699,ENCY25024T
493,5.037,24.531,ENCY25036T
493,5.025,25.364,ENCY25048T
493,5.043,26.196,ENCY25072T
493,5.043,27.029,ENCY25096T
493,4.798,30.359,DBENBRKT800
493,4.51,31.191,NE32F012Y-EVEN
493,4.58,32.024,NE32F012Y-ODD
493,4.669,32.856,DBENBRKT1000
493,4.515,33.689,NE32F018Y-EVEN
493,4.584,34.521,NE32F018Y-ODD
493,4.515,35.354,NE32F024Y-EVEN
493,4.584,36.186,NE32F024Y-ODD
493,4.671,37.019,DBENBRKT1200
493,4.505,37.851,NE32F036Y-EVEN
493,4.575,38.684,NE32F036Y-ODD
493,4.672,39.516,DBENBRKT1500
493,4.567,40.349,NE32F048Y-ODD
493,4.497,41.181,NE32F048Y-EVEN
493,5.1,43.679,1061200000
493,5.04,45.345,DBGPALUM3
493,5.282,46.177,DBP4PACK
495,1.876,23.468,415Vac systems
495,1.876,26.766,AC6b rated Contactors
495,1.876,32.56,IP32 to IP54
495,20.165,31.703000000000003,3-Line LCL fi
495,24.807,34.735,lters for 3-phase
495,24.807,42.404,lters for 3-phase
497,4.523,32.612,10 kVAr
497,12.585,32.612,B25667-C5127-A375
497,24.7,32.612,6.2 kVAr
497,4.524,33.498,20 kVAr
497,12.585,33.498,B25667-C5237-A375
497,24.563,33.498,12.5 kVAr
497,4.524,34.384,25 kVAr
497,12.585,34.384,B25667-C5287-A375
497,24.563,34.384,15.6 kVAr
497,4.468,36.156,6.2 kVAr
497,12.608,36.156,B32344-E5071-A520
497,24.893,36.156,4 kVAr
497,4.331,37.042,10.4 kVAr
497,12.608,37.042,B32344-E5121-A520
497,24.701,37.042,6.5 kVAr
497,4.524,37.928,20 kVAr
497,12.608,37.928,B32344-E5202-A021
497,24.564,37.928,12.5 kVAr
497,4.524,38.814,25 kVAr
497,12.608,38.814,B32344-E5252-A021
497,24.564,38.814,15.6 kVAr
498,1.167,4.447,BR6000 OLED series
498,1.167,11.207,BR7000/I OLED series
498,1.167,13.801,The BR7000 off
498,2.581,32.92,B44066-R6006-E230
498,2.581,33.983,B44066-R6012-E230
498,2.581,36.11,B44066-R7112-E230
498,2.581,37.173,B44066-R7415-E230
498,2.581,39.299,B44066-R7615-E230
498,2.582,41.425,B44066-R1311-E230
498,19.588,41.425,DataLogSD for BR7000
499,-36.037,4.447,BR6000 OLED series
499,-36.037,11.207,BR7000/I OLED series
499,-36.037,13.801,The BR7000 off
499,-34.623,32.92,B44066-R6006-E230
499,-34.623,33.983,B44066-R6012-E230
499,-34.623,36.11,B44066-R7112-E230
499,-34.623,37.173,B44066-R7415-E230
499,-34.623,39.299,B44066-R7615-E230
499,-34.623,41.425,B44066-R1311-E230
499,-17.617,41.425,DataLogSD for BR7000
501,17.133,13.458,AC6b uti
502,13.612,5.01,B44066-S1810-J230
502,25.212,5.01,230 Vac
502,13.612,6.073,B44066-S3210-J230
502,25.212,6.073,230 Vac
502,13.612,7.136,B44066-S6210-J230
502,25.212,7.136,230 Vac
502,13.612,8.199,B44066-S3210-J400
502,25.212,8.199,415 Vac
502,13.612,9.262,B44066-S6210-J400
502,25.212,9.262,415 Vac
502,13.546,13.008,B44066-T3850-E402
502,4.836,14.071,100 kVAr
502,13.546,14.071,B44066-T0100-E402
502,13.545,17.817,B44066-T0022-E400
502,23.441,17.817,EW22 Discharge Resistor
502,5.11,21.563,6 kVAr
502,13.506,21.563,B44066-D7006-L440
502,4.78,22.626,12.5 kVAr
502,13.506,22.626,B44066-D7012-L440
502,4.973,23.689,25 kVAr
502,13.506,23.689,B44066-D7025-L440
502,4.973,24.753,50 kVAr
502,13.507,24.753,B44066-D7050-L440
502,5.192,28.498,6 kVAr
502,13.082,28.498,3NA3805
502,4.862,29.561,12.5 kVAr
502,13.082,29.561,3NA3812
502,5.055,30.625,25 kVAr
502,13.082,30.625,3NA3822
502,5.055,31.688,50 kVAr
502,13.082,31.688,3NA3832
502,12.292,32.751,3NP1133-1BC10
502,12.308,33.814,8US1923-2AA01
502,40.779,4.677,6.25 kVAr
502,47.501,4.677,PFCT6WR
502,40.972,5.519,12 kVAr
502,47.364,5.519,PFCT12WR
502,40.972,6.36,25 kVAr
502,47.364,6.36,PFCT25WR
502,40.972,7.201,50 kVAr
502,47.364,7.201,PFCT50WR
503,3.575,4.677,6.25 kVAr
503,10.296,4.677,PFCT6WR
503,3.768,5.519,12 kVAr
503,10.159,5.519,PFCT12WR
503,3.768,6.36,25 kVAr
503,10.159,6.36,PFCT25WR
503,3.768,7.201,50 kVAr
503,10.159,7.201,PFCT50WR
506,1.876,10.716,15 ms.
507,-35.329,10.716,15 ms.
507,22.487,8.284,3P3W / 3P4W
507,23.319,10.41,3-level
507,15.968,11.474,30/50 kvar
507,27.198,11.474,100/200 kvar
507,16.157,12.537,21/35 kg
507,27.661,12.537,48/66 kg
508,3.792,4.951,B44066F6030V344
508,3.792,6.014,B44066F6050V344
508,3.792,7.078,B44066F6100V344
508,3.792,8.141,B44066F6200V344
508,3.792,10.267,B44066F8030V344
508,3.792,11.33,B44066F8050V344
508,3.792,12.393,B44066F8100V344
508,3.792,13.456,B44066F8200V344
508,3.793,15.582999999999998,B44066F6100V315
508,3.793,16.646,B44066F6200V315
508,3.793,17.709,B44066F6250V315
508,3.793,18.772,B44066F6300V315
508,3.793,19.835,B44066F6400V315
508,3.793,20.898,B44066F6500V315
508,3.793,21.961,B44066F6600V315
508,3.793,23.024,B44066F6800V315
508,3.793,25.151,B44066F8100V315
508,3.793,26.214,B44066F8200V315
508,3.793,27.277,B44066F8250V315
508,3.793,28.34,B44066F8300V315
508,3.793,29.403,B44066F8400V315
508,3.793,30.466,B44066F8500V315
508,3.793,31.529000000000003,B44066F8600V315
508,3.793,32.593,B44066F8800V315
508,3.793,34.719,B44066F6030V300
508,3.793,35.782,B44066F6050V300
508,3.793,36.845,B44066F6100V300
508,3.793,37.908,B44066F6200V300
508,3.793,38.971,B44066F6030V300
508,3.793,40.034,B44066F6050V300
508,3.793,41.098,B44066F6100V300
508,3.793,42.161,B44066F6200V300
508,3.792,44.287,B44066F9999V230
509,-33.412,4.951,B44066F6030V344
509,-33.412,6.014,B44066F6050V344
509,-33.412,7.078,B44066F6100V344
509,-33.412,8.141,B44066F6200V344
509,-33.412,10.267,B44066F8030V344
509,-33.412,11.33,B44066F8050V344
509,-33.412,12.393,B44066F8100V344
509,-33.412,13.456,B44066F8200V344
509,-33.412,15.582999999999998,B44066F6100V315
509,-33.412,16.646,B44066F6200V315
509,-33.412,17.709,B44066F6250V315
509,-33.412,18.772,B44066F6300V315
509,-33.412,19.835,B44066F6400V315
509,-33.412,20.898,B44066F6500V315
509,-33.412,21.961,B44066F6600V315
509,-33.412,23.024,B44066F6800V315
509,-33.412,25.151,B44066F8100V315
509,-33.412,26.214,B44066F8200V315
509,-33.412,27.277,B44066F8250V315
509,-33.412,28.34,B44066F8300V315
509,-33.412,29.403,B44066F8400V315
509,-33.412,30.466,B44066F8500V315
509,-33.412,31.529000000000003,B44066F8600V315
509,-33.412,32.593,B44066F8800V315
509,-33.412,34.719,B44066F6030V300
509,-33.412,35.782,B44066F6050V300
509,-33.412,36.845,B44066F6100V300
509,-33.412,37.908,B44066F6200V300
509,-33.412,38.971,B44066F6030V300
509,-33.412,40.034,B44066F6050V300
509,-33.412,41.098,B44066F6100V300
509,-33.412,42.161,B44066F6200V300
509,-33.412,44.287,B44066F9999V230
510,1.278,38.339,Figure 2
510,19.35,38.339,Figure 3
512,3.82,3.87,B44066F3025S344
512,3.82,4.714,B44066F3035S344
512,3.82,5.557,B44066F3050S344
512,3.82,6.4,B44066F3075S344
512,3.82,7.243,B44066F3100S344
512,3.82,8.087,B44066F3150S344
512,3.82,9.773,B44066F4025S344
512,3.82,10.617,B44066F4035S344
512,3.82,11.46,B44066F4050S344
512,3.82,12.303,B44066F4060S344
512,3.82,13.146,B44066F4100S344
512,3.82,13.99,B44066F4150S344
512,3.82,15.675999999999998,B44066F3100S315
512,3.82,16.519,B44066F3150S315
512,3.82,17.363,B44066F3200S315
512,3.82,18.206,B44066F3250S315
512,3.82,19.049,B44066F3300S315
512,3.82,19.893,B44066F3350S315
512,3.82,20.736,B44066F3400S315
512,3.82,21.579,B44066F3450S315
512,3.82,22.422,B44066F3500S315
512,3.82,23.266,B44066F3550S315
512,3.82,24.109,B44066F3600S315
512,3.82,25.796,B44066F4100S315
512,3.82,26.639,B44066F4150S315
512,3.82,27.482,B44066F4200S315
512,3.82,28.325,B44066F4250S315
512,3.82,29.169,B44066F4300S315
512,3.82,30.012,B44066F4350S315
512,3.82,30.855,B44066F4400S315
512,3.82,31.699,B44066F4450S315
512,3.82,32.542,B44066F4500S315
512,3.82,33.385,B44066F4550S315
512,3.82,34.228,B44066F4600S315
512,3.82,35.915,B44066F3025S300
512,3.82,36.758,B44066F3035S300
512,3.82,37.602,B44066F3050S300
512,3.82,38.445,B44066F3075S300
512,3.82,39.288,B44066F3100S300
512,3.82,40.131,B44066F3150S300
512,3.82,40.975,B44066F4025S300
512,3.82,41.818,B44066F4035S300
512,3.82,42.661,B44066F4050S300
512,3.82,43.504,B44066F4060S300
512,3.82,44.348,B44066F4100S300
512,3.82,45.191,B44066F4150S300
512,3.82,46.878,B44066F9999S230
513,1.876,13.756,3-line fi
513,1.876,26.292,.2- and 4-line-fi
514,1.876,7.02,3-line fi
514,1.167,14.033,3-line LCL fi
514,1.876,36.547,UL 60384-14 pending
516,22.179,8.375,M8 3Pin
516,25.896,8.375,11084731
516,29.464,8.375,IGYX 08P17B3/S35L
516,22.015,9.349,M12 4Pin
516,25.895,9.349,11084740
516,29.464,9.349,IGYX 12P17B3/S14L
516,22.014,10.323,M12 4Pin
516,25.895,10.323,11078862
516,29.463,10.323,IGYX 18P17B3/S14L
516,22.013,11.298,M12 4Pin
516,25.894,11.298,11080998
516,29.463,11.298,IGYX 30P17B3/S14L
516,21.293,18.535,M8 3Pin
516,25.01,18.535,11148770
516,28.385,18.535,IR08.P06S-N46.PO1Z.7SL
516,21.129,20.017,M12 4Pin
516,25.01,20.017,11148572
516,28.27,20.017,IR12.P10S-N60.PO1Z.7BO
516,21.129,21.499,M12 4Pin
516,25.01,21.499,11149133
516,28.27,21.499,IR18.P15S-N60.PO1Z.7BO
516,21.129,22.982,M12 4Pin
516,25.01,22.982,11174035
516,28.309,22.982,IR30.P24S-N60.PV1Z.7BO
516,22.795,27.284,11230324
516,28.992,27.284,CAM8.A3-11230324
516,22.466,28.258,9457380500
516,29.132,28.258,SAIL-M8BW-3-5.0U
516,22.795,29.232,11230335
516,28.827,29.232,CAM12.A4-11230335
516,22.466,30.206,9457740500
516,28.968,30.206,SAIL-M12BW-4-5.0U
517,-15.025,8.375,M8 3Pin
517,-11.309,8.375,11084731
517,-7.74,8.375,IGYX 08P17B3/S35L
517,-15.19,9.349,M12 4Pin
517,-11.309,9.349,11084740
517,-7.741,9.349,IGYX 12P17B3/S14L
517,-15.191,10.323,M12 4Pin
517,-11.31,10.323,11078862
517,-7.742,10.323,IGYX 18P17B3/S14L
517,-15.191,11.298,M12 4Pin
517,-11.311,11.298,11080998
517,-7.742,11.298,IGYX 30P17B3/S14L
517,-15.911,18.535,M8 3Pin
517,-12.195,18.535,11148770
517,-8.819,18.535,IR08.P06S-N46.PO1Z.7SL
517,-16.076,20.017,M12 4Pin
517,-12.195,20.017,11148572
517,-8.935,20.017,IR12.P10S-N60.PO1Z.7BO
517,-16.076,21.499,M12 4Pin
517,-12.195,21.499,11149133
517,-8.935,21.499,IR18.P15S-N60.PO1Z.7BO
517,-16.076,22.982,M12 4Pin
517,-12.195,22.982,11174035
517,-8.896,22.982,IR30.P24S-N60.PV1Z.7BO
517,-14.409,27.284,11230324
517,-8.213000000000001,27.284,CAM8.A3-11230324
517,-14.738,28.258,9457380500
517,-8.073,28.258,SAIL-M8BW-3-5.0U
517,-14.409,29.232,11230335
517,-8.378,29.232,CAM12.A4-11230335
517,-14.738,30.206,9457740500
517,-8.237,30.206,SAIL-M12BW-4-5.0U
517,7.314,4.096,M8   Sensofi
517,24.567,4.096,10151719
517,7.305,5.07,M12 Sensofi
517,24.567,5.07,10151720
517,7.305,6.044,M18 Sensofi
517,24.567,6.044,10151658
517,6.322,7.018,M18 Mounti
517,24.567,7.018,11171584
517,29.057,7.018,ZADAP-M18.SHORT
517,6.394,7.993,M18 Mounti
517,24.568,7.993,11172095
517,29.189,7.993,ZADAP-M18.LONG
517,5.984,8.967,M18 Mounti
517,24.568,8.967,11172096
517,28.486,8.967,ZADAP-M18.STANDARD
517,8.046,9.941,M18 Mounti
517,24.568,9.941,11172110
517,29.031,9.941,ZADAP-M18.SWING
517,7.306,10.915,M30 Sensofi
517,24.568,10.915,11200030
517,31.137,10.915,x Serie 30
517,7.637,11.89,M30 Mounti
517,24.568,11.89,11199999
517,29.19,11.89,ZADAP-M30.LONG
518,2.23,4.035,M8 4pin Connector
518,22.352,12.721,11175118
518,26.453,12.721,O300Y.GR-PV1T.72N/H006_T003
518,22.352,13.695,11175148
518,27.257,13.695,O300Y.GP-PV1T.72N/H006
518,22.352,14.67,11175127
518,26.483,14.67,O300Y.ZR-PV1T.72N/H006_T003
518,22.352,15.643999999999998,11175122
518,27.196,15.643999999999998,O300Y.QR-PV1Z.72N/H006
518,22.351,16.872,11175149
518,27.277,16.535,O300Y.TR-ZZZZ.72N/H006
518,22.352,18.355,11175161
518,27.274,18.017,O300Y.ER-PV1T.72N/H006
518,22.353,22.657,11232540
518,28.106,22.657,CAM8.A4-11232540
518,22.024,23.631,9456150500
518,28.247,23.631,SAIL-M8BW-4-5.0U
518,22.353,33.734,11104963
518,6.827,34.708,O300 Mounti
518,22.353,34.708,11102423
518,22.353,41.967,10145961
518,28.782,41.967,FTDR 047A048
518,22.353,42.941,11101254
518,28.782,42.941,FTDR 084A084
519,1.522,1.6760000000000002,M18 PHOTOELECTRIC SENSORS
519,2.23,4.874,M12 4pin Connector
519,21.945,9.633,11157841
519,27.43,9.633,OR18.GR-PW1P.71O
519,21.944,10.607,11157800
519,26.763,10.607,OR18.ZI-PW1P.71O/B005
519,21.944,11.581,11157680
519,27.458,11.581,OR18.RR-PW1P.71O
519,21.944,12.555,11157788
519,27.265,12.555,OR18.RR.T-PW1P.71O
519,21.944,13.53,11157821
519,27.695,13.53,OR18.TI-ZZZP.71O
519,21.945,14.504,11157811
519,27.564,14.504,OR18.EI-PW1P.71O
519,2.23,17.988,M12 4pin Connector
519,21.91,22.746,11129323
519,27.759,22.746,OR18.GP-PV1T.7BO
519,21.91,26.794,11230335
519,27.499,26.794,CAM12.A4-11230335
519,21.581,27.769,9457740500
519,27.639,27.769,SAIL-M12BW-4-5.0U
520,6.862,5.44,M18 Sensofi
520,24.124,5.44,10151658
520,5.878,6.414,M18 Mounti
520,24.123,6.414,11171584
520,29.056,6.414,ZADAP-M18.SHORT
520,5.95,7.388,M18 Mounti
520,24.123,7.388,11172095
520,29.188,7.388,ZADAP-M18.LONG
520,5.54,8.362,M18 Mounti
520,24.123,8.362,11172096
520,28.486,8.362,ZADAP-M18.STANDARD
520,7.602,9.337,M18 Mounti
520,24.123,9.337,11172110
520,29.03,9.337,ZADAP-M18.SWING
520,24.123,27.401,10145961
520,29.666,27.401,FTDR 047A048
520,24.123,28.376,11101254
520,29.666,28.376,FTDR 084A084
521,1.522,1.6760000000000002,O500 PHOTOELECTRIC SENSORS
521,21.921,12.06,11128018
521,26.19,12.06,O500.ZR-GW1T.72O
521,21.921,13.034,11096062
521,26.158,13.034,O500.GR-GW1T.72O
521,21.92,14.008,11128072
521,26.158,14.008,O500.ER-GW1B.72O
521,21.92,14.982,11128041
521,26.343,14.982,O500.TR-ZZZZ.72O
521,21.92,15.957,11096091
521,26.231,15.957,O500.RR-GD1Z.72O
521,21.92,16.931,11157351
521,26.061,16.931,O500.RP.T-GW1J.72O
521,21.92,17.905,11136921
521,25.286,17.905,O500.SP.T-GW1J.72O/B005
521,21.92,18.879,11235685
521,26.122,18.879,OT500.GL-GLGLJ.72F
521,21.92,19.854,11240053
521,26.186,19.854,OT500.DL-GLIAJ.72F
521,22.496,29.241,11230335
521,27.822,29.241,CAM12.A4-11230335
521,22.168,30.215,9457740500
521,27.963,30.215,SAIL-M12BW-4-5.0U
521,22.496,31.189,11230338
521,27.822,31.189,CAM12.A5-11230338
521,22.168,32.163,9457690500
521,27.963,32.163,SAIL-M12BW-5-5.0U
522,1.522,1.6760000000000002,O500 SENSOR ACCESSORIES
522,6.262,5.44,O500/U500 Sensofi
522,22.796,5.44,11099942
522,22.796,6.414,11092246
522,22.796,17.674,11229662
522,28.762,17.674,FTDR 020U020
522,22.796,18.648,10145962
522,28.781,18.648,FTDR 017A027
522,22.796,19.623,10145961
522,28.781,19.623,FTDR 047A048
522,22.796,20.597,11229661
522,28.762,20.597,FTDR 048U048
522,22.796,21.571,11101254
522,28.782,21.571,FTDR 084A084
523,1.522,3.02,UR18 Series
523,2.23,8.229,IP67/IP69
523,23.238,10.471,11200645
523,28.386,10.471,UR18.PA0.2-GP2J.9SF
523,23.238,11.445,11200646
523,28.364,11.445,UR18.RA0.2-GP1J.9SF
523,23.238,12.42,11200640
523,28.345,12.42,UR18.DA0.2-IAMJ.9SF
523,1.522,14.048,U500 Series
523,2.23,17.58,M12 5pin
523,23.238,22.338,11200633
523,28.381,22.338,U500.PA0.2-GP2J.72F
523,23.238,23.313,11200634
523,28.359,23.313,U500.RA0.2-GP1J.72F
523,23.237,24.287,11200625
523,28.339,24.287,U500.DA0.2-IAMJ.72F
523,2.23,29.448,M12 4pin
523,23.238,33.367,11099364
523,28.581,33.367,UNAM 70I6131/S14
523,23.238,37.426,11230335
523,28.384,37.426,CAM12.A4-11230335
523,22.909,38.4,9457740500
523,28.524,38.4,SAIL-M12BW-4-5.0U
523,23.238,39.374,11230338
523,28.384,39.374,CAM12.A5-11230338
523,22.909,40.349,9457690500
523,28.524,40.349,SAIL-M12BW-5-5.0U
524,6.419,5.44,M18 Sensofi
524,22.795,5.44,10151658
524,5.436,6.414,M18 Mounti
524,22.796,6.414,11171584
524,28.171,6.414,ZADAP-M18.SHORT
524,5.508,7.388,M18 Mounti
524,22.796,7.388,11172095
524,28.303,7.388,ZADAP-M18.LONG
524,5.098,8.362,M18 Mounti
524,22.796,8.362,11172096
524,27.601,8.362,ZADAP-M18.STANDARD
524,7.16,9.337,M18 Mounti
524,22.796,9.337,11172110
524,28.145,9.337,ZADAP-M18.SWING
524,4.491,25.961,O500/U500 Sensofi
524,19.252,25.961,11099942
524,19.252,26.935,11092246
524,4.647,34.193,M30 Sensofi
524,19.252,34.193,11200030
524,28.478,34.193,x Serie 30
524,3.421,35.168,M30 Mounti
524,19.251,35.168,11199999
524,26.53,35.168,ZADAP-M30.LONG
526,2.694,19.74,RT-1625-B
526,2.694,20.714,RT-2025-B
526,2.694,21.688,RT-2525-B
526,2.694,22.663,RT-3225-B
526,2.693,23.637,RT-4010-B
526,2.693,24.611,RT-5010-B
526,2.692,25.585,RT-6310-B
526,2.529,30.106,RT-20150-B
526,2.529,31.08,RT-25150-B
526,2.529,32.055,RT-32120-B
529,8.646,14.11,LNB-16N
529,8.646,15.084,LNB-20N
529,8.646,16.059,LNB-25N
529,8.646,17.033,LNB-32N
529,8.646,18.007,LNB-40N
529,8.646,18.981,LNB-50N
529,8.646,19.956,LNB-63N
529,8.913,23.083,FLC-20
529,8.913,24.057,FLC-25
529,8.748,25.031,FLC-075
529,8.748,26.006,FLC-100
533,-27.436,6.887,RTFN-10B
533,-27.436,6.894,RTFN-12B
533,-27.436,6.901,RTFN-16B
533,-27.436,6.908,RTFN-20B
533,-27.436,6.915,RTFN-25B
533,-27.436,6.922,RTFN-32B
533,-27.436,6.929,RTFN-40B
533,-27.436,6.936,RTFN-50B
533,-27.439,6.956,RTFN-1090B
533,-27.439,6.963,RTFN-1290B
533,-27.439,6.97,RTFN-1690B
533,-27.439,6.977,RTFN-2090B
533,-27.439,6.984,RTFN-2590B
533,-27.439,6.991,RTFN-3290B
533,-27.439,6.998,RTFN-4090B
533,-27.439,7.005,RTFN-5090B
533,-27.439,7.025,RTFN-2045B
533,-27.439,7.032,RTFN-2545B
533,-27.439,7.039,RTFN-3245B
533,-27.439,7.046,RTFN-4045B
533,-27.439,7.053,RTFN-5045B
533,-27.436,7.08,RTFN-PG7
533,-27.398,7.08,PG7 Ramti
533,-27.436,7.087,RTFN-PG9
533,-27.398,7.087,PG9 Ramti
533,-27.438,7.094,RTFN-PG11
533,-27.398,7.094,PG11Ramti
533,-27.438,7.101,RTFN-PG16
533,-27.399,7.101,PG16 Ramti
533,-27.438,7.108,RTFN-PG21
533,-27.399,7.108,PG21 Ramti
533,-27.438,7.115,RTFN-PG29
533,-27.399,7.115,PG29 Ramti
533,-27.438,7.122,RTFN-PG36
533,-27.399,7.122,PG36 Ramti
533,-27.438,7.129,RTFN-PG48
533,-27.399,7.129,PG48 Ramti
534,7.204,4.606,RTFN-PG790
534,12.551,4.606,PG7 Ramti
534,7.205,5.58,RTFN-PG990
534,12.552,5.58,PG9 Ramti
534,7.041,6.555,RTFN-PG1190
534,12.388,6.555,PG11 Ramti
534,7.041,7.529,RTFN-PG1690
534,12.388,7.529,PG16 Ramti
534,7.041,8.503,RTFN-PG2190
534,12.388,8.503,PG21 Ramti
534,7.041,9.477,RTFN-PG2990
534,12.388,9.477,PG29 Ramti
534,7.041,10.452,RTFN-PG3690
534,12.388,10.452,PG36 Ramti
534,7.042,11.426,RTFN-PG4890
534,12.389,11.426,PG48 Ramti
534,7.04,14.199,RTFN-PG1645
534,12.387,14.199,PG16 Ramti
534,7.04,15.173,RTFN-PG2145
534,12.387,15.173,PG21 Ramti
534,7.04,16.147,RTFN-PG2945
534,12.387,16.147,PG29 Ramti
534,7.04,17.122,RTFN-PG3645
534,12.387,17.122,PG36 Ramti
534,7.041,18.096,RTFN-PG4845
534,12.388,18.096,PG48 Ramti
534,7.721,21.776,RTCN-10
534,7.721,22.707,RTCN-12
534,7.721,23.637,RTCN-16
534,7.721,24.568,RTCN-20
534,7.721,25.498,RTCN-25
534,7.721,26.428,RTCN-32
534,7.721,27.359,RTCN-40
534,7.721,28.289,RTCN-50
534,7.737,31.712000000000003,RTTN-20
534,7.737,32.686,RTTN-25
534,7.737,33.66,RTTN-32
534,7.732,36.41,RTYN-12
534,7.733,37.34,RTYN-16
534,7.733,38.271,RTYN-20
534,7.734,39.201,RTYN-25
534,7.737,41.928,RTPN-10
534,7.737,42.858,RTPN-12
534,7.737,43.789,RTPN-16
534,7.737,44.719,RTPN-20
534,7.737,45.649,RTPN-25
534,7.737,46.58,RTPN-32
534,7.737,47.51,RTPN-40
534,7.737,48.441,RTPN-50
535,7.465,3.438,RTMN-10B
535,7.465,4.413,RTMN-12B
535,7.464,5.387,RTMN-16B
535,7.464,6.361,RTMN-20B
535,7.463,7.335000000000001,RTMN-25B
535,7.462,8.31,RTMN-32B
535,7.462,9.284,RTMN-40B
535,7.462,10.258,RTMN-50B
535,7.578,13.563,RTLN-10B
535,7.578,14.537,RTLN-12B
535,7.577,15.511,RTLN-16B
535,7.576,16.485,RTLN-20B
535,7.576,17.46,RTLN-25B
535,7.575,18.434,RTLN-32B
535,7.575,19.408,RTLN-40B
535,7.575,20.382,RTLN-50B
535,7.371,25.336,RTLN-PG7B
535,14.814,25.336,PG7 Nylon LockNut
535,7.371,26.31,RTLN-PG9B
535,14.814,26.31,PG9 Nylon LockNut
535,7.207,27.285,RTLN-PG11B
535,14.65,27.285,PG11 Nylon LockNut
535,7.207,28.259,RTLN-PG16B
535,14.65,28.259,PG16 Nylon LockNut
535,7.207,29.233,RTLN-PG21B
535,14.65,29.233,PG21 Nylon LockNut
535,7.207,30.207,RTLN-PG29B
535,14.65,30.207,PG29 Nylon LockNut
535,7.207,31.182,RTLN-PG36B
535,14.65,31.182,PG36 Nylon LockNut
535,7.207,32.156,RTLN-PG48B
535,14.65,32.156,PG48 Nylon LockNut
535,7.798,35.46,RTES-12
535,7.798,36.435,RTES-16
535,7.798,37.409,RTES-20
535,7.798,38.383,RTES-25
535,7.798,39.357,RTES-32
535,7.798,40.332,RTES-40
535,7.798,41.306,RTES-50
537,2.641,33.075,LS4A1A
537,7.203,33.075,LS4YAC1A
537,12.378,33.075,BX4A3K
537,17.04,33.924,LSZ52A or
537,17.371,34.599,LSZ52B
537,21.936,33.924,LSZ52C or
537,22.242,34.599,LSZ52D
537,27.098,34.262,LSZ54M
537,32.11,34.262,LSZ62S
537,2.64,35.448,LS4A2B
537,7.202,35.448,LS4YAC2B
537,12.428,35.448,BX4A4L
537,26.549,36.61,Adjustable 5.5
538,2.813,19.497,LS4D1A
538,7.67,19.497,LS4F1A
538,12.441,19.497,LS4C1A
538,17.27,19.497,LS4E1A
538,2.81,21.721,LS4D2B
538,7.668,21.721,LS4F2B
538,12.438,21.721,LS4C2B
538,17.267,21.721,LS4E2B
538,4.168,24.446,LS4A1A
538,4.165,25.371,LS4A2B
538,4.19,26.296,LS4P1A
538,4.187,27.222,LS4P2B
538,4.058,28.147,LS4M6D
538,4.14,29.072,LS4N1A
538,4.137,29.997,LS4N2B
538,4.181,30.923,LS4R1A
538,4.14,31.848,LS4H1A
538,4.139,32.773,LS4D1A
538,4.136,33.699,LS4D2B
538,4.139,34.624,LS4D1A
538,4.162,35.549,LS4C1A
538,4.16,36.475,LS4C2B
538,4.193,37.4,LS4F1A
538,4.19,38.325,LS4F2B
538,4.193,39.251,LS4F1A
538,4.189,40.176,LS4E1A
538,4.187,41.101,LS4E2B
538,3.702,46.653,LS4K1A-8C
538,3.709,47.578,LS4K2B-8C
539,4.054,19.702,2CPSC1A1
539,3.878,21.739,2CPSC1A1A
539,4.054,23.776,2CPSC1A2
539,4.054,25.813,2CPSC1A3
539,3.878,27.85,2CPSC1A2A
539,3.878,29.886,2CPSC1A3A
540,1.108,1.5579999999999998,2CPS APPLICATION INFORMATION
540,4.019,33.749,CLSZC2
540,4.019,34.943,CLSZC3
540,4.019,36.137,CLSZC5
540,4.019,37.331,CLSZC7
540,4.021,40.914,CPSZ1E
540,4.033,42.108,CPSZ1S
540,4.005,45.094,CPSZK1
543,10.451,11.214,1.3 - 3.0
543,10.45,12.1,2.5 - 5.0
543,10.29,12.986,4.0 - 10.0
543,6.291,14.17,PA-3/PAZ3
543,10.29,14.17,8.0 - 16.0
543,13.288,34.0,1.3 - 3.0
543,25.686,34.0,9 - 48
543,31.735,34.0,1 - 30
543,13.288,34.886,2.0 - 4.0
543,19.337,34.886,0.5 - 2.5
543,25.686,34.886,9 - 48
543,31.735,34.886,1 - 30
543,13.288,35.772,2.5 - 5.0
543,19.173,35.772,0.75 - 4.0
543,25.685,35.772,9 - 48
543,31.735,35.772,1 - 30
543,13.122,36.658,4.0 - 10.0
543,19.172,36.658,2.5 - 10.0
543,25.685,36.658,9 - 48
543,31.734,36.658,1 - 30
543,6.891,37.544,PA-3/PAZ3
543,13.122,37.544,8.0 - 16.0
543,19.008,37.544,16.0 - 70.0
543,25.685,37.544,9 - 48
543,31.735,37.544,1 - 30
543,9.9,47.695,SP8600
544,9.255,7.853,2.4 - 3.0
544,9.255,8.738,3.0 - 4.0
544,9.254,9.624,4.0 - 5.0
544,9.253,10.51,5.0 - 6.2
544,6.524,30.043,PC-10/PCZ10
544,13.288,30.043,2.4 - 3.0
544,19.338,30.043,0.5 - 1.5
544,25.521,30.043,9 - 100
544,31.735,30.043,1 - 30
544,6.524,30.929,PC-20/PCZ20
544,13.288,30.929,3.0 - 4.0
544,19.337,30.929,1.5 - 2.5
544,25.521,30.929,9 - 100
544,31.735,30.929,1 - 30
544,6.523,31.814,PC-30/PCZ30
544,13.287,31.814,4.0 - 5.0
544,19.337,31.814,2.5 - 4.0
544,25.52,31.814,9 - 100
544,31.734,31.814,1 - 30
544,6.522,32.7,PC-40/PCZ40
544,13.287,32.7,5.0 - 6.2
544,19.336,32.7,4.0 - 6.0
544,25.52,32.7,9 - 100
544,31.734,32.7,1 - 30
544,13.286,33.586,6.0 - 7.2
544,31.734,33.586,1 - 30
545,-27.95,7.853,2.4 - 3.0
545,-27.95,8.738,3.0 - 4.0
545,-27.951,9.624,4.0 - 5.0
545,-27.951,10.51,5.0 - 6.2
545,-30.681,30.043,PC-10/PCZ10
545,-23.916,30.043,2.4 - 3.0
545,-17.867,30.043,0.5 - 1.5
545,-11.683,30.043,9 - 100
545,-5.469,30.043,1 - 30
545,-30.681,30.929,PC-20/PCZ20
545,-23.917,30.929,3.0 - 4.0
545,-17.867,30.929,1.5 - 2.5
545,-11.684,30.929,9 - 100
545,-5.47,30.929,1 - 30
545,-30.682,31.814,PC-30/PCZ30
545,-23.918,31.814,4.0 - 5.0
545,-17.868,31.814,2.5 - 4.0
545,-11.684,31.814,9 - 100
545,-5.47,31.814,1 - 30
545,-30.682,32.7,PC-40/PCZ40
545,-23.918,32.7,5.0 - 6.2
545,-17.868,32.7,4.0 - 6.0
545,-11.685,32.7,9 - 100
545,-5.471,32.7,1 - 30
545,-23.919,33.586,6.0 - 7.2
545,-5.471,33.586,1 - 30
545,7.374,7.946,PCT 10
545,7.374,8.832,PCT 20
545,7.374,9.718,PCT 30
545,7.374,10.604,PCT 40
545,13.288,11.489,6.0 - 7.2
545,31.736,11.489,1 - 30
545,5.49,21.64,MK10-EOS2
545,9.302,21.64,MK10-EOS5
546,5.663,8.078,PO/POZ-01
546,9.867,8.078,1.3 / 1.8
546,5.663,8.964,PO/POZ-02
546,9.867,8.964,1.7 / 2.2
546,5.663,9.85,PO/POZ-03
546,9.867,9.85,2.0 / 2.5
546,5.663,10.736,PO/POZ-04
546,9.867,10.736,2.2 / 2.8
546,5.663,11.622,PO/POZ-05
546,9.867,11.622,2.7 / 3.5
546,5.663,12.508,PO/POZ-06
546,9.867,12.508,3.2 / 4.0
546,5.784,14.279,P0-068TW
546,9.867,14.279,6.8 / 7.0
546,5.585,16.051,PO/ POZ-07
546,9.867,16.051,3.8 / 4.7
546,5.585,16.937,PO/ POZ-08
546,9.867,16.937,4.6 / 5.5
546,5.585,17.823,PO/ POZ-09
546,9.944,17.823,5.6 /7.0
546,5.584,18.709,PO/ POZ-10
546,9.866,18.709,6.5 / 8.0
546,5.584,19.595,PO/ POZ-11
546,9.866,19.595,7.0 / 9.5
546,5.584,20.481,PO/ POZ-12
546,9.701,20.481,7.5 / 10.0
546,5.584,21.367,PO/ POZ-14
546,9.701,21.367,9.5 / 12.0
546,5.584,22.253,PO/ POZ-16
546,9.537,22.253,11.5 / 14.0
546,5.584,23.139,PO/ POZ-18
546,9.537,23.139,13.5 / 16.0
546,5.585,24.025,PO/ POZ-20
546,9.538,24.025,15.5 / 18.0
546,5.586,24.911,PO/ POZ-22
546,9.538,24.911,17.5 / 20.0
546,5.586,25.797,PO/ POZ-24
546,9.539,25.797,19.5 / 22.0
546,5.587,26.683,PO/ POZ-26
546,9.539,26.683,21.5 / 24.0
546,5.587,27.568,PO/ POZ-28
546,9.54,27.568,24.0 / 28.0
546,9.089,38.055,MK10 printers
546,13.713,37.717,SP8600
547,5.933,9.296,PHZ / PHZF20024
547,20.624,9.296,3 / 32
547,24.658,9.296,3 / 64
547,28.363,9.296,25 / 150
547,32.397,9.296,25 / 100
547,5.933,10.182,PHZ / PHZF20032
547,24.659,10.182,1 / 16
547,28.364,10.182,25 / 150
547,32.398,10.182,25 / 100
547,5.934,11.068,PHZ / PHZF20048
547,20.625,11.068,3 / 16
547,24.659,11.068,3 / 32
547,28.364,11.068,25 / 150
547,32.399,11.068,25 / 100
547,5.935,11.954,PHZ / PHZF20064
547,28.365,11.954,25 / 150
547,32.399,11.954,25 / 100
547,5.935,12.839,PHZ / PHZF20095
547,24.66,12.839,3 / 16
547,5.936,13.725,PHZ / PHZF20127
547,5.936,14.611,PHZ / PHZF20190
547,5.937,15.497,PHZ / PHZF20254
547,5.939,16.383,PHZ / PHZF20381
547,20.562,16.383,1.1 / 2
547,6.925,17.269,PHZ20510
547,6.765,18.155,PHZF20504
547,9.089,28.643,MK10 printers
548,7.952999999999999,25.856,PK-20Q
548,7.880000000000001,26.663,PKZ20Q
548,6.97,29.737,PK-20Q18
548,6.97,30.623,PK-20Q25
548,12.946,30.623,PKZ20Q25
548,6.97,31.509,PK-20Q40
548,12.947,31.509,PKZ20Q40
548,6.971,32.395,PK-20Q60
548,6.971,33.281,PK-20Q80
548,6.807,34.167,PK-20Q100
548,13.797,35.88,PKZ 2 profi
548,7.624,36.687,PK-20Q10
548,14.722,36.687,PKZ 2 profi
548,9.406,46.462,EOS and MK10
549,9.321,3.521,PO-068
549,6.415,7.403,P0-068TW
549,11.758,7.403,6.8 / 7.0
549,11.758,8.289,6.8 / 7.0
549,9.406,18.102,EOS and MK10
549,9.097,23.62,PO-068Q
549,9.262,24.427,PO-06Q
549,7.672,27.502,PO-06Q10
549,7.896000000000001,28.373,P0-068Q
549,9.406,38.172,EOS and MK10
550,6.064,37.166,ACM1360
550,6.064,38.022,ACM1390
550,6.064,38.878,ACM2090
551,6.469,7.576,PKS10040
551,6.469,8.432,PKS10060
551,6.469,9.288,PKS10080
551,6.469,10.144,PKS10100
551,6.469,11.0,PKS10120
551,6.469,11.856,PKS10150
551,28.582,32.645,3.8 / 6.0
551,28.582,33.72,3.8 / 6.0
551,28.582,34.576,3.8 / 6.0
551,28.582,35.433,3.8 / 6.0
551,28.582,36.289,3.8 / 6.0
552,6.087,7.991,PKS10040
552,6.087,8.848,PKS10060
552,6.086,9.704,PKS10080
552,6.086,10.561,PKS10100
552,6.087,11.417,PKS10120
552,6.087,12.273,PKS10150
552,6.31,26.9,PKH070
552,6.002,32.895,POH18110
552,6.002,33.751,POH30152
553,5.593,38.69,EOS and MK10
554,10.284,19.981,EOS and MK10
554,6.135,29.878,PFA20018KT
555,5.593,17.979,EOS and MK10
555,5.593,40.814,EOS and MK10
556,29.407,8.253,100 pcs
556,5.959,10.911,PM-20Q
556,5.959,11.797,PM-24Q
556,15.765999999999998,27.705,2.4 - 3.0
556,15.765999999999998,28.591,3.0 - 4.0
556,15.765999999999998,29.477,4.0 - 5.0
556,15.765999999999998,30.363,5.0 - 6.2
556,15.765999999999998,31.249,6.2 - 7.2
557,9.754,9.363,1.3 - 3.0
557,9.755,10.249,2.5 - 5.0
557,9.591,11.135,4.0 - 10.0
557,9.592,12.021,8.0 - 16.0
557,9.427,12.907,14.0 - 22.0
557,9.754,16.34,1.3 - 3.0
557,9.754,17.226,2.5 - 5.0
557,9.754,20.659,1.3 - 3.0
557,9.755,21.545,2.5 - 5.0
557,9.591,22.431,4.0 - 10.0
558,10.284,17.935,EOS and MK10
558,7.939,28.054,PFC042
558,7.609,28.94,PFC07533
558,7.609,29.826,PFC09518
558,7.938000000000001,30.712,PFC095
558,26.004,30.712,40 / 80
558,7.609,31.598,PFC07014
558,7.609,32.484,PFC12726
558,7.609,33.369,PFC45080
559,-26.921,17.935,EOS and MK10
559,-29.266,28.054,PFC042
559,-29.595,28.94,PFC07533
559,-29.595,29.826,PFC09518
559,-29.267,30.712,PFC095
559,-11.201,30.712,40 / 80
559,-29.596,31.598,PFC07014
559,-29.596,32.484,PFC12726
559,-29.596,33.369,PFC45080
559,5.825,8.474,PF-10015
559,5.825,9.36,PF-10021
559,5.825,10.246,PF-20018
559,5.825,11.132,PF-07533
559,10.204,11.132,7.6 - 7.8
559,5.757,12.018,PFA20018
560,5.242,2.577,PROMARK T-2000
560,5.951,10.457,PROMARK T-2000 Printer
560,5.951,15.890999999999998,PO-05 profi
560,5.786,26.539,T2000-PWL
560,9.845,26.539,T2000-PL
560,13.673,26.539,PO-068Q
560,6.232,30.957,PO-068
560,13.789,30.957,PKZ20Q
560,27.013,12.531,1000 cards/hour
561,9.878,26.788,PAD-3T
561,9.878,28.56,PAD-4T
561,9.878,30.332,PAD-5T
561,6.866,38.309,PSK55000 - PA1
561,6.866,39.791,PSK55000 - PA2
561,6.702,41.274,PSK55000 - PA02
561,6.858,43.093,PSK55000 - PK2
561,12.801,43.768,PKB25100A0 cable ti
561,6.871,45.25,PSK55000 - PKS
561,12.801,45.925,holders PKS10100FQS
562,32.376,8.833,3-PHASE
562,10.253,10.183,MDH2002S
562,14.726,10.183,MDH2002
562,23.654,10.183,MD-02S
562,27.2,10.183,MD-02SCC.09
562,10.253,11.039,MDH2010S
562,14.726,11.039,MDH2010
562,23.654,11.039,MD-10S
562,27.2,11.039,MD-10SCC.09
562,31.880000000000003,11.039,MD-10FMS
562,7.92,18.577,CAS-600
562,7.801,19.433,CAS-5OO
562,8.022,20.289,PAM-02
562,8.022,21.145,PAM-10
563,-4.828,8.833,3-PHASE
563,-26.951,10.183,MDH2002S
563,-22.478,10.183,MDH2002
563,-13.55,10.183,MD-02S
563,-10.005,10.183,MD-02SCC.09
563,-26.951,11.039,MDH2010S
563,-22.478,11.039,MDH2010
563,-13.55,11.039,MD-10S
563,-10.005,11.039,MD-10SCC.09
563,-5.325,11.039,MD-10FMS
563,-29.285,18.577,CAS-600
563,-29.404,19.433,CAS-5OO
563,-29.183,20.289,PAM-02
563,-29.183,21.145,PAM-10
564,3.158,27.198,NFPA 70E 2018
564,39.053,15.262,from 40-
564,38.628,15.861999999999998,600VAC and
564,42.645,9.858,R-3F2-L24
564,48.962,14.801,for R-3W2
564,42.317,20.798,R-3MT-KIT-H
564,42.724,22.94,R-1VL003
564,42.588,26.122,R-3W2MT-
564,42.665,28.585,P-S11S21-
564,66.748,31.78,R-3W2MT-LMH
564,40.933,37.113,R-3F2-L48
564,58.243,37.113,R-3MT-KIT-H
564,66.663,37.113,P-S11S21-M3RX
564,63.109,42.446,R-1VL003
565,1.848,15.262,from 40-
565,1.423,15.861999999999998,600VAC and
565,5.44,9.858,R-3F2-L24
565,11.757,14.801,for R-3W2
565,5.112,20.798,R-3MT-KIT-H
565,5.519,22.94,R-1VL003
565,5.383,26.122,R-3W2MT-
565,5.46,28.585,P-S11S21-
565,29.544,31.78,R-3W2MT-LMH
565,3.729,37.113,R-3F2-L48
565,21.039,37.113,R-3MT-KIT-H
565,29.459,37.113,P-S11S21-M3RX
565,25.905,42.446,R-1VL003
568,36.06,50.894,D-00000-20260612
